Tue Feb  4 19:52:06 2025,181
Tue Feb  4 19:54:09 2025,181
Tue Feb  4 19:55:06 2025,178
Tue Feb  4 19:56:06 2025,179
Tue Feb  4 19:57:06 2025,179
Tue Feb  4 19:58:06 2025,176
Tue Feb  4 19:59:06 2025,179
Tue Feb  4 20:00:07 2025,-
Tue Feb  4 20:01:06 2025,179
Tue Feb  4 20:02:06 2025,179
Tue Feb  4 20:03:06 2025,181
Tue Feb  4 20:04:06 2025,184
Tue Feb  4 20:05:06 2025,185
Tue Feb  4 20:06:06 2025,184
Tue Feb  4 20:07:06 2025,182
Tue Feb  4 20:08:06 2025,184
Tue Feb  4 20:09:06 2025,185
Tue Feb  4 20:10:06 2025,184
Tue Feb  4 20:11:06 2025,180
Tue Feb  4 20:12:06 2025,173
Tue Feb  4 20:13:06 2025,174
Tue Feb  4 20:14:07 2025,173
Tue Feb  4 20:15:06 2025,171
Tue Feb  4 20:16:06 2025,169
Tue Feb  4 20:17:06 2025,165
Tue Feb  4 20:18:06 2025,165
Tue Feb  4 20:19:06 2025,162
Tue Feb  4 20:20:06 2025,164
Tue Feb  4 20:21:06 2025,165
Tue Feb  4 20:22:06 2025,167
Tue Feb  4 20:23:06 2025,164
Tue Feb  4 20:24:06 2025,166
Tue Feb  4 20:25:06 2025,164
Tue Feb  4 20:26:06 2025,165
Tue Feb  4 20:27:06 2025,166
Tue Feb  4 20:28:06 2025,168
Tue Feb  4 20:29:06 2025,170
Tue Feb  4 20:30:07 2025,170
Tue Feb  4 20:31:06 2025,172
Tue Feb  4 20:32:06 2025,173
Tue Feb  4 20:33:06 2025,170
Tue Feb  4 20:34:06 2025,165
Tue Feb  4 20:35:06 2025,164
Tue Feb  4 20:36:06 2025,161
Tue Feb  4 20:37:06 2025,157
Tue Feb  4 20:38:06 2025,155
Tue Feb  4 20:39:06 2025,151
Tue Feb  4 20:40:06 2025,148
Tue Feb  4 20:43:34 2025,144
Tue Feb  4 20:44:06 2025,143
Tue Feb  4 20:45:06 2025,143
Tue Feb  4 20:46:06 2025,142
Tue Feb  4 20:47:06 2025,139
Tue Feb  4 20:48:07 2025,-
Tue Feb  4 20:49:06 2025,137
Tue Feb  4 20:50:07 2025,136
Tue Feb  4 20:51:06 2025,136
Tue Feb  4 20:52:06 2025,136
Tue Feb  4 20:53:06 2025,133
Tue Feb  4 20:54:06 2025,134
Tue Feb  4 20:55:06 2025,133
Tue Feb  4 20:56:06 2025,136
Tue Feb  4 20:57:06 2025,135
Tue Feb  4 21:04:06 2025,135
Tue Feb  4 21:05:07 2025,133
Tue Feb  4 21:06:07 2025,128
Tue Feb  4 21:07:06 2025,125
Tue Feb  4 21:08:06 2025,122
Tue Feb  4 21:09:06 2025,118
Tue Feb  4 21:10:07 2025,119
Tue Feb  4 21:11:06 2025,112
Tue Feb  4 21:12:06 2025,110
Tue Feb  4 21:13:06 2025,108
Tue Feb  4 21:14:06 2025,102
Tue Feb  4 21:15:07 2025,96
Tue Feb  4 21:16:06 2025,92
Tue Feb  4 21:17:06 2025,91
Tue Feb  4 21:18:06 2025,89
Tue Feb  4 21:19:06 2025,89
Tue Feb  4 21:20:06 2025,87
Tue Feb  4 21:21:06 2025,88
Tue Feb  4 21:22:06 2025,85
Tue Feb  4 21:23:06 2025,86
Tue Feb  4 21:24:06 2025,87
Tue Feb  4 21:25:06 2025,83
Tue Feb  4 21:26:06 2025,83
Tue Feb  4 21:27:06 2025,81
Tue Feb  4 21:28:06 2025,78
Tue Feb  4 21:29:06 2025,78
Tue Feb  4 21:30:06 2025,75
Tue Feb  4 21:52:08 2025,42
Tue Feb  4 21:53:06 2025,40
Tue Feb  4 21:54:06 2025,37
Tue Feb  4 21:55:06 2025,30
Tue Feb  4 21:56:06 2025,27
Tue Feb  4 21:57:06 2025,25
Tue Feb  4 21:58:06 2025,23
Tue Feb  4 21:59:06 2025,21
Tue Feb  4 22:00:06 2025,-
Tue Feb  4 22:01:06 2025,15
Tue Feb  4 22:02:06 2025,13
Tue Feb  4 22:03:06 2025,8
Tue Feb  4 22:04:06 2025,6
Tue Feb  4 22:05:06 2025,4
Tue Feb  4 22:06:06 2025,2
Tue Feb  4 22:07:06 2025,0
Tue Feb  4 22:08:06 2025,0
Tue Feb  4 22:09:09 2025,0
Tue Feb  4 22:10:06 2025,1
Tue Feb  4 22:11:06 2025,0
Tue Feb  4 22:12:06 2025,0
Tue Feb  4 22:13:06 2025,0
Tue Feb  4 22:14:06 2025,0
Tue Feb  4 22:15:06 2025,0
Tue Feb  4 22:16:06 2025,0
Tue Feb  4 22:17:06 2025,0
Tue Feb  4 22:18:06 2025,0
Tue Feb  4 22:19:06 2025,0
Tue Feb  4 22:20:06 2025,1
Tue Feb  4 22:21:06 2025,0
Tue Feb  4 22:22:06 2025,0
Tue Feb  4 22:23:06 2025,0
Tue Feb  4 22:24:06 2025,0
Tue Feb  4 22:25:06 2025,0
Tue Feb  4 22:26:06 2025,0
Tue Feb  4 22:27:06 2025,0
Tue Feb  4 22:28:06 2025,0
Tue Feb  4 22:29:06 2025,0
Tue Feb  4 22:30:07 2025,0
Tue Feb  4 22:31:06 2025,0
Tue Feb  4 22:32:06 2025,0
Tue Feb  4 22:33:06 2025,0
Tue Feb  4 22:34:06 2025,0
Tue Feb  4 22:35:07 2025,0
Tue Feb  4 22:36:06 2025,0
Tue Feb  4 22:37:06 2025,0
Tue Feb  4 22:38:06 2025,0
Tue Feb  4 22:39:06 2025,0
Tue Feb  4 22:40:06 2025,0
Tue Feb  4 22:41:08 2025,0
Tue Feb  4 22:42:06 2025,1
Tue Feb  4 22:43:06 2025,0
Tue Feb  4 22:44:06 2025,0
Tue Feb  4 22:45:06 2025,0
Tue Feb  4 22:46:06 2025,0
Tue Feb  4 22:47:06 2025,0
Tue Feb  4 22:48:06 2025,0
Tue Feb  4 22:49:06 2025,0
Tue Feb  4 22:50:06 2025,0
Tue Feb  4 22:51:06 2025,0
Tue Feb  4 22:52:06 2025,0
Tue Feb  4 22:53:06 2025,0
Tue Feb  4 22:54:06 2025,0
Tue Feb  4 22:55:06 2025,0
Tue Feb  4 22:56:06 2025,0
Tue Feb  4 22:57:06 2025,0
Tue Feb  4 22:58:06 2025,0
Tue Feb  4 22:59:06 2025,-
Tue Feb  4 23:00:06 2025,-
Tue Feb  4 23:01:06 2025,0
Tue Feb  4 23:02:06 2025,0
Tue Feb  4 23:03:06 2025,0
Tue Feb  4 23:04:06 2025,0
Tue Feb  4 23:05:06 2025,0
Tue Feb  4 23:06:06 2025,0
Tue Feb  4 23:07:06 2025,0
Tue Feb  4 23:08:06 2025,0
Tue Feb  4 23:09:06 2025,0
Tue Feb  4 23:10:06 2025,0
Tue Feb  4 23:11:06 2025,0
Tue Feb  4 23:12:06 2025,0
Tue Feb  4 23:13:06 2025,0
Tue Feb  4 23:14:06 2025,0
Tue Feb  4 23:15:06 2025,0
Tue Feb  4 23:16:06 2025,0
Tue Feb  4 23:17:06 2025,0
Tue Feb  4 23:18:07 2025,0
Tue Feb  4 23:19:06 2025,0
Tue Feb  4 23:20:06 2025,0
Tue Feb  4 23:21:06 2025,0
Tue Feb  4 23:22:06 2025,0
Tue Feb  4 23:23:06 2025,0
Tue Feb  4 23:24:06 2025,0
Tue Feb  4 23:25:06 2025,0
Tue Feb  4 23:26:06 2025,0
Tue Feb  4 23:27:06 2025,0
Wed Feb  5 00:55:10 2025,0
Wed Feb  5 03:15:08 2025,0
Wed Feb  5 06:00:55 2025,2
Wed Feb  5 06:35:45 2025,69
Wed Feb  5 07:43:59 2025,141
Wed Feb  5 08:00:21 2025,138
Wed Feb  5 10:29:39 2025,137
Wed Feb  5 10:54:32 2025,127
Wed Feb  5 10:55:06 2025,127
Wed Feb  5 10:56:06 2025,127
Wed Feb  5 10:57:06 2025,127
Wed Feb  5 10:58:06 2025,127
Wed Feb  5 10:59:06 2025,127
Wed Feb  5 11:00:06 2025,-
Wed Feb  5 11:01:06 2025,128
Wed Feb  5 11:02:06 2025,130
Wed Feb  5 11:03:06 2025,129
Wed Feb  5 11:04:06 2025,130
Wed Feb  5 11:05:06 2025,129
Wed Feb  5 11:06:06 2025,131
Wed Feb  5 11:07:06 2025,140
Wed Feb  5 11:08:06 2025,144
Wed Feb  5 11:09:06 2025,131
Wed Feb  5 11:10:06 2025,130
Wed Feb  5 11:11:06 2025,128
Wed Feb  5 11:12:06 2025,126
Wed Feb  5 11:13:06 2025,126
Wed Feb  5 11:14:06 2025,126
Wed Feb  5 11:15:06 2025,126
Wed Feb  5 11:16:06 2025,125
Wed Feb  5 11:17:06 2025,124
Wed Feb  5 11:18:06 2025,125
Wed Feb  5 11:19:06 2025,125
Wed Feb  5 11:20:06 2025,131
Wed Feb  5 11:21:06 2025,129
Wed Feb  5 11:22:06 2025,114
Wed Feb  5 11:23:07 2025,115
Wed Feb  5 11:24:06 2025,115
Wed Feb  5 11:25:06 2025,119
Wed Feb  5 11:26:08 2025,117
Wed Feb  5 11:27:06 2025,119
Wed Feb  5 11:28:06 2025,119
Wed Feb  5 11:29:06 2025,119
Wed Feb  5 11:30:08 2025,117
Wed Feb  5 11:31:11 2025,117
Wed Feb  5 11:32:06 2025,117
Wed Feb  5 11:33:06 2025,118
Wed Feb  5 11:34:06 2025,118
Wed Feb  5 11:35:07 2025,117
Wed Feb  5 11:36:06 2025,118
Wed Feb  5 11:37:06 2025,123
Wed Feb  5 11:38:06 2025,124
Wed Feb  5 11:39:06 2025,126
Wed Feb  5 11:40:06 2025,126
Wed Feb  5 11:41:06 2025,124
Wed Feb  5 11:42:07 2025,122
Wed Feb  5 11:43:06 2025,123
Wed Feb  5 11:44:06 2025,121
Wed Feb  5 11:45:06 2025,123
Wed Feb  5 11:46:06 2025,122
Wed Feb  5 11:47:06 2025,125
Wed Feb  5 11:48:06 2025,127
Wed Feb  5 11:49:06 2025,131
Wed Feb  5 11:50:06 2025,134
Wed Feb  5 11:51:06 2025,133
Wed Feb  5 11:52:06 2025,130
Wed Feb  5 11:53:06 2025,128
Wed Feb  5 11:54:06 2025,129
Wed Feb  5 11:55:06 2025,131
Wed Feb  5 11:56:07 2025,133
Wed Feb  5 11:57:06 2025,135
Wed Feb  5 11:58:06 2025,133
Wed Feb  5 11:59:06 2025,137
Wed Feb  5 12:00:07 2025,-
Wed Feb  5 12:01:06 2025,138
Wed Feb  5 12:02:06 2025,137
Wed Feb  5 12:03:11 2025,139
Wed Feb  5 12:04:06 2025,141
Wed Feb  5 12:05:06 2025,139
Wed Feb  5 12:06:06 2025,139
Wed Feb  5 12:07:06 2025,138
Wed Feb  5 12:08:06 2025,141
Wed Feb  5 12:09:06 2025,142
Wed Feb  5 12:10:06 2025,123
Wed Feb  5 12:11:06 2025,123
Wed Feb  5 12:12:06 2025,126
Wed Feb  5 12:13:06 2025,126
Wed Feb  5 12:14:06 2025,130
Wed Feb  5 12:15:06 2025,127
Wed Feb  5 12:16:06 2025,130
Wed Feb  5 12:17:06 2025,132
Wed Feb  5 12:18:06 2025,130
Wed Feb  5 12:19:07 2025,127
Wed Feb  5 12:20:06 2025,128
Wed Feb  5 12:21:06 2025,127
Wed Feb  5 12:22:06 2025,127
Wed Feb  5 12:23:06 2025,128
Wed Feb  5 13:01:56 2025,119
Wed Feb  5 13:02:06 2025,117
Wed Feb  5 13:04:59 2025,112
Wed Feb  5 13:05:06 2025,109
Wed Feb  5 13:06:06 2025,107
Wed Feb  5 13:07:06 2025,110
Wed Feb  5 13:08:06 2025,109
Wed Feb  5 13:09:06 2025,105
Wed Feb  5 13:10:06 2025,105
Wed Feb  5 13:11:06 2025,104
Wed Feb  5 13:12:06 2025,105
Wed Feb  5 13:13:07 2025,106
Wed Feb  5 13:14:06 2025,106
Wed Feb  5 13:15:06 2025,103
Wed Feb  5 13:16:06 2025,107
Wed Feb  5 13:17:06 2025,107
Wed Feb  5 13:18:06 2025,108
Wed Feb  5 13:19:07 2025,106
Wed Feb  5 13:20:06 2025,106
Wed Feb  5 13:21:06 2025,103
Wed Feb  5 13:22:10 2025,104
Wed Feb  5 13:23:06 2025,102
Wed Feb  5 13:24:06 2025,101
Wed Feb  5 13:25:06 2025,98
Wed Feb  5 13:26:06 2025,97
Wed Feb  5 13:27:06 2025,96
Wed Feb  5 13:28:06 2025,94
Wed Feb  5 13:29:06 2025,95
Wed Feb  5 13:30:06 2025,95
Wed Feb  5 13:31:06 2025,93
Wed Feb  5 13:32:06 2025,97
Wed Feb  5 13:33:10 2025,94
Wed Feb  5 13:34:06 2025,97
Wed Feb  5 13:35:06 2025,93
Wed Feb  5 13:36:06 2025,95
Wed Feb  5 13:37:06 2025,93
Wed Feb  5 13:38:06 2025,93
Wed Feb  5 14:10:31 2025,112
Wed Feb  5 14:11:06 2025,112
Wed Feb  5 14:12:06 2025,114
Wed Feb  5 14:13:06 2025,112
Wed Feb  5 14:14:06 2025,112
Wed Feb  5 14:15:06 2025,111
Wed Feb  5 14:16:06 2025,115
Wed Feb  5 14:17:06 2025,116
Wed Feb  5 14:18:06 2025,113
Wed Feb  5 14:19:06 2025,115
Wed Feb  5 14:20:06 2025,114
Wed Feb  5 14:21:06 2025,113
Wed Feb  5 14:22:06 2025,116
Wed Feb  5 14:23:07 2025,117
Wed Feb  5 14:24:06 2025,116
Wed Feb  5 14:25:06 2025,118
Wed Feb  5 14:26:07 2025,117
Wed Feb  5 14:27:06 2025,115
Wed Feb  5 14:28:06 2025,113
Wed Feb  5 14:29:06 2025,112
Wed Feb  5 14:30:06 2025,111
Wed Feb  5 14:31:10 2025,108
Wed Feb  5 14:32:06 2025,108
Wed Feb  5 14:33:06 2025,110
Wed Feb  5 14:34:06 2025,114
Wed Feb  5 14:35:07 2025,116
Wed Feb  5 14:36:06 2025,111
Wed Feb  5 22:55:51 2025,0
Wed Feb  5 22:56:06 2025,0
Wed Feb  5 22:57:06 2025,0
Wed Feb  5 22:58:06 2025,0
Wed Feb  5 22:59:06 2025,0
Wed Feb  5 23:00:08 2025,-
Wed Feb  5 23:01:06 2025,0
Wed Feb  5 23:02:06 2025,0
Wed Feb  5 23:03:06 2025,0
Wed Feb  5 23:04:06 2025,0
Wed Feb  5 23:05:06 2025,0
Wed Feb  5 23:06:06 2025,1
Wed Feb  5 23:07:06 2025,1
Wed Feb  5 23:08:06 2025,1
Wed Feb  5 23:09:06 2025,1
Wed Feb  5 23:10:06 2025,1
Wed Feb  5 23:11:06 2025,1
Wed Feb  5 23:12:06 2025,1
Wed Feb  5 23:13:06 2025,1
Wed Feb  5 23:14:06 2025,1
Wed Feb  5 23:15:06 2025,1
Wed Feb  5 23:16:06 2025,1
Wed Feb  5 23:17:06 2025,1
Wed Feb  5 23:18:06 2025,1
Wed Feb  5 23:19:06 2025,1
Wed Feb  5 23:20:06 2025,1
Wed Feb  5 23:21:06 2025,1
Wed Feb  5 23:22:10 2025,1
Wed Feb  5 23:23:06 2025,1
Wed Feb  5 23:24:06 2025,1
Wed Feb  5 23:25:07 2025,1
Wed Feb  5 23:26:06 2025,1
Wed Feb  5 23:27:06 2025,1
Wed Feb  5 23:28:06 2025,1
Wed Feb  5 23:29:06 2025,1
Wed Feb  5 23:30:06 2025,1
Wed Feb  5 23:31:06 2025,1
Wed Feb  5 23:32:06 2025,1
Wed Feb  5 23:33:06 2025,1
Wed Feb  5 23:34:06 2025,1
Thu Feb  6 00:57:51 2025,1
Thu Feb  6 01:35:38 2025,1
Thu Feb  6 03:00:24 2025,1
Thu Feb  6 09:00:36 2025,77
Thu Feb  6 09:01:07 2025,78
Thu Feb  6 09:02:06 2025,84
Thu Feb  6 09:03:06 2025,89
Thu Feb  6 09:04:06 2025,88
Thu Feb  6 09:05:06 2025,87
Thu Feb  6 09:06:06 2025,87
Thu Feb  6 09:07:08 2025,88
Thu Feb  6 09:08:06 2025,88
Thu Feb  6 09:09:06 2025,86
Thu Feb  6 09:10:06 2025,86
Thu Feb  6 09:11:06 2025,85
Thu Feb  6 09:12:06 2025,85
Thu Feb  6 09:13:06 2025,85
Thu Feb  6 09:14:06 2025,83
Thu Feb  6 09:15:06 2025,83
Thu Feb  6 09:16:06 2025,85
Thu Feb  6 09:17:06 2025,88
Thu Feb  6 09:18:06 2025,88
Thu Feb  6 09:19:06 2025,88
Thu Feb  6 09:20:06 2025,90
Thu Feb  6 09:21:06 2025,91
Thu Feb  6 09:22:06 2025,93
Thu Feb  6 09:23:06 2025,95
Thu Feb  6 09:24:06 2025,95
Thu Feb  6 09:25:06 2025,96
Thu Feb  6 09:26:06 2025,96
Thu Feb  6 09:27:06 2025,96
Thu Feb  6 09:28:06 2025,97
Thu Feb  6 09:29:06 2025,-
Thu Feb  6 09:30:06 2025,101
Thu Feb  6 09:31:06 2025,99
Thu Feb  6 09:32:06 2025,102
Thu Feb  6 09:33:06 2025,86
Thu Feb  6 09:34:06 2025,88
Thu Feb  6 09:35:06 2025,88
Thu Feb  6 09:36:06 2025,88
Thu Feb  6 09:37:07 2025,88
Thu Feb  6 09:38:06 2025,91
Thu Feb  6 09:39:06 2025,92
Thu Feb  6 09:40:06 2025,93
Thu Feb  6 09:41:06 2025,94
Thu Feb  6 09:42:06 2025,93
Thu Feb  6 09:43:06 2025,94
Thu Feb  6 09:44:06 2025,96
Thu Feb  6 09:45:06 2025,97
Thu Feb  6 09:46:06 2025,95
Thu Feb  6 09:47:07 2025,93
Thu Feb  6 09:48:06 2025,94
Thu Feb  6 09:49:06 2025,95
Thu Feb  6 09:50:06 2025,95
Thu Feb  6 09:51:06 2025,96
Thu Feb  6 09:52:06 2025,96
Thu Feb  6 09:53:06 2025,98
Thu Feb  6 09:54:06 2025,97
Thu Feb  6 09:55:07 2025,97
Thu Feb  6 09:56:06 2025,96
Thu Feb  6 09:58:38 2025,96
Thu Feb  6 09:59:06 2025,96
Thu Feb  6 10:00:06 2025,-
Thu Feb  6 10:01:06 2025,97
Thu Feb  6 10:02:06 2025,94
Thu Feb  6 10:03:06 2025,113
Thu Feb  6 10:04:06 2025,112
Thu Feb  6 10:05:06 2025,112
Thu Feb  6 10:06:06 2025,112
Thu Feb  6 10:07:06 2025,110
Thu Feb  6 10:08:06 2025,113
Thu Feb  6 10:09:06 2025,114
Thu Feb  6 10:10:06 2025,112
Thu Feb  6 10:11:06 2025,112
Thu Feb  6 10:12:06 2025,110
Thu Feb  6 10:13:07 2025,112
Thu Feb  6 10:14:06 2025,112
Thu Feb  6 10:15:06 2025,112
Thu Feb  6 10:16:06 2025,109
Thu Feb  6 10:17:06 2025,109
Thu Feb  6 10:18:06 2025,112
Thu Feb  6 10:19:06 2025,121
Thu Feb  6 10:20:06 2025,119
Thu Feb  6 10:21:06 2025,118
Thu Feb  6 10:22:06 2025,118
Thu Feb  6 10:23:06 2025,118
Thu Feb  6 10:24:06 2025,118
Thu Feb  6 10:25:06 2025,118
Thu Feb  6 10:26:06 2025,120
Thu Feb  6 10:27:06 2025,116
Thu Feb  6 10:28:06 2025,106
Thu Feb  6 10:29:06 2025,-
Thu Feb  6 10:30:06 2025,108
Thu Feb  6 10:31:06 2025,106
Thu Feb  6 10:32:06 2025,106
Thu Feb  6 10:33:06 2025,103
Thu Feb  6 10:34:06 2025,99
Thu Feb  6 10:35:06 2025,98
Thu Feb  6 10:36:06 2025,97
Thu Feb  6 10:37:06 2025,96
Thu Feb  6 10:38:06 2025,98
Thu Feb  6 10:39:06 2025,99
Thu Feb  6 10:40:06 2025,107
Thu Feb  6 10:41:06 2025,110
Thu Feb  6 10:42:06 2025,108
Thu Feb  6 10:43:06 2025,109
Thu Feb  6 10:44:06 2025,109
Thu Feb  6 10:45:06 2025,108
Thu Feb  6 10:46:06 2025,109
Thu Feb  6 10:47:06 2025,107
Thu Feb  6 10:48:06 2025,106
Thu Feb  6 10:49:06 2025,105
Thu Feb  6 10:50:07 2025,106
Thu Feb  6 10:51:06 2025,107
Thu Feb  6 10:52:06 2025,107
Thu Feb  6 10:53:06 2025,106
Thu Feb  6 10:54:06 2025,105
Thu Feb  6 10:55:06 2025,104
Thu Feb  6 10:56:07 2025,104
Thu Feb  6 10:57:06 2025,103
Thu Feb  6 10:58:06 2025,104
Thu Feb  6 10:59:06 2025,107
Thu Feb  6 11:00:06 2025,-
Thu Feb  6 11:01:06 2025,107
Thu Feb  6 11:02:06 2025,108
Thu Feb  6 11:03:06 2025,108
Thu Feb  6 11:04:06 2025,108
Thu Feb  6 11:05:06 2025,109
Thu Feb  6 11:06:06 2025,110
Thu Feb  6 11:07:06 2025,112
Thu Feb  6 11:08:06 2025,111
Thu Feb  6 11:09:06 2025,111
Thu Feb  6 11:10:06 2025,111
Thu Feb  6 11:11:06 2025,114
Thu Feb  6 11:12:06 2025,113
Thu Feb  6 11:13:06 2025,113
Thu Feb  6 11:14:06 2025,113
Thu Feb  6 11:25:09 2025,92
Thu Feb  6 11:26:06 2025,92
Thu Feb  6 11:27:06 2025,93
Thu Feb  6 11:28:06 2025,93
Thu Feb  6 11:29:06 2025,91
Thu Feb  6 11:30:06 2025,93
Thu Feb  6 11:31:06 2025,90
Thu Feb  6 11:32:06 2025,89
Thu Feb  6 11:33:06 2025,84
Thu Feb  6 11:34:06 2025,85
Thu Feb  6 11:35:06 2025,86
Thu Feb  6 11:36:06 2025,87
Thu Feb  6 11:37:06 2025,85
Thu Feb  6 11:38:06 2025,84
Thu Feb  6 11:39:06 2025,86
Thu Feb  6 11:40:06 2025,87
Thu Feb  6 11:41:06 2025,87
Thu Feb  6 11:42:06 2025,84
Thu Feb  6 11:43:06 2025,84
Thu Feb  6 11:44:07 2025,86
Thu Feb  6 11:45:06 2025,87
Thu Feb  6 11:46:06 2025,89
Thu Feb  6 11:47:06 2025,85
Thu Feb  6 11:48:06 2025,-
Thu Feb  6 11:49:06 2025,91
Thu Feb  6 11:50:06 2025,92
Thu Feb  6 11:51:06 2025,-
Thu Feb  6 11:52:06 2025,96
Thu Feb  6 11:53:06 2025,99
Thu Feb  6 11:54:06 2025,101
Thu Feb  6 11:55:06 2025,107
Thu Feb  6 11:56:06 2025,108
Thu Feb  6 11:57:06 2025,107
Thu Feb  6 11:58:06 2025,113
Thu Feb  6 11:59:06 2025,111
Thu Feb  6 12:00:07 2025,-
Thu Feb  6 12:01:06 2025,116
Thu Feb  6 12:02:08 2025,119
Thu Feb  6 12:03:06 2025,119
Thu Feb  6 12:04:06 2025,119
Thu Feb  6 12:05:06 2025,119
Thu Feb  6 12:06:06 2025,119
Thu Feb  6 12:07:06 2025,119
Thu Feb  6 12:08:06 2025,115
Thu Feb  6 12:09:06 2025,110
Thu Feb  6 12:10:06 2025,110
Thu Feb  6 12:11:06 2025,110
Thu Feb  6 12:12:06 2025,110
Thu Feb  6 12:29:17 2025,97
Thu Feb  6 12:45:28 2025,112
Thu Feb  6 12:46:06 2025,115
Thu Feb  6 13:00:34 2025,106
Thu Feb  6 13:01:07 2025,106
Thu Feb  6 13:02:06 2025,104
Thu Feb  6 13:03:06 2025,104
Thu Feb  6 13:04:06 2025,105
Thu Feb  6 13:05:06 2025,103
Thu Feb  6 13:06:06 2025,103
Thu Feb  6 13:07:06 2025,103
Thu Feb  6 13:08:06 2025,101
Thu Feb  6 13:09:06 2025,101
Thu Feb  6 13:10:06 2025,99
Thu Feb  6 13:11:06 2025,95
Thu Feb  6 13:12:06 2025,92
Thu Feb  6 13:13:06 2025,90
Thu Feb  6 13:14:07 2025,91
Thu Feb  6 13:15:06 2025,92
Thu Feb  6 13:16:06 2025,92
Thu Feb  6 13:17:06 2025,93
Thu Feb  6 13:18:06 2025,92
Thu Feb  6 13:19:06 2025,88
Thu Feb  6 13:20:06 2025,91
Thu Feb  6 13:21:06 2025,92
Thu Feb  6 13:22:06 2025,90
Thu Feb  6 13:23:06 2025,90
Thu Feb  6 13:24:06 2025,89
Thu Feb  6 13:25:07 2025,89
Thu Feb  6 13:26:06 2025,92
Thu Feb  6 13:27:06 2025,92
Thu Feb  6 13:28:06 2025,92
Thu Feb  6 13:29:06 2025,94
Thu Feb  6 13:30:06 2025,93
Thu Feb  6 13:31:06 2025,94
Thu Feb  6 13:32:06 2025,94
Thu Feb  6 13:33:06 2025,92
Thu Feb  6 13:34:06 2025,94
Thu Feb  6 13:35:06 2025,90
Thu Feb  6 13:36:06 2025,88
Thu Feb  6 13:37:06 2025,88
Thu Feb  6 13:38:06 2025,-
Thu Feb  6 13:39:06 2025,89
Thu Feb  6 13:40:06 2025,90
Thu Feb  6 13:41:06 2025,90
Thu Feb  6 13:42:06 2025,87
Thu Feb  6 13:43:06 2025,90
Thu Feb  6 13:44:06 2025,88
Thu Feb  6 13:45:06 2025,86
Thu Feb  6 13:46:06 2025,84
Thu Feb  6 13:47:07 2025,85
Thu Feb  6 13:48:08 2025,82
Thu Feb  6 13:49:06 2025,85
Thu Feb  6 13:50:07 2025,87
Thu Feb  6 13:51:06 2025,86
Thu Feb  6 13:52:06 2025,89
Thu Feb  6 13:53:06 2025,86
Thu Feb  6 13:54:06 2025,88
Thu Feb  6 13:55:06 2025,92
Thu Feb  6 13:56:06 2025,90
Thu Feb  6 13:57:06 2025,89
Thu Feb  6 13:58:06 2025,89
Thu Feb  6 13:59:06 2025,91
Thu Feb  6 14:00:06 2025,-
Thu Feb  6 14:01:07 2025,102
Thu Feb  6 14:02:06 2025,97
Thu Feb  6 14:03:06 2025,99
Thu Feb  6 14:04:06 2025,97
Thu Feb  6 14:05:06 2025,97
Thu Feb  6 14:06:06 2025,96
Thu Feb  6 14:07:06 2025,107
Thu Feb  6 14:08:07 2025,105
Thu Feb  6 14:09:07 2025,106
Thu Feb  6 14:10:06 2025,105
Thu Feb  6 14:11:06 2025,107
Thu Feb  6 14:12:06 2025,106
Thu Feb  6 14:13:06 2025,105
Thu Feb  6 14:14:06 2025,104
Thu Feb  6 14:15:06 2025,107
Thu Feb  6 14:16:06 2025,107
Thu Feb  6 14:17:06 2025,107
Thu Feb  6 14:18:06 2025,108
Thu Feb  6 14:19:06 2025,106
Thu Feb  6 14:20:06 2025,107
Thu Feb  6 14:21:06 2025,108
Thu Feb  6 14:22:06 2025,111
Thu Feb  6 14:23:07 2025,115
Thu Feb  6 14:24:06 2025,116
Thu Feb  6 14:25:06 2025,117
Thu Feb  6 14:26:08 2025,119
Thu Feb  6 14:27:06 2025,118
Thu Feb  6 14:28:06 2025,117
Thu Feb  6 14:29:07 2025,119
Thu Feb  6 14:30:07 2025,119
Thu Feb  6 14:31:07 2025,120
Thu Feb  6 14:32:06 2025,120
Thu Feb  6 14:33:07 2025,120
Thu Feb  6 14:34:07 2025,122
Thu Feb  6 14:35:06 2025,121
Thu Feb  6 14:36:06 2025,119
Thu Feb  6 14:37:07 2025,117
Thu Feb  6 14:38:06 2025,115
Thu Feb  6 14:39:06 2025,111
Thu Feb  6 14:40:06 2025,112
Thu Feb  6 14:41:06 2025,110
Thu Feb  6 14:42:06 2025,110
Thu Feb  6 14:43:06 2025,113
Thu Feb  6 14:44:06 2025,113
Thu Feb  6 14:45:06 2025,112
Thu Feb  6 14:46:06 2025,111
Thu Feb  6 14:47:06 2025,110
Thu Feb  6 14:48:06 2025,112
Thu Feb  6 14:49:06 2025,112
Thu Feb  6 14:50:06 2025,112
Thu Feb  6 14:51:06 2025,110
Thu Feb  6 14:52:06 2025,111
Thu Feb  6 14:53:06 2025,114
Thu Feb  6 14:54:06 2025,131
Thu Feb  6 14:55:06 2025,130
Thu Feb  6 14:56:06 2025,133
Thu Feb  6 14:57:06 2025,126
Thu Feb  6 14:58:07 2025,125
Thu Feb  6 14:59:06 2025,124
Thu Feb  6 15:00:06 2025,-
Thu Feb  6 15:01:07 2025,125
Thu Feb  6 15:02:06 2025,123
Thu Feb  6 15:03:08 2025,125
Thu Feb  6 15:04:07 2025,125
Thu Feb  6 15:05:07 2025,126
Thu Feb  6 15:06:06 2025,122
Thu Feb  6 15:07:06 2025,120
Thu Feb  6 15:08:07 2025,120
Thu Feb  6 15:09:06 2025,119
Thu Feb  6 15:10:08 2025,118
Thu Feb  6 15:11:07 2025,119
Thu Feb  6 15:12:06 2025,118
Thu Feb  6 15:13:06 2025,118
Thu Feb  6 15:14:06 2025,118
Thu Feb  6 15:15:07 2025,118
Thu Feb  6 15:16:06 2025,119
Thu Feb  6 15:17:06 2025,121
Thu Feb  6 15:18:06 2025,121
Thu Feb  6 15:19:06 2025,123
Thu Feb  6 15:20:07 2025,122
Thu Feb  6 15:21:06 2025,123
Thu Feb  6 15:22:07 2025,125
Thu Feb  6 15:23:06 2025,126
Thu Feb  6 15:24:06 2025,126
Thu Feb  6 15:25:06 2025,128
Thu Feb  6 15:26:06 2025,126
Thu Feb  6 15:27:06 2025,122
Thu Feb  6 15:28:06 2025,127
Thu Feb  6 15:29:06 2025,116
Thu Feb  6 15:30:06 2025,118
Thu Feb  6 15:36:58 2025,114
Thu Feb  6 15:37:06 2025,114
Thu Feb  6 15:38:19 2025,117
Thu Feb  6 15:44:18 2025,120
Thu Feb  6 15:45:20 2025,118
Thu Feb  6 15:47:58 2025,117
Thu Feb  6 15:48:06 2025,116
Thu Feb  6 15:49:06 2025,118
Thu Feb  6 15:50:06 2025,119
Thu Feb  6 15:51:06 2025,122
Thu Feb  6 15:52:06 2025,119
Thu Feb  6 15:53:06 2025,118
Thu Feb  6 15:54:06 2025,118
Thu Feb  6 15:55:06 2025,119
Thu Feb  6 15:56:06 2025,125
Thu Feb  6 15:57:06 2025,126
Thu Feb  6 15:58:06 2025,124
Thu Feb  6 15:59:06 2025,125
Thu Feb  6 16:00:06 2025,-
Thu Feb  6 16:01:06 2025,122
Thu Feb  6 16:02:06 2025,125
Thu Feb  6 16:03:06 2025,126
Thu Feb  6 16:04:06 2025,131
Thu Feb  6 16:05:10 2025,131
Thu Feb  6 16:06:06 2025,130
Thu Feb  6 16:07:06 2025,130
Thu Feb  6 16:08:06 2025,128
Thu Feb  6 16:09:06 2025,129
Thu Feb  6 16:10:07 2025,130
Thu Feb  6 16:11:06 2025,129
Thu Feb  6 16:12:07 2025,128
Thu Feb  6 16:13:06 2025,126
Thu Feb  6 16:14:06 2025,128
Thu Feb  6 16:15:06 2025,115
Thu Feb  6 16:16:06 2025,117
Thu Feb  6 16:17:06 2025,116
Thu Feb  6 16:18:06 2025,119
Thu Feb  6 16:19:06 2025,-
Thu Feb  6 16:20:06 2025,123
Thu Feb  6 16:21:06 2025,123
Thu Feb  6 16:22:06 2025,123
Thu Feb  6 16:23:06 2025,123
Thu Feb  6 16:24:06 2025,122
Thu Feb  6 16:25:06 2025,124
Thu Feb  6 16:26:06 2025,126
Thu Feb  6 16:27:06 2025,126
Thu Feb  6 16:28:11 2025,128
Thu Feb  6 16:29:06 2025,126
Thu Feb  6 16:30:06 2025,128
Thu Feb  6 16:31:06 2025,132
Thu Feb  6 16:32:08 2025,131
Thu Feb  6 16:33:06 2025,129
Thu Feb  6 16:34:06 2025,126
Thu Feb  6 16:35:06 2025,129
Thu Feb  6 16:36:06 2025,132
Thu Feb  6 16:37:06 2025,131
Thu Feb  6 16:38:06 2025,130
Thu Feb  6 16:39:06 2025,128
Thu Feb  6 16:40:06 2025,129
Thu Feb  6 16:41:06 2025,126
Thu Feb  6 16:42:06 2025,127
Thu Feb  6 16:43:06 2025,128
Thu Feb  6 16:44:06 2025,126
Thu Feb  6 16:45:06 2025,124
Thu Feb  6 16:46:06 2025,128
Thu Feb  6 16:47:06 2025,124
Thu Feb  6 16:48:06 2025,126
Thu Feb  6 16:49:06 2025,127
Thu Feb  6 16:50:06 2025,128
Thu Feb  6 16:51:06 2025,126
Thu Feb  6 16:52:06 2025,126
Thu Feb  6 16:53:06 2025,127
Thu Feb  6 16:54:06 2025,125
Thu Feb  6 16:55:06 2025,123
Thu Feb  6 16:56:06 2025,121
Thu Feb  6 16:57:06 2025,123
Thu Feb  6 16:58:06 2025,123
Thu Feb  6 16:59:06 2025,124
Thu Feb  6 17:00:06 2025,-
Thu Feb  6 17:01:07 2025,133
Thu Feb  6 17:02:06 2025,133
Thu Feb  6 17:03:06 2025,135
Thu Feb  6 17:04:06 2025,135
Thu Feb  6 17:05:06 2025,136
Thu Feb  6 17:06:06 2025,136
Thu Feb  6 17:07:10 2025,135
Thu Feb  6 17:08:06 2025,131
Thu Feb  6 17:09:06 2025,127
Thu Feb  6 17:10:06 2025,125
Thu Feb  6 17:11:06 2025,124
Thu Feb  6 17:12:06 2025,124
Thu Feb  6 17:13:06 2025,125
Thu Feb  6 17:14:06 2025,124
Thu Feb  6 17:15:06 2025,125
Thu Feb  6 17:16:06 2025,123
Thu Feb  6 17:17:06 2025,119
Thu Feb  6 17:18:06 2025,118
Thu Feb  6 17:19:06 2025,117
Thu Feb  6 17:20:06 2025,116
Thu Feb  6 17:21:06 2025,116
Thu Feb  6 17:22:06 2025,119
Thu Feb  6 17:23:06 2025,118
Thu Feb  6 17:24:07 2025,121
Thu Feb  6 17:25:06 2025,119
Thu Feb  6 21:52:40 2025,54
Thu Feb  6 22:05:12 2025,31
Thu Feb  6 22:06:06 2025,27
Thu Feb  6 22:07:08 2025,24
Thu Feb  6 22:08:06 2025,20
Thu Feb  6 22:09:06 2025,
Thu Feb  6 22:10:06 2025,10
Thu Feb  6 22:11:06 2025,9
Thu Feb  6 22:12:06 2025,7
Thu Feb  6 22:13:11 2025,6
Thu Feb  6 22:14:06 2025,2
Thu Feb  6 22:15:06 2025,0
Thu Feb  6 22:16:06 2025,0
Thu Feb  6 22:17:06 2025,0
Thu Feb  6 22:18:06 2025,1
Thu Feb  6 22:19:06 2025,1
Thu Feb  6 22:20:06 2025,0
Thu Feb  6 22:21:06 2025,1
Thu Feb  6 22:22:06 2025,0
Thu Feb  6 22:23:06 2025,0
Thu Feb  6 22:24:06 2025,2
Thu Feb  6 22:26:06 2025,1
Thu Feb  6 22:27:06 2025,-
Thu Feb  6 22:28:06 2025,2
Thu Feb  6 22:29:07 2025,2
Thu Feb  6 22:30:07 2025,2
Thu Feb  6 22:31:06 2025,2
Thu Feb  6 22:32:06 2025,2
Thu Feb  6 22:33:07 2025,2
Thu Feb  6 22:34:07 2025,2
Thu Feb  6 22:35:07 2025,0
Thu Feb  6 22:36:07 2025,1
Thu Feb  6 22:37:06 2025,1
Thu Feb  6 22:38:06 2025,1
Thu Feb  6 22:39:06 2025,2
Thu Feb  6 22:40:06 2025,1
Thu Feb  6 22:41:07 2025,1
Thu Feb  6 22:42:07 2025,2
Thu Feb  6 22:43:06 2025,2
Thu Feb  6 22:44:07 2025,2
Thu Feb  6 22:45:06 2025,2
Thu Feb  6 22:46:06 2025,2
Thu Feb  6 22:47:06 2025,2
Thu Feb  6 22:48:07 2025,2
Thu Feb  6 22:49:07 2025,2
Thu Feb  6 22:50:07 2025,2
Thu Feb  6 22:51:06 2025,2
Thu Feb  6 22:52:06 2025,2
Thu Feb  6 22:53:07 2025,2
Thu Feb  6 22:54:07 2025,2
Thu Feb  6 22:55:06 2025,2
Thu Feb  6 22:56:07 2025,2
Thu Feb  6 22:57:06 2025,2
Thu Feb  6 22:58:06 2025,2
Thu Feb  6 22:59:06 2025,2
Thu Feb  6 23:00:06 2025,-
Thu Feb  6 23:01:06 2025,2
Thu Feb  6 23:02:07 2025,2
Thu Feb  6 23:03:06 2025,2
Thu Feb  6 23:04:07 2025,2
Thu Feb  6 23:05:06 2025,2
Thu Feb  6 23:06:07 2025,2
Thu Feb  6 23:07:06 2025,2
Thu Feb  6 23:08:06 2025,2
Thu Feb  6 23:09:06 2025,2
Thu Feb  6 23:10:07 2025,2
Thu Feb  6 23:11:06 2025,2
Thu Feb  6 23:12:06 2025,2
Thu Feb  6 23:13:06 2025,2
Thu Feb  6 23:14:06 2025,2
Thu Feb  6 23:15:07 2025,2
Thu Feb  6 23:16:06 2025,2
Thu Feb  6 23:17:06 2025,2
Thu Feb  6 23:18:06 2025,2
Thu Feb  6 23:19:06 2025,2
Thu Feb  6 23:20:06 2025,2
Thu Feb  6 23:21:06 2025,2
Thu Feb  6 23:22:06 2025,2
Thu Feb  6 23:23:06 2025,2
Thu Feb  6 23:24:06 2025,2
Thu Feb  6 23:25:06 2025,2
Thu Feb  6 23:26:06 2025,2
Thu Feb  6 23:27:06 2025,2
Thu Feb  6 23:28:06 2025,2
Thu Feb  6 23:29:07 2025,2
Thu Feb  6 23:30:06 2025,2
Thu Feb  6 23:31:06 2025,2
Thu Feb  6 23:32:06 2025,2
Thu Feb  6 23:33:06 2025,2
Thu Feb  6 23:34:06 2025,2
Thu Feb  6 23:35:06 2025,2
Thu Feb  6 23:36:06 2025,2
Thu Feb  6 23:37:06 2025,2
Thu Feb  6 23:38:06 2025,2
Thu Feb  6 23:39:06 2025,2
Thu Feb  6 23:40:06 2025,2
Thu Feb  6 23:41:06 2025,2
Thu Feb  6 23:42:06 2025,2
Thu Feb  6 23:43:06 2025,2
Thu Feb  6 23:44:06 2025,2
Thu Feb  6 23:45:06 2025,2
Thu Feb  6 23:46:06 2025,2
Thu Feb  6 23:47:06 2025,2
Thu Feb  6 23:48:06 2025,2
Thu Feb  6 23:49:06 2025,2
Thu Feb  6 23:50:06 2025,2
Thu Feb  6 23:51:06 2025,2
Thu Feb  6 23:52:06 2025,2
Thu Feb  6 23:53:06 2025,2
Thu Feb  6 23:54:07 2025,1
Thu Feb  6 23:55:06 2025,1
Thu Feb  6 23:56:06 2025,1
Thu Feb  6 23:57:11 2025,1
Thu Feb  6 23:58:06 2025,1
Thu Feb  6 23:59:06 2025,1
Fri Feb  7 00:00:06 2025,-
Fri Feb  7 00:01:06 2025,1
Fri Feb  7 00:02:06 2025,1
Fri Feb  7 00:03:06 2025,1
Fri Feb  7 00:04:06 2025,1
Fri Feb  7 00:05:06 2025,1
Fri Feb  7 00:06:07 2025,1
Fri Feb  7 00:16:22 2025,1
Fri Feb  7 01:24:28 2025,1
Fri Feb  7 01:25:07 2025,1
Fri Feb  7 02:07:31 2025,1
Fri Feb  7 02:39:05 2025,1
Fri Feb  7 03:27:29 2025,1
Fri Feb  7 09:12:11 2025,121
Fri Feb  7 09:13:22 2025,122
Fri Feb  7 09:14:06 2025,122
Fri Feb  7 09:15:06 2025,122
Fri Feb  7 09:16:06 2025,121
Fri Feb  7 09:17:06 2025,119
Fri Feb  7 09:18:06 2025,120
Fri Feb  7 09:19:06 2025,121
Fri Feb  7 09:20:06 2025,121
Fri Feb  7 09:21:06 2025,123
Fri Feb  7 09:22:06 2025,125
Fri Feb  7 09:23:06 2025,127
Fri Feb  7 09:24:06 2025,129
Fri Feb  7 09:25:06 2025,129
Fri Feb  7 09:26:06 2025,129
Fri Feb  7 09:27:06 2025,128
Fri Feb  7 09:28:06 2025,127
Fri Feb  7 09:29:06 2025,128
Fri Feb  7 09:30:06 2025,127
Fri Feb  7 09:31:06 2025,110
Fri Feb  7 09:32:06 2025,109
Fri Feb  7 09:33:06 2025,107
Fri Feb  7 09:34:06 2025,103
Fri Feb  7 09:35:06 2025,104
Fri Feb  7 09:36:06 2025,103
Fri Feb  7 09:37:06 2025,103
Fri Feb  7 09:38:06 2025,106
Fri Feb  7 09:39:06 2025,108
Fri Feb  7 09:40:06 2025,109
Fri Feb  7 09:41:06 2025,109
Fri Feb  7 09:42:12 2025,107
Fri Feb  7 09:43:06 2025,105
Fri Feb  7 09:44:06 2025,104
Fri Feb  7 09:45:06 2025,106
Fri Feb  7 09:46:06 2025,108
Fri Feb  7 09:47:06 2025,108
Fri Feb  7 09:48:06 2025,107
Fri Feb  7 09:49:06 2025,107
Fri Feb  7 09:50:06 2025,103
Fri Feb  7 09:51:06 2025,104
Fri Feb  7 09:52:06 2025,104
Fri Feb  7 09:53:06 2025,106
Fri Feb  7 09:54:06 2025,106
Fri Feb  7 09:55:06 2025,106
Fri Feb  7 09:56:06 2025,105
Fri Feb  7 09:57:06 2025,103
Fri Feb  7 09:58:06 2025,103
Fri Feb  7 09:59:06 2025,104
Fri Feb  7 10:00:06 2025,-
Fri Feb  7 10:01:06 2025,122
Fri Feb  7 10:02:06 2025,122
Fri Feb  7 10:03:06 2025,124
Fri Feb  7 10:04:06 2025,120
Fri Feb  7 10:05:06 2025,122
Fri Feb  7 10:06:06 2025,123
Fri Feb  7 10:07:06 2025,125
Fri Feb  7 10:08:06 2025,125
Fri Feb  7 10:09:06 2025,126
Fri Feb  7 10:10:06 2025,125
Fri Feb  7 10:16:17 2025,119
Fri Feb  7 10:17:06 2025,119
Fri Feb  7 10:18:06 2025,119
Fri Feb  7 10:19:07 2025,116
Fri Feb  7 10:20:06 2025,117
Fri Feb  7 10:21:06 2025,118
Fri Feb  7 10:22:06 2025,118
Fri Feb  7 10:23:06 2025,115
Fri Feb  7 10:24:07 2025,111
Fri Feb  7 10:25:06 2025,112
Fri Feb  7 10:26:06 2025,111
Fri Feb  7 10:27:14 2025,109
Fri Feb  7 10:28:06 2025,108
Fri Feb  7 10:29:06 2025,110
Fri Feb  7 10:30:06 2025,108
Fri Feb  7 10:31:06 2025,105
Fri Feb  7 10:32:06 2025,104
Fri Feb  7 10:33:06 2025,108
Fri Feb  7 10:34:06 2025,104
Fri Feb  7 10:35:06 2025,102
Fri Feb  7 10:36:06 2025,101
Fri Feb  7 10:37:06 2025,97
Fri Feb  7 10:38:06 2025,97
Fri Feb  7 10:39:06 2025,95
Fri Feb  7 10:40:06 2025,95
Fri Feb  7 10:41:06 2025,95
Fri Feb  7 10:42:06 2025,95
Fri Feb  7 10:43:06 2025,93
Fri Feb  7 10:44:06 2025,91
Fri Feb  7 10:45:06 2025,92
Fri Feb  7 10:46:06 2025,93
Fri Feb  7 10:47:06 2025,90
Fri Feb  7 10:48:06 2025,-
Fri Feb  7 10:49:06 2025,92
Fri Feb  7 10:50:12 2025,92
Fri Feb  7 10:51:06 2025,91
Fri Feb  7 10:52:06 2025,108
Fri Feb  7 10:53:06 2025,107
Fri Feb  7 10:54:06 2025,106
Fri Feb  7 10:55:06 2025,103
Fri Feb  7 10:56:06 2025,104
Fri Feb  7 10:57:06 2025,101
Fri Feb  7 10:58:06 2025,101
Fri Feb  7 10:59:06 2025,103
Fri Feb  7 11:00:06 2025,-
Fri Feb  7 11:01:06 2025,102
Fri Feb  7 11:02:06 2025,101
Fri Feb  7 11:03:06 2025,104
Fri Feb  7 11:04:06 2025,103
Fri Feb  7 11:05:06 2025,104
Fri Feb  7 11:06:06 2025,106
Fri Feb  7 11:07:06 2025,106
Fri Feb  7 11:08:06 2025,105
Fri Feb  7 11:09:06 2025,108
Fri Feb  7 11:10:06 2025,107
Fri Feb  7 11:11:06 2025,106
Fri Feb  7 11:12:06 2025,105
Fri Feb  7 11:13:06 2025,106
Fri Feb  7 11:14:06 2025,106
Fri Feb  7 11:15:06 2025,109
Fri Feb  7 11:19:20 2025,119
Fri Feb  7 11:20:06 2025,119
Fri Feb  7 11:21:06 2025,118
Fri Feb  7 11:22:06 2025,103
Fri Feb  7 11:23:06 2025,103
Fri Feb  7 11:24:06 2025,102
Fri Feb  7 11:25:06 2025,100
Fri Feb  7 11:26:06 2025,101
Fri Feb  7 11:27:06 2025,103
Fri Feb  7 11:28:06 2025,104
Fri Feb  7 11:29:06 2025,104
Fri Feb  7 11:30:06 2025,107
Fri Feb  7 11:31:07 2025,105
Fri Feb  7 11:32:06 2025,106
Fri Feb  7 11:33:08 2025,106
Fri Feb  7 11:34:06 2025,110
Fri Feb  7 11:35:06 2025,-
Fri Feb  7 11:36:08 2025,108
Fri Feb  7 11:37:06 2025,106
Fri Feb  7 11:38:06 2025,107
Fri Feb  7 11:39:06 2025,108
Fri Feb  7 11:40:06 2025,109
Fri Feb  7 11:41:06 2025,111
Fri Feb  7 11:42:06 2025,113
Fri Feb  7 11:43:06 2025,116
Fri Feb  7 11:44:06 2025,114
Fri Feb  7 11:45:06 2025,113
Fri Feb  7 11:46:06 2025,117
Fri Feb  7 11:47:06 2025,118
Fri Feb  7 11:48:06 2025,121
Fri Feb  7 11:49:06 2025,120
Fri Feb  7 11:50:06 2025,120
Fri Feb  7 11:51:06 2025,118
Fri Feb  7 11:52:06 2025,120
Fri Feb  7 11:53:06 2025,122
Fri Feb  7 11:54:06 2025,127
Fri Feb  7 11:55:06 2025,128
Fri Feb  7 11:56:06 2025,131
Fri Feb  7 11:57:06 2025,132
Fri Feb  7 11:58:07 2025,134
Fri Feb  7 11:59:06 2025,136
Fri Feb  7 12:00:06 2025,-
Fri Feb  7 12:41:33 2025,162
Fri Feb  7 12:42:06 2025,162
Fri Feb  7 12:43:06 2025,160
Fri Feb  7 12:44:06 2025,159
Fri Feb  7 12:45:06 2025,161
Fri Feb  7 12:46:06 2025,-
Fri Feb  7 12:47:06 2025,164
Fri Feb  7 12:48:06 2025,165
Fri Feb  7 12:49:06 2025,164
Fri Feb  7 12:50:07 2025,159
Fri Feb  7 12:51:06 2025,158
Fri Feb  7 12:52:06 2025,157
Fri Feb  7 12:53:06 2025,159
Fri Feb  7 12:54:06 2025,167
Fri Feb  7 12:55:06 2025,167
Fri Feb  7 12:56:06 2025,165
Fri Feb  7 12:57:06 2025,164
Fri Feb  7 12:58:06 2025,167
Fri Feb  7 12:59:06 2025,165
Fri Feb  7 13:00:06 2025,-
Fri Feb  7 13:01:06 2025,164
Fri Feb  7 13:02:06 2025,164
Fri Feb  7 13:03:06 2025,162
Fri Feb  7 13:04:06 2025,161
Fri Feb  7 13:05:06 2025,157
Fri Feb  7 13:06:06 2025,156
Fri Feb  7 13:07:06 2025,155
Fri Feb  7 13:08:06 2025,156
Fri Feb  7 13:09:06 2025,156
Fri Feb  7 13:10:06 2025,155
Fri Feb  7 13:11:06 2025,153
Fri Feb  7 13:12:06 2025,154
Fri Feb  7 13:13:06 2025,155
Fri Feb  7 13:14:06 2025,158
Fri Feb  7 13:15:06 2025,156
Fri Feb  7 13:16:06 2025,156
Fri Feb  7 13:17:06 2025,152
Fri Feb  7 13:18:06 2025,153
Fri Feb  7 13:19:06 2025,154
Fri Feb  7 13:20:07 2025,152
Fri Feb  7 13:21:06 2025,152
Fri Feb  7 13:22:06 2025,151
Fri Feb  7 13:23:06 2025,150
Fri Feb  7 13:24:06 2025,151
Fri Feb  7 13:25:06 2025,147
Fri Feb  7 13:26:06 2025,145
Fri Feb  7 13:27:06 2025,143
Fri Feb  7 13:28:06 2025,141
Fri Feb  7 13:29:06 2025,139
Fri Feb  7 13:30:06 2025,137
Fri Feb  7 13:31:06 2025,137
Fri Feb  7 13:32:06 2025,135
Fri Feb  7 13:33:07 2025,138
Fri Feb  7 13:34:06 2025,136
Fri Feb  7 13:35:06 2025,136
Fri Feb  7 13:36:06 2025,132
Fri Feb  7 13:37:06 2025,132
Fri Feb  7 13:38:06 2025,134
Fri Feb  7 13:39:06 2025,131
Fri Feb  7 13:40:06 2025,130
Fri Feb  7 13:41:06 2025,147
Fri Feb  7 13:42:06 2025,147
Fri Feb  7 13:43:06 2025,149
Fri Feb  7 13:44:06 2025,149
Fri Feb  7 13:45:07 2025,149
Fri Feb  7 13:46:06 2025,149
Fri Feb  7 13:47:06 2025,148
Fri Feb  7 13:48:06 2025,152
Fri Feb  7 13:49:34 2025,154
Fri Feb  7 13:50:06 2025,152
Fri Feb  7 13:51:06 2025,152
Fri Feb  7 13:52:06 2025,152
Fri Feb  7 13:53:06 2025,153
Fri Feb  7 13:54:06 2025,152
Fri Feb  7 13:55:06 2025,151
Fri Feb  7 13:56:06 2025,148
Fri Feb  7 13:57:06 2025,146
Fri Feb  7 13:58:07 2025,146
Fri Feb  7 13:59:06 2025,146
Fri Feb  7 14:00:06 2025,-
Fri Feb  7 14:01:06 2025,141
Fri Feb  7 14:02:06 2025,138
Fri Feb  7 14:03:07 2025,139
Fri Feb  7 14:04:06 2025,138
Fri Feb  7 14:05:06 2025,134
Fri Feb  7 14:06:06 2025,134
Fri Feb  7 14:07:06 2025,136
Fri Feb  7 14:08:06 2025,137
Fri Feb  7 14:09:06 2025,134
Fri Feb  7 14:10:06 2025,133
Fri Feb  7 14:11:06 2025,128
Fri Feb  7 14:12:06 2025,127
Fri Feb  7 14:13:06 2025,127
Fri Feb  7 14:14:06 2025,128
Fri Feb  7 14:15:08 2025,128
Fri Feb  7 14:16:06 2025,126
Fri Feb  7 14:17:06 2025,124
Fri Feb  7 14:18:06 2025,122
Fri Feb  7 14:22:35 2025,118
Fri Feb  7 14:23:06 2025,118
Fri Feb  7 14:24:06 2025,117
Fri Feb  7 14:25:06 2025,115
Fri Feb  7 14:26:06 2025,113
Fri Feb  7 14:27:06 2025,111
Fri Feb  7 14:28:06 2025,113
Fri Feb  7 14:29:08 2025,113
Fri Feb  7 14:30:06 2025,111
Fri Feb  7 14:31:06 2025,108
Fri Feb  7 14:32:06 2025,108
Fri Feb  7 14:33:06 2025,109
Fri Feb  7 14:34:06 2025,110
Fri Feb  7 14:35:07 2025,108
Fri Feb  7 14:36:06 2025,105
Fri Feb  7 14:37:06 2025,106
Fri Feb  7 14:38:06 2025,107
Fri Feb  7 14:39:06 2025,108
Fri Feb  7 14:40:06 2025,109
Fri Feb  7 14:41:06 2025,112
Fri Feb  7 14:42:06 2025,113
Fri Feb  7 14:43:06 2025,110
Fri Feb  7 14:44:06 2025,110
Fri Feb  7 14:45:06 2025,115
Fri Feb  7 14:46:06 2025,115
Fri Feb  7 14:47:06 2025,115
Fri Feb  7 14:48:06 2025,115
Fri Feb  7 14:49:06 2025,113
Fri Feb  7 14:50:06 2025,113
Fri Feb  7 14:51:06 2025,114
Fri Feb  7 14:52:06 2025,111
Fri Feb  7 14:53:06 2025,99
Fri Feb  7 14:54:06 2025,99
Fri Feb  7 14:55:06 2025,100
Fri Feb  7 14:56:06 2025,100
Fri Feb  7 14:57:06 2025,103
Fri Feb  7 14:58:06 2025,105
Fri Feb  7 14:59:06 2025,106
Fri Feb  7 15:00:06 2025,-
Fri Feb  7 15:01:06 2025,109
Fri Feb  7 15:02:06 2025,106
Fri Feb  7 15:28:20 2025,128
Fri Feb  7 15:29:06 2025,128
Fri Feb  7 15:30:07 2025,130
Fri Feb  7 15:31:06 2025,133
Fri Feb  7 15:32:06 2025,132
Fri Feb  7 15:33:06 2025,134
Fri Feb  7 15:34:06 2025,133
Fri Feb  7 15:35:08 2025,135
Fri Feb  7 15:36:06 2025,137
Fri Feb  7 15:37:06 2025,137
Fri Feb  7 15:38:06 2025,135
Fri Feb  7 15:39:06 2025,137
Fri Feb  7 15:40:06 2025,137
Fri Feb  7 15:41:06 2025,136
Fri Feb  7 15:42:07 2025,138
Fri Feb  7 15:43:06 2025,137
Fri Feb  7 15:44:06 2025,138
Fri Feb  7 15:45:06 2025,137
Fri Feb  7 15:46:06 2025,135
Fri Feb  7 15:47:06 2025,135
Fri Feb  7 15:48:06 2025,134
Fri Feb  7 15:49:06 2025,136
Fri Feb  7 15:50:08 2025,136
Fri Feb  7 15:51:06 2025,136
Fri Feb  7 15:52:06 2025,137
Fri Feb  7 15:53:06 2025,138
Fri Feb  7 15:54:06 2025,137
Fri Feb  7 15:55:07 2025,137
Fri Feb  7 15:56:06 2025,136
Fri Feb  7 15:57:06 2025,141
Fri Feb  7 15:58:06 2025,141
Fri Feb  7 15:59:07 2025,142
Fri Feb  7 16:00:06 2025,-
Fri Feb  7 16:01:06 2025,143
Fri Feb  7 16:17:54 2025,141
Fri Feb  7 16:18:07 2025,142
Fri Feb  7 16:19:06 2025,140
Fri Feb  7 16:20:06 2025,148
Fri Feb  7 16:21:06 2025,146
Fri Feb  7 16:22:06 2025,147
Fri Feb  7 16:23:06 2025,149
Fri Feb  7 16:24:06 2025,152
Fri Feb  7 16:25:06 2025,157
Fri Feb  7 16:26:06 2025,162
Fri Feb  7 16:27:06 2025,162
Fri Feb  7 16:28:06 2025,160
Fri Feb  7 16:29:06 2025,162
Fri Feb  7 16:30:06 2025,162
Fri Feb  7 16:31:06 2025,161
Fri Feb  7 16:32:06 2025,163
Fri Feb  7 16:33:06 2025,162
Fri Feb  7 16:34:06 2025,162
Fri Feb  7 16:35:08 2025,162
Fri Feb  7 16:36:06 2025,162
Fri Feb  7 16:37:06 2025,163
Fri Feb  7 16:38:06 2025,161
Fri Feb  7 16:39:06 2025,162
Fri Feb  7 16:40:07 2025,164
Fri Feb  7 19:15:33 2025,-
Fri Feb  7 19:23:12 2025,128
Fri Feb  7 19:24:07 2025,128
Fri Feb  7 19:25:10 2025,133
Fri Feb  7 19:26:07 2025,130
Fri Feb  7 19:27:06 2025,131
Fri Feb  7 19:28:06 2025,129
Fri Feb  7 19:29:06 2025,127
Fri Feb  7 19:30:07 2025,128
Fri Feb  7 19:31:06 2025,124
Fri Feb  7 19:32:06 2025,127
Fri Feb  7 19:33:06 2025,130
Fri Feb  7 19:34:07 2025,130
Fri Feb  7 19:35:06 2025,132
Fri Feb  7 19:36:06 2025,132
Fri Feb  7 19:37:06 2025,132
Fri Feb  7 19:38:06 2025,132
Fri Feb  7 19:39:06 2025,134
Fri Feb  7 19:40:06 2025,132
Fri Feb  7 19:41:35 2025,132
Fri Feb  7 19:42:07 2025,132
Fri Feb  7 19:43:07 2025,131
Fri Feb  7 19:44:06 2025,130
Fri Feb  7 19:45:07 2025,129
Fri Feb  7 19:46:06 2025,130
Fri Feb  7 19:47:06 2025,129
Fri Feb  7 19:48:06 2025,128
Fri Feb  7 20:04:36 2025,129
Fri Feb  7 21:02:22 2025,81
Fri Feb  7 22:11:38 2025,1
Fri Feb  7 23:24:45 2025,0
Sat Feb  8 00:25:42 2025,0
Sat Feb  8 01:28:29 2025,0
Sat Feb  8 03:04:31 2025,0
Sat Feb  8 04:48:36 2025,0
Sat Feb  8 08:22:30 2025,82
Sat Feb  8 08:39:54 2025,82
Sat Feb  8 08:40:07 2025,85
Sat Feb  8 09:23:52 2025,113
Sat Feb  8 09:39:15 2025,125
Sat Feb  8 10:08:38 2025,155
Sat Feb  8 11:11:16 2025,142
Sat Feb  8 12:12:24 2025,101
Sat Feb  8 12:45:56 2025,90
Sat Feb  8 12:55:42 2025,98
Sat Feb  8 13:56:44 2025,112
Sat Feb  8 14:37:38 2025,
Sat Feb  8 15:13:33 2025,85
Sat Feb  8 16:48:35 2025,100
Sat Feb  8 18:00:43 2025,-
Sat Feb  8 18:46:02 2025,93
Sat Feb  8 20:14:00 2025,67
Sat Feb  8 20:15:06 2025,68
Sat Feb  8 20:16:06 2025,68
Sat Feb  8 20:17:06 2025,68
Sat Feb  8 20:18:06 2025,67
Sat Feb  8 20:19:06 2025,67
Sat Feb  8 20:20:06 2025,68
Sat Feb  8 20:21:06 2025,70
Sat Feb  8 20:22:06 2025,69
Sat Feb  8 20:23:06 2025,67
Sat Feb  8 20:24:06 2025,67
Sat Feb  8 20:25:06 2025,65
Sat Feb  8 20:26:10 2025,66
Sat Feb  8 20:27:06 2025,66
Sat Feb  8 20:28:06 2025,67
Sat Feb  8 20:29:06 2025,66
Sat Feb  8 20:30:06 2025,67
Sat Feb  8 20:31:06 2025,65
Sat Feb  8 20:32:06 2025,70
Sat Feb  8 20:33:06 2025,72
Sat Feb  8 20:34:06 2025,69
Sat Feb  8 20:35:06 2025,71
Sat Feb  8 20:36:06 2025,71
Sat Feb  8 20:37:06 2025,70
Sat Feb  8 20:38:06 2025,-
Sat Feb  8 20:39:06 2025,68
Sat Feb  8 20:40:06 2025,67
Sat Feb  8 20:41:06 2025,67
Sat Feb  8 20:42:06 2025,68
Sat Feb  8 20:43:06 2025,68
Sat Feb  8 20:44:06 2025,68
Sat Feb  8 20:45:07 2025,67
Sat Feb  8 20:46:06 2025,65
Sat Feb  8 20:47:07 2025,65
Sat Feb  8 20:48:06 2025,64
Sat Feb  8 20:49:06 2025,63
Sat Feb  8 20:50:06 2025,62
Sat Feb  8 20:51:06 2025,60
Sat Feb  8 20:52:06 2025,58
Sat Feb  8 20:53:06 2025,60
Sat Feb  8 20:54:06 2025,62
Sat Feb  8 20:55:07 2025,61
Sat Feb  8 20:56:06 2025,62
Sat Feb  8 21:29:01 2025,52
Sun Feb  9 01:24:42 2025,1
Sun Feb  9 01:45:48 2025,1
Sun Feb  9 02:36:52 2025,1
Sun Feb  9 03:29:32 2025,1
Sun Feb  9 04:55:09 2025,1
Sun Feb  9 06:17:53 2025,30
Sun Feb  9 06:18:06 2025,30
Sun Feb  9 06:56:18 2025,42
Sun Feb  9 07:57:17 2025,55
Sun Feb  9 09:59:10 2025,104
Sun Feb  9 12:01:11 2025,-
Sun Feb  9 14:03:09 2025,125
Sun Feb  9 16:05:09 2025,132
Sun Feb  9 18:07:18 2025,131
Sun Feb  9 20:09:09 2025,90
Sun Feb  9 20:57:17 2025,70
Sun Feb  9 21:35:46 2025,55
Sun Feb  9 21:51:47 2025,47
Sun Feb  9 22:09:44 2025,29
Sun Feb  9 22:11:10 2025,7
Sun Feb  9 22:44:36 2025,0
Sun Feb  9 23:12:14 2025,0
Sun Feb  9 23:46:53 2025,0
Mon Feb 10 00:02:20 2025,0
Mon Feb 10 00:31:07 2025,0
Mon Feb 10 01:17:57 2025,0
Mon Feb 10 03:46:44 2025,0
Mon Feb 10 04:11:38 2025,0
Mon Feb 10 04:44:37 2025,0
Mon Feb 10 06:03:59 2025,1
Mon Feb 10 06:12:30 2025,
Mon Feb 10 07:47:13 2025,107
Mon Feb 10 09:14:00 2025,59
Mon Feb 10 09:15:07 2025,53
Mon Feb 10 09:16:07 2025,53
Mon Feb 10 09:17:06 2025,54
Mon Feb 10 09:18:06 2025,53
Mon Feb 10 09:19:06 2025,54
Mon Feb 10 09:20:06 2025,54
Mon Feb 10 09:21:06 2025,56
Mon Feb 10 09:22:06 2025,55
Mon Feb 10 09:23:07 2025,54
Mon Feb 10 09:24:06 2025,57
Mon Feb 10 09:25:07 2025,56
Mon Feb 10 09:26:06 2025,56
Mon Feb 10 09:27:06 2025,56
Mon Feb 10 09:28:06 2025,56
Mon Feb 10 09:29:06 2025,56
Mon Feb 10 09:30:06 2025,58
Mon Feb 10 09:31:06 2025,56
Mon Feb 10 09:32:06 2025,55
Mon Feb 10 09:33:06 2025,56
Mon Feb 10 09:34:06 2025,57
Mon Feb 10 09:35:06 2025,56
Mon Feb 10 09:36:06 2025,55
Mon Feb 10 09:37:06 2025,55
Mon Feb 10 09:38:06 2025,55
Mon Feb 10 09:39:06 2025,54
Mon Feb 10 09:40:06 2025,55
Mon Feb 10 09:41:06 2025,56
Mon Feb 10 09:42:06 2025,60
Mon Feb 10 09:43:06 2025,62
Mon Feb 10 09:44:07 2025,63
Mon Feb 10 09:45:06 2025,64
Mon Feb 10 09:46:06 2025,65
Mon Feb 10 09:47:06 2025,66
Mon Feb 10 09:48:06 2025,67
Mon Feb 10 09:49:06 2025,71
Mon Feb 10 09:50:06 2025,71
Mon Feb 10 09:51:06 2025,76
Mon Feb 10 09:52:06 2025,75
Mon Feb 10 09:53:06 2025,74
Mon Feb 10 09:54:06 2025,73
Mon Feb 10 09:55:06 2025,-
Mon Feb 10 09:56:06 2025,74
Mon Feb 10 09:57:06 2025,73
Mon Feb 10 10:01:42 2025,74
Mon Feb 10 10:02:07 2025,74
Mon Feb 10 10:03:06 2025,74
Mon Feb 10 10:04:06 2025,74
Mon Feb 10 10:05:06 2025,75
Mon Feb 10 10:06:06 2025,75
Mon Feb 10 10:07:06 2025,77
Mon Feb 10 10:08:07 2025,77
Mon Feb 10 10:09:06 2025,80
Mon Feb 10 10:10:06 2025,81
Mon Feb 10 10:11:07 2025,82
Mon Feb 10 10:12:07 2025,77
Mon Feb 10 10:13:06 2025,77
Mon Feb 10 10:14:06 2025,78
Mon Feb 10 10:15:07 2025,78
Mon Feb 10 10:16:07 2025,82
Mon Feb 10 10:17:06 2025,82
Mon Feb 10 10:18:06 2025,82
Mon Feb 10 10:19:06 2025,82
Mon Feb 10 10:20:06 2025,82
Mon Feb 10 10:21:06 2025,82
Mon Feb 10 10:22:06 2025,84
Mon Feb 10 10:23:06 2025,86
Mon Feb 10 10:24:06 2025,86
Mon Feb 10 10:25:06 2025,87
Mon Feb 10 10:26:06 2025,91
Mon Feb 10 10:27:06 2025,92
Mon Feb 10 10:28:06 2025,93
Mon Feb 10 10:29:06 2025,93
Mon Feb 10 10:30:07 2025,91
Mon Feb 10 10:31:06 2025,94
Mon Feb 10 10:32:06 2025,94
Mon Feb 10 10:33:06 2025,95
Mon Feb 10 10:34:06 2025,95
Mon Feb 10 10:35:07 2025,94
Mon Feb 10 10:36:06 2025,94
Mon Feb 10 10:37:06 2025,90
Mon Feb 10 10:38:06 2025,90
Mon Feb 10 10:39:07 2025,92
Mon Feb 10 10:40:06 2025,94
Mon Feb 10 10:41:06 2025,95
Mon Feb 10 10:42:06 2025,96
Mon Feb 10 10:43:06 2025,96
Mon Feb 10 10:44:06 2025,93
Mon Feb 10 10:45:06 2025,93
Mon Feb 10 10:46:06 2025,97
Mon Feb 10 10:47:06 2025,98
Mon Feb 10 10:48:06 2025,100
Mon Feb 10 10:49:06 2025,104
Mon Feb 10 10:50:06 2025,105
Mon Feb 10 10:51:06 2025,103
Mon Feb 10 10:52:06 2025,100
Mon Feb 10 10:53:06 2025,99
Mon Feb 10 10:54:06 2025,101
Mon Feb 10 10:55:06 2025,98
Mon Feb 10 10:56:06 2025,98
Mon Feb 10 10:57:07 2025,101
Mon Feb 10 10:58:06 2025,101
Mon Feb 10 10:59:07 2025,101
Mon Feb 10 11:00:06 2025,-
Mon Feb 10 11:01:06 2025,103
Mon Feb 10 11:02:07 2025,106
Mon Feb 10 11:03:06 2025,106
Mon Feb 10 11:04:06 2025,106
Mon Feb 10 11:05:06 2025,106
Mon Feb 10 11:06:06 2025,105
Mon Feb 10 11:07:06 2025,108
Mon Feb 10 11:08:06 2025,106
Mon Feb 10 11:09:06 2025,105
Mon Feb 10 11:10:06 2025,108
Mon Feb 10 11:11:06 2025,105
Mon Feb 10 11:12:06 2025,105
Mon Feb 10 11:13:06 2025,105
Mon Feb 10 11:14:06 2025,104
Mon Feb 10 11:15:07 2025,106
Mon Feb 10 11:16:06 2025,106
Mon Feb 10 11:17:06 2025,105
Mon Feb 10 11:18:06 2025,104
Mon Feb 10 11:19:06 2025,102
Mon Feb 10 11:20:06 2025,101
Mon Feb 10 11:21:06 2025,100
Mon Feb 10 11:22:06 2025,99
Mon Feb 10 11:23:06 2025,99
Mon Feb 10 11:24:06 2025,102
Mon Feb 10 11:25:06 2025,98
Mon Feb 10 11:26:06 2025,99
Mon Feb 10 11:27:06 2025,97
Mon Feb 10 11:28:06 2025,96
Mon Feb 10 11:29:06 2025,97
Mon Feb 10 11:30:06 2025,96
Mon Feb 10 11:31:06 2025,92
Mon Feb 10 11:32:06 2025,95
Mon Feb 10 11:33:06 2025,95
Mon Feb 10 11:34:06 2025,92
Mon Feb 10 11:35:06 2025,94
Mon Feb 10 11:36:06 2025,92
Mon Feb 10 11:37:06 2025,93
Mon Feb 10 11:38:06 2025,95
Mon Feb 10 11:39:07 2025,95
Mon Feb 10 11:40:06 2025,95
Mon Feb 10 11:41:06 2025,94
Mon Feb 10 11:42:06 2025,97
Mon Feb 10 11:43:06 2025,100
Mon Feb 10 11:44:06 2025,104
Mon Feb 10 11:45:06 2025,105
Mon Feb 10 11:46:06 2025,106
Mon Feb 10 11:47:06 2025,108
Mon Feb 10 11:48:06 2025,108
Mon Feb 10 11:49:07 2025,108
Mon Feb 10 11:50:06 2025,111
Mon Feb 10 11:51:06 2025,113
Mon Feb 10 11:52:06 2025,115
Mon Feb 10 11:53:06 2025,117
Mon Feb 10 11:54:06 2025,118
Mon Feb 10 11:55:06 2025,123
Mon Feb 10 11:56:06 2025,122
Mon Feb 10 11:57:06 2025,122
Mon Feb 10 11:58:06 2025,122
Mon Feb 10 11:59:06 2025,120
Mon Feb 10 12:00:06 2025,-
Mon Feb 10 12:01:07 2025,124
Mon Feb 10 12:57:43 2025,137
Mon Feb 10 12:58:06 2025,135
Mon Feb 10 12:59:06 2025,137
Mon Feb 10 13:00:06 2025,-
Mon Feb 10 13:01:10 2025,135
Mon Feb 10 13:02:07 2025,133
Mon Feb 10 13:03:06 2025,132
Mon Feb 10 13:04:06 2025,133
Mon Feb 10 13:05:06 2025,130
Mon Feb 10 13:06:06 2025,135
Mon Feb 10 13:07:08 2025,135
Mon Feb 10 13:08:06 2025,136
Mon Feb 10 13:09:06 2025,134
Mon Feb 10 13:10:06 2025,132
Mon Feb 10 13:11:06 2025,134
Mon Feb 10 13:12:06 2025,131
Mon Feb 10 13:13:06 2025,129
Mon Feb 10 13:14:06 2025,127
Mon Feb 10 13:15:06 2025,126
Mon Feb 10 13:16:06 2025,124
Mon Feb 10 13:17:06 2025,126
Mon Feb 10 13:18:06 2025,127
Mon Feb 10 13:19:06 2025,126
Mon Feb 10 13:20:06 2025,126
Mon Feb 10 13:21:06 2025,124
Mon Feb 10 13:22:06 2025,124
Mon Feb 10 13:23:06 2025,121
Mon Feb 10 13:24:06 2025,121
Mon Feb 10 13:25:06 2025,119
Mon Feb 10 13:26:06 2025,119
Mon Feb 10 13:27:07 2025,119
Mon Feb 10 13:28:06 2025,119
Mon Feb 10 13:29:06 2025,114
Mon Feb 10 13:30:06 2025,114
Mon Feb 10 13:31:06 2025,113
Mon Feb 10 13:32:06 2025,109
Mon Feb 10 13:33:06 2025,105
Mon Feb 10 13:34:07 2025,101
Mon Feb 10 13:35:06 2025,98
Mon Feb 10 13:36:06 2025,95
Mon Feb 10 13:37:06 2025,96
Mon Feb 10 13:38:07 2025,97
Mon Feb 10 13:39:06 2025,96
Mon Feb 10 13:40:06 2025,99
Mon Feb 10 13:41:06 2025,97
Mon Feb 10 13:42:06 2025,97
Mon Feb 10 13:43:06 2025,96
Mon Feb 10 13:44:06 2025,98
Mon Feb 10 13:45:06 2025,97
Mon Feb 10 13:46:07 2025,97
Mon Feb 10 13:47:06 2025,97
Mon Feb 10 13:48:06 2025,94
Mon Feb 10 13:49:06 2025,91
Mon Feb 10 13:50:06 2025,92
Mon Feb 10 13:51:06 2025,91
Mon Feb 10 13:52:06 2025,90
Mon Feb 10 13:53:06 2025,88
Mon Feb 10 13:54:06 2025,86
Mon Feb 10 13:55:06 2025,80
Mon Feb 10 13:56:06 2025,79
Mon Feb 10 13:57:06 2025,77
Mon Feb 10 13:58:07 2025,82
Mon Feb 10 13:59:06 2025,85
Mon Feb 10 14:00:07 2025,-
Mon Feb 10 14:01:06 2025,83
Mon Feb 10 14:02:06 2025,81
Mon Feb 10 14:03:06 2025,83
Mon Feb 10 14:04:06 2025,84
Mon Feb 10 14:05:06 2025,85
Mon Feb 10 14:06:06 2025,83
Mon Feb 10 14:07:06 2025,84
Mon Feb 10 14:08:06 2025,85
Mon Feb 10 14:09:06 2025,85
Mon Feb 10 14:10:07 2025,85
Mon Feb 10 14:11:06 2025,87
Mon Feb 10 14:12:06 2025,85
Mon Feb 10 14:13:06 2025,85
Mon Feb 10 14:14:06 2025,86
Mon Feb 10 14:15:06 2025,88
Mon Feb 10 14:16:06 2025,85
Mon Feb 10 14:17:06 2025,86
Mon Feb 10 14:18:06 2025,89
Mon Feb 10 14:19:06 2025,90
Mon Feb 10 14:20:09 2025,88
Mon Feb 10 14:21:06 2025,89
Mon Feb 10 14:22:06 2025,88
Mon Feb 10 14:23:06 2025,97
Mon Feb 10 14:24:06 2025,110
Mon Feb 10 14:25:06 2025,111
Mon Feb 10 14:26:06 2025,110
Mon Feb 10 14:27:06 2025,110
Mon Feb 10 14:28:06 2025,109
Mon Feb 10 14:29:06 2025,110
Mon Feb 10 14:30:07 2025,107
Mon Feb 10 14:31:06 2025,106
Mon Feb 10 14:32:06 2025,107
Mon Feb 10 14:33:06 2025,109
Mon Feb 10 14:34:06 2025,106
Mon Feb 10 14:35:06 2025,107
Mon Feb 10 14:36:06 2025,108
Mon Feb 10 14:37:06 2025,108
Mon Feb 10 14:38:06 2025,109
Mon Feb 10 14:39:07 2025,108
Mon Feb 10 14:40:07 2025,110
Mon Feb 10 14:41:06 2025,109
Mon Feb 10 14:42:06 2025,109
Mon Feb 10 14:43:06 2025,112
Mon Feb 10 14:44:07 2025,112
Mon Feb 10 14:45:06 2025,112
Mon Feb 10 14:46:06 2025,112
Mon Feb 10 14:47:06 2025,114
Mon Feb 10 14:48:06 2025,115
Mon Feb 10 14:49:06 2025,116
Mon Feb 10 14:50:06 2025,115
Mon Feb 10 14:51:06 2025,117
Mon Feb 10 14:52:06 2025,117
Mon Feb 10 14:53:06 2025,117
Mon Feb 10 14:54:06 2025,119
Mon Feb 10 14:55:06 2025,119
Mon Feb 10 14:56:07 2025,119
Mon Feb 10 14:57:06 2025,119
Mon Feb 10 14:58:07 2025,119
Mon Feb 10 14:59:06 2025,120
Mon Feb 10 15:00:06 2025,-
Mon Feb 10 15:01:06 2025,122
Mon Feb 10 15:02:06 2025,122
Mon Feb 10 15:03:06 2025,122
Mon Feb 10 15:04:06 2025,119
Mon Feb 10 15:05:06 2025,119
Mon Feb 10 15:06:07 2025,118
Mon Feb 10 15:07:06 2025,114
Mon Feb 10 15:08:06 2025,115
Mon Feb 10 15:09:06 2025,114
Mon Feb 10 15:10:06 2025,117
Mon Feb 10 15:11:06 2025,119
Mon Feb 10 15:12:06 2025,119
Mon Feb 10 15:13:06 2025,118
Mon Feb 10 15:14:06 2025,119
Mon Feb 10 15:15:07 2025,119
Mon Feb 10 15:16:06 2025,118
Mon Feb 10 15:17:06 2025,117
Mon Feb 10 15:18:06 2025,119
Mon Feb 10 15:19:06 2025,-
Mon Feb 10 15:20:06 2025,120
Mon Feb 10 15:21:06 2025,121
Mon Feb 10 15:22:06 2025,120
Mon Feb 10 15:23:07 2025,116
Mon Feb 10 15:24:06 2025,118
Mon Feb 10 15:25:06 2025,119
Mon Feb 10 15:26:06 2025,119
Mon Feb 10 15:27:06 2025,122
Mon Feb 10 15:28:06 2025,121
Mon Feb 10 15:29:06 2025,121
Mon Feb 10 15:30:07 2025,123
Mon Feb 10 15:31:06 2025,123
Mon Feb 10 15:32:06 2025,124
Mon Feb 10 15:33:07 2025,124
Mon Feb 10 15:34:06 2025,124
Mon Feb 10 15:35:06 2025,125
Mon Feb 10 15:36:06 2025,-
Mon Feb 10 15:37:06 2025,122
Mon Feb 10 15:38:06 2025,124
Mon Feb 10 15:39:06 2025,124
Mon Feb 10 15:40:06 2025,123
Mon Feb 10 15:41:06 2025,125
Mon Feb 10 15:42:06 2025,125
Mon Feb 10 15:43:06 2025,125
Mon Feb 10 15:44:06 2025,125
Mon Feb 10 15:45:06 2025,127
Mon Feb 10 15:46:06 2025,126
Mon Feb 10 15:47:06 2025,129
Mon Feb 10 15:48:06 2025,134
Mon Feb 10 15:49:06 2025,135
Mon Feb 10 15:50:07 2025,133
Mon Feb 10 15:51:06 2025,133
Mon Feb 10 15:52:06 2025,137
Mon Feb 10 15:53:06 2025,137
Mon Feb 10 15:54:06 2025,136
Mon Feb 10 15:55:06 2025,137
Mon Feb 10 15:56:06 2025,135
Mon Feb 10 15:57:06 2025,120
Mon Feb 10 15:58:06 2025,121
Mon Feb 10 15:59:06 2025,119
Mon Feb 10 16:00:06 2025,-
Mon Feb 10 16:01:06 2025,116
Mon Feb 10 16:02:06 2025,115
Mon Feb 10 16:03:06 2025,115
Mon Feb 10 16:04:06 2025,114
Mon Feb 10 16:05:06 2025,113
Mon Feb 10 16:06:06 2025,116
Mon Feb 10 16:07:06 2025,117
Mon Feb 10 16:08:08 2025,116
Mon Feb 10 16:09:06 2025,116
Mon Feb 10 16:10:07 2025,117
Mon Feb 10 16:11:06 2025,116
Mon Feb 10 16:12:06 2025,114
Mon Feb 10 16:13:06 2025,116
Mon Feb 10 16:14:06 2025,116
Mon Feb 10 16:15:06 2025,116
Mon Feb 10 16:16:06 2025,115
Mon Feb 10 16:17:06 2025,112
Mon Feb 10 16:18:06 2025,119
Mon Feb 10 16:19:06 2025,118
Mon Feb 10 16:20:06 2025,120
Mon Feb 10 16:21:06 2025,121
Mon Feb 10 16:22:06 2025,120
Mon Feb 10 16:23:06 2025,120
Mon Feb 10 16:24:06 2025,121
Mon Feb 10 16:25:06 2025,121
Mon Feb 10 16:26:06 2025,121
Mon Feb 10 16:27:06 2025,121
Mon Feb 10 16:28:06 2025,121
Mon Feb 10 16:29:06 2025,121
Mon Feb 10 16:30:06 2025,119
Mon Feb 10 16:31:06 2025,116
Mon Feb 10 16:32:06 2025,115
Mon Feb 10 16:33:06 2025,116
Mon Feb 10 16:34:07 2025,115
Mon Feb 10 16:35:06 2025,111
Mon Feb 10 16:36:06 2025,113
Mon Feb 10 16:37:06 2025,113
Mon Feb 10 16:38:06 2025,111
Mon Feb 10 16:39:06 2025,111
Mon Feb 10 16:40:07 2025,109
Mon Feb 10 16:41:06 2025,111
Mon Feb 10 16:42:07 2025,113
Mon Feb 10 16:43:07 2025,117
Mon Feb 10 16:44:06 2025,118
Mon Feb 10 16:45:06 2025,120
Mon Feb 10 16:46:06 2025,118
Mon Feb 10 16:47:06 2025,117
Mon Feb 10 16:48:06 2025,115
Mon Feb 10 16:49:06 2025,115
Mon Feb 10 16:50:07 2025,114
Mon Feb 10 16:51:06 2025,113
Mon Feb 10 16:52:06 2025,114
Mon Feb 10 16:53:06 2025,116
Mon Feb 10 16:54:06 2025,114
Mon Feb 10 16:55:06 2025,115
Mon Feb 10 16:56:06 2025,115
Mon Feb 10 16:57:06 2025,116
Mon Feb 10 16:58:07 2025,117
Mon Feb 10 16:59:06 2025,117
Mon Feb 10 17:00:06 2025,-
Mon Feb 10 17:01:06 2025,120
Mon Feb 10 17:02:06 2025,121
Mon Feb 10 17:03:07 2025,121
Mon Feb 10 17:04:06 2025,120
Mon Feb 10 17:05:06 2025,121
Mon Feb 10 17:06:06 2025,122
Mon Feb 10 17:07:06 2025,122
Mon Feb 10 17:08:06 2025,118
Mon Feb 10 17:09:06 2025,119
Mon Feb 10 17:10:07 2025,117
Mon Feb 10 17:11:06 2025,118
Mon Feb 10 17:12:06 2025,119
Mon Feb 10 17:13:06 2025,120
Mon Feb 10 17:14:06 2025,117
Mon Feb 10 17:15:06 2025,122
Mon Feb 10 17:16:06 2025,119
Mon Feb 10 17:17:06 2025,122
Mon Feb 10 17:18:06 2025,125
Mon Feb 10 20:52:41 2025,147
Mon Feb 10 21:21:49 2025,103
Mon Feb 10 22:28:05 2025,0
Mon Feb 10 22:29:06 2025,0
Mon Feb 10 22:30:06 2025,0
Mon Feb 10 22:31:07 2025,0
Mon Feb 10 22:32:06 2025,0
Mon Feb 10 22:33:06 2025,0
Mon Feb 10 22:34:06 2025,0
Mon Feb 10 22:35:06 2025,0
Mon Feb 10 22:36:06 2025,0
Mon Feb 10 22:37:06 2025,0
Mon Feb 10 22:39:07 2025,0
Mon Feb 10 22:40:06 2025,0
Mon Feb 10 22:41:06 2025,0
Mon Feb 10 22:42:06 2025,0
Mon Feb 10 22:43:06 2025,0
Mon Feb 10 22:44:06 2025,0
Mon Feb 10 22:45:06 2025,0
Mon Feb 10 22:46:06 2025,0
Mon Feb 10 22:47:06 2025,0
Mon Feb 10 22:48:06 2025,0
Mon Feb 10 22:49:06 2025,0
Mon Feb 10 22:50:06 2025,0
Mon Feb 10 22:51:06 2025,0
Mon Feb 10 22:52:06 2025,0
Mon Feb 10 22:53:07 2025,0
Mon Feb 10 22:54:06 2025,0
Mon Feb 10 22:55:06 2025,0
Mon Feb 10 22:56:06 2025,0
Mon Feb 10 22:57:06 2025,0
Mon Feb 10 23:01:35 2025,0
Mon Feb 10 23:02:06 2025,0
Mon Feb 10 23:03:06 2025,0
Mon Feb 10 23:04:06 2025,0
Mon Feb 10 23:05:06 2025,-
Mon Feb 10 23:06:06 2025,0
Mon Feb 10 23:07:06 2025,0
Mon Feb 10 23:08:07 2025,0
Mon Feb 10 23:09:06 2025,0
Mon Feb 10 23:10:06 2025,0
Mon Feb 10 23:11:06 2025,0
Mon Feb 10 23:12:06 2025,0
Mon Feb 10 23:13:06 2025,0
Mon Feb 10 23:14:06 2025,0
Mon Feb 10 23:15:07 2025,0
Mon Feb 10 23:16:06 2025,0
Mon Feb 10 23:17:06 2025,0
Mon Feb 10 23:18:06 2025,0
Mon Feb 10 23:19:06 2025,0
Mon Feb 10 23:20:06 2025,0
Mon Feb 10 23:21:06 2025,0
Mon Feb 10 23:22:06 2025,0
Mon Feb 10 23:23:06 2025,0
Mon Feb 10 23:24:06 2025,0
Mon Feb 10 23:25:06 2025,0
Mon Feb 10 23:26:06 2025,0
Mon Feb 10 23:27:07 2025,0
Mon Feb 10 23:28:06 2025,0
Mon Feb 10 23:29:06 2025,0
Mon Feb 10 23:30:07 2025,0
Mon Feb 10 23:31:06 2025,0
Mon Feb 10 23:32:06 2025,0
Mon Feb 10 23:33:06 2025,0
Tue Feb 11 21:16:09 2025,134
Tue Feb 11 21:17:06 2025,136
Tue Feb 11 21:18:06 2025,136
Tue Feb 11 21:19:06 2025,133
Tue Feb 11 21:20:06 2025,132
Tue Feb 11 21:21:07 2025,128
Tue Feb 11 21:22:06 2025,127
Tue Feb 11 21:23:07 2025,127
Tue Feb 11 21:24:06 2025,124
Tue Feb 11 21:25:08 2025,123
Tue Feb 11 21:26:06 2025,122
Tue Feb 11 21:27:07 2025,119
Tue Feb 11 21:28:06 2025,118
Tue Feb 11 21:29:06 2025,117
Tue Feb 11 21:30:06 2025,115
Tue Feb 11 21:31:06 2025,114
Tue Feb 11 21:32:06 2025,115
Tue Feb 11 21:33:06 2025,111
Tue Feb 11 21:34:06 2025,110
Tue Feb 11 21:35:06 2025,109
Tue Feb 11 21:36:06 2025,107
Tue Feb 11 21:37:06 2025,105
Tue Feb 11 21:38:06 2025,106
Tue Feb 11 21:39:07 2025,104
Tue Feb 11 21:40:06 2025,104
Tue Feb 11 21:41:06 2025,103
Tue Feb 11 21:42:06 2025,102
Tue Feb 11 21:43:06 2025,97
Tue Feb 11 21:44:06 2025,94
Tue Feb 11 21:45:06 2025,89
Tue Feb 11 21:46:06 2025,85
Tue Feb 11 21:47:06 2025,85
Tue Feb 11 21:48:08 2025,85
Tue Feb 11 21:49:06 2025,-
Tue Feb 11 21:50:06 2025,81
Tue Feb 11 21:51:06 2025,78
Tue Feb 11 21:52:06 2025,77
Tue Feb 11 21:53:06 2025,73
Tue Feb 11 21:54:06 2025,74
Tue Feb 11 21:55:07 2025,67
Tue Feb 11 21:56:06 2025,67
Tue Feb 11 21:57:06 2025,68
Tue Feb 11 21:58:06 2025,63
Tue Feb 11 23:07:11 2025,5
Tue Feb 11 23:08:06 2025,5
Tue Feb 11 23:09:06 2025,5
Tue Feb 11 23:10:07 2025,5
Tue Feb 11 23:11:06 2025,5
Tue Feb 11 23:12:06 2025,5
Tue Feb 11 23:13:06 2025,5
Tue Feb 11 23:14:06 2025,5
Tue Feb 11 23:15:08 2025,5
Tue Feb 11 23:16:06 2025,5
Tue Feb 11 23:17:06 2025,5
Tue Feb 11 23:18:06 2025,5
Tue Feb 11 23:19:06 2025,5
Tue Feb 11 23:20:08 2025,5
Tue Feb 11 23:21:06 2025,5
Tue Feb 11 23:22:06 2025,5
Tue Feb 11 23:23:06 2025,5
Tue Feb 11 23:24:06 2025,5
Tue Feb 11 23:25:07 2025,5
Tue Feb 11 23:26:06 2025,5
Tue Feb 11 23:27:06 2025,5
Tue Feb 11 23:28:06 2025,5
Tue Feb 11 23:29:06 2025,5
Tue Feb 11 23:30:06 2025,5
Tue Feb 11 23:31:06 2025,5
Tue Feb 11 23:32:06 2025,5
Tue Feb 11 23:33:06 2025,5
Tue Feb 11 23:34:06 2025,5
Tue Feb 11 23:35:06 2025,4
Tue Feb 11 23:36:07 2025,4
Tue Feb 11 23:37:06 2025,4
Tue Feb 11 23:38:06 2025,4
Tue Feb 11 23:39:06 2025,4
Tue Feb 11 23:40:07 2025,4
Tue Feb 11 23:41:06 2025,4
Tue Feb 11 23:42:06 2025,4
Tue Feb 11 23:43:06 2025,4
Wed Feb 12 00:00:03 2025,4
Wed Feb 12 00:26:11 2025,4
Wed Feb 12 00:27:06 2025,4
Wed Feb 12 00:28:06 2025,4
Wed Feb 12 00:29:06 2025,4
Wed Feb 12 00:30:06 2025,4
Wed Feb 12 00:31:06 2025,4
Wed Feb 12 00:32:06 2025,4
Wed Feb 12 00:33:06 2025,4
Wed Feb 12 00:34:06 2025,4
Wed Feb 12 00:35:06 2025,4
Wed Feb 12 00:36:06 2025,4
Wed Feb 12 00:37:06 2025,4
Wed Feb 12 00:38:06 2025,-
Wed Feb 12 00:39:06 2025,4
Wed Feb 12 00:40:06 2025,4
Wed Feb 12 00:41:06 2025,4
Wed Feb 12 00:42:06 2025,4
Wed Feb 12 00:43:06 2025,4
Wed Feb 12 00:44:06 2025,4
Wed Feb 12 00:45:06 2025,4
Wed Feb 12 00:46:06 2025,4
Wed Feb 12 00:47:06 2025,4
Wed Feb 12 00:48:06 2025,4
Wed Feb 12 00:49:06 2025,4
Wed Feb 12 00:50:06 2025,4
Wed Feb 12 00:51:06 2025,4
Wed Feb 12 02:52:21 2025,4
Wed Feb 12 04:40:56 2025,-
Wed Feb 12 04:41:06 2025,4
Wed Feb 12 05:11:34 2025,0
Wed Feb 12 05:44:39 2025,0
Wed Feb 12 05:55:34 2025,0
Wed Feb 12 06:56:31 2025,120
Wed Feb 12 08:31:47 2025,85
Wed Feb 12 08:58:29 2025,75
Wed Feb 12 09:59:24 2025,74
Wed Feb 12 14:46:07 2025,74
Wed Feb 12 14:47:06 2025,74
Wed Feb 12 14:48:07 2025,72
Wed Feb 12 14:49:06 2025,73
Wed Feb 12 14:50:06 2025,75
Wed Feb 12 14:51:07 2025,73
Wed Feb 12 14:52:06 2025,72
Wed Feb 12 14:53:44 2025,73
Wed Feb 12 14:54:06 2025,73
Wed Feb 12 14:55:06 2025,76
Wed Feb 12 14:56:06 2025,76
Wed Feb 12 14:57:06 2025,77
Wed Feb 12 14:58:06 2025,79
Wed Feb 12 14:59:06 2025,82
Wed Feb 12 15:00:07 2025,-
Wed Feb 12 15:01:06 2025,82
Wed Feb 12 17:02:23 2025,-
Wed Feb 12 18:37:18 2025,163
Wed Feb 12 20:05:30 2025,220
Wed Feb 12 22:51:08 2025,1
Wed Feb 12 22:52:06 2025,1
Wed Feb 12 22:53:06 2025,1
Wed Feb 12 22:54:06 2025,1
Wed Feb 12 22:55:06 2025,1
Wed Feb 12 22:56:06 2025,1
Wed Feb 12 22:57:12 2025,1
Wed Feb 12 22:58:07 2025,1
Wed Feb 12 22:59:06 2025,1
Wed Feb 12 23:00:06 2025,-
Wed Feb 12 23:01:07 2025,1
Wed Feb 12 23:02:06 2025,1
Wed Feb 12 23:03:07 2025,1
Wed Feb 12 23:04:06 2025,1
Wed Feb 12 23:05:07 2025,1
Wed Feb 12 23:06:06 2025,1
Wed Feb 12 23:07:06 2025,1
Wed Feb 12 23:08:06 2025,1
Wed Feb 12 23:09:07 2025,1
Wed Feb 12 23:10:07 2025,1
Wed Feb 12 23:11:07 2025,1
Wed Feb 12 23:12:06 2025,1
Wed Feb 12 23:13:07 2025,1
Wed Feb 12 23:14:07 2025,1
Wed Feb 12 23:15:07 2025,1
Wed Feb 12 23:16:07 2025,1
Wed Feb 12 23:17:07 2025,1
Wed Feb 12 23:18:07 2025,1
Wed Feb 12 23:19:06 2025,1
Wed Feb 12 23:20:06 2025,1
Wed Feb 12 23:21:06 2025,1
Wed Feb 12 23:22:07 2025,1
Wed Feb 12 23:23:06 2025,1
Wed Feb 12 23:24:07 2025,1
Wed Feb 12 23:25:07 2025,1
Wed Feb 12 23:26:06 2025,0
Wed Feb 12 23:27:06 2025,0
Wed Feb 12 23:28:06 2025,0
Wed Feb 12 23:29:06 2025,0
Wed Feb 12 23:30:07 2025,0
Wed Feb 12 23:31:06 2025,0
Wed Feb 12 23:32:06 2025,0
Wed Feb 12 23:33:06 2025,0
Thu Feb 13 00:24:30 2025,-
Thu Feb 13 01:34:30 2025,0
Thu Feb 13 02:35:34 2025,0
Thu Feb 13 02:36:07 2025,0
Thu Feb 13 05:29:46 2025,0
Thu Feb 13 06:36:13 2025,69
Thu Feb 13 08:58:37 2025,-
Thu Feb 13 08:59:11 2025,57
Thu Feb 13 09:00:07 2025,-
Thu Feb 13 09:01:07 2025,57
Thu Feb 13 09:02:07 2025,57
Thu Feb 13 09:03:06 2025,57
Thu Feb 13 09:04:07 2025,57
Thu Feb 13 09:05:07 2025,56
Thu Feb 13 09:06:07 2025,56
Thu Feb 13 09:07:07 2025,55
Thu Feb 13 09:08:07 2025,58
Thu Feb 13 09:09:07 2025,61
Thu Feb 13 09:10:08 2025,61
Thu Feb 13 09:11:07 2025,62
Thu Feb 13 09:12:06 2025,63
Thu Feb 13 09:13:06 2025,65
Thu Feb 13 09:14:07 2025,66
Thu Feb 13 09:15:07 2025,66
Thu Feb 13 09:16:06 2025,66
Thu Feb 13 09:17:07 2025,67
Thu Feb 13 09:18:07 2025,66
Thu Feb 13 09:19:06 2025,66
Thu Feb 13 09:20:07 2025,63
Thu Feb 13 09:21:06 2025,65
Thu Feb 13 09:22:07 2025,65
Thu Feb 13 09:23:07 2025,63
Thu Feb 13 09:24:07 2025,61
Thu Feb 13 09:25:07 2025,62
Thu Feb 13 09:26:07 2025,62
Thu Feb 13 09:27:06 2025,61
Thu Feb 13 09:28:07 2025,60
Thu Feb 13 09:29:07 2025,61
Thu Feb 13 09:30:07 2025,66
Thu Feb 13 09:31:06 2025,67
Thu Feb 13 09:32:07 2025,68
Thu Feb 13 09:33:07 2025,68
Thu Feb 13 09:34:07 2025,68
Thu Feb 13 09:35:07 2025,69
Thu Feb 13 09:36:08 2025,69
Thu Feb 13 09:37:07 2025,68
Thu Feb 13 09:38:07 2025,67
Thu Feb 13 09:39:07 2025,66
Thu Feb 13 09:40:07 2025,65
Thu Feb 13 09:41:07 2025,63
Thu Feb 13 09:42:07 2025,64
Thu Feb 13 09:43:07 2025,64
Thu Feb 13 09:44:08 2025,68
Thu Feb 13 09:45:07 2025,67
Thu Feb 13 09:46:07 2025,67
Thu Feb 13 09:47:11 2025,70
Thu Feb 13 09:48:07 2025,72
Thu Feb 13 09:49:11 2025,71
Thu Feb 13 09:50:07 2025,69
Thu Feb 13 09:51:07 2025,69
Thu Feb 13 09:52:07 2025,71
Thu Feb 13 09:53:06 2025,73
Thu Feb 13 09:54:07 2025,73
Thu Feb 13 09:55:07 2025,75
Thu Feb 13 09:56:07 2025,75
Thu Feb 13 09:57:07 2025,76
Thu Feb 13 09:58:07 2025,77
Thu Feb 13 09:59:07 2025,77
Thu Feb 13 10:00:07 2025,-
Thu Feb 13 10:01:07 2025,76
Thu Feb 13 10:02:07 2025,75
Thu Feb 13 10:03:07 2025,77
Thu Feb 13 10:05:47 2025,76
Thu Feb 13 10:06:06 2025,77
Thu Feb 13 10:07:07 2025,77
Thu Feb 13 10:08:07 2025,78
Thu Feb 13 10:09:07 2025,78
Thu Feb 13 10:10:08 2025,82
Thu Feb 13 10:11:07 2025,84
Thu Feb 13 10:12:07 2025,84
Thu Feb 13 10:13:07 2025,86
Thu Feb 13 10:14:07 2025,88
Thu Feb 13 10:15:08 2025,90
Thu Feb 13 10:16:07 2025,96
Thu Feb 13 10:28:54 2025,96
Thu Feb 13 10:29:06 2025,94
Thu Feb 13 10:30:07 2025,95
Thu Feb 13 10:31:07 2025,95
Thu Feb 13 10:32:07 2025,94
Thu Feb 13 10:33:07 2025,93
Thu Feb 13 10:34:07 2025,93
Thu Feb 13 10:35:07 2025,90
Thu Feb 13 10:36:07 2025,91
Thu Feb 13 10:37:07 2025,92
Thu Feb 13 10:38:09 2025,94
Thu Feb 13 10:39:07 2025,96
Thu Feb 13 10:40:07 2025,97
Thu Feb 13 10:41:06 2025,98
Thu Feb 13 10:42:07 2025,99
Thu Feb 13 10:43:07 2025,99
Thu Feb 13 10:44:07 2025,100
Thu Feb 13 10:45:07 2025,98
Thu Feb 13 10:46:07 2025,96
Thu Feb 13 10:47:07 2025,96
Thu Feb 13 10:48:07 2025,97
Thu Feb 13 10:49:07 2025,101
Thu Feb 13 10:50:07 2025,102
Thu Feb 13 10:51:07 2025,102
Thu Feb 13 10:52:07 2025,103
Thu Feb 13 10:53:07 2025,103
Thu Feb 13 10:54:07 2025,100
Thu Feb 13 10:55:07 2025,98
Thu Feb 13 10:56:07 2025,98
Thu Feb 13 10:57:07 2025,97
Thu Feb 13 10:58:07 2025,93
Thu Feb 13 10:59:07 2025,96
Thu Feb 13 11:00:07 2025,-
Thu Feb 13 11:01:07 2025,96
Thu Feb 13 11:02:07 2025,97
Thu Feb 13 11:03:09 2025,97
Thu Feb 13 11:04:07 2025,97
Thu Feb 13 11:05:07 2025,95
Thu Feb 13 11:06:07 2025,98
Thu Feb 13 11:07:07 2025,99
Thu Feb 13 11:08:07 2025,100
Thu Feb 13 11:09:07 2025,99
Thu Feb 13 11:10:09 2025,99
Thu Feb 13 11:11:07 2025,102
Thu Feb 13 11:12:07 2025,-
Thu Feb 13 11:13:07 2025,96
Thu Feb 13 11:14:07 2025,98
Thu Feb 13 11:15:07 2025,98
Thu Feb 13 11:16:07 2025,101
Thu Feb 13 11:17:07 2025,104
Thu Feb 13 11:18:06 2025,106
Thu Feb 13 11:19:07 2025,103
Thu Feb 13 11:20:07 2025,100
Thu Feb 13 11:21:07 2025,97
Thu Feb 13 11:22:07 2025,97
Thu Feb 13 11:23:07 2025,100
Thu Feb 13 11:24:07 2025,101
Thu Feb 13 11:25:07 2025,101
Thu Feb 13 11:26:07 2025,103
Thu Feb 13 11:27:07 2025,107
Thu Feb 13 11:28:07 2025,103
Thu Feb 13 11:29:07 2025,100
Thu Feb 13 11:32:38 2025,106
Thu Feb 13 11:33:07 2025,106
Thu Feb 13 11:34:07 2025,108
Thu Feb 13 11:35:07 2025,105
Thu Feb 13 11:36:07 2025,103
Thu Feb 13 11:37:07 2025,103
Thu Feb 13 11:38:07 2025,104
Thu Feb 13 11:39:08 2025,104
Thu Feb 13 11:40:07 2025,105
Thu Feb 13 11:41:07 2025,104
Thu Feb 13 11:42:07 2025,105
Thu Feb 13 11:43:07 2025,104
Thu Feb 13 11:44:07 2025,105
Thu Feb 13 11:45:07 2025,107
Thu Feb 13 11:46:07 2025,107
Thu Feb 13 11:47:07 2025,107
Thu Feb 13 11:48:07 2025,102
Thu Feb 13 11:49:07 2025,100
Thu Feb 13 11:50:07 2025,103
Thu Feb 13 11:51:07 2025,106
Thu Feb 13 11:52:07 2025,106
Thu Feb 13 11:53:07 2025,108
Thu Feb 13 11:54:07 2025,108
Thu Feb 13 11:55:07 2025,110
Thu Feb 13 11:56:07 2025,109
Thu Feb 13 11:57:08 2025,112
Thu Feb 13 11:58:07 2025,111
Thu Feb 13 11:59:07 2025,114
Thu Feb 13 12:00:07 2025,-
Thu Feb 13 12:01:07 2025,116
Thu Feb 13 12:02:07 2025,118
Thu Feb 13 12:03:07 2025,118
Thu Feb 13 12:04:07 2025,118
Thu Feb 13 12:05:07 2025,119
Thu Feb 13 12:06:07 2025,119
Thu Feb 13 12:07:07 2025,118
Thu Feb 13 12:08:07 2025,120
Thu Feb 13 12:09:07 2025,120
Thu Feb 13 12:10:07 2025,124
Thu Feb 13 12:11:06 2025,123
Thu Feb 13 12:50:08 2025,133
Thu Feb 13 12:51:07 2025,134
Thu Feb 13 12:52:07 2025,135
Thu Feb 13 12:53:06 2025,134
Thu Feb 13 12:54:07 2025,134
Thu Feb 13 12:55:07 2025,135
Thu Feb 13 12:56:07 2025,132
Thu Feb 13 12:57:07 2025,128
Thu Feb 13 12:58:07 2025,129
Thu Feb 13 12:59:07 2025,125
Thu Feb 13 13:00:07 2025,-
Thu Feb 13 13:01:08 2025,123
Thu Feb 13 13:02:07 2025,120
Thu Feb 13 13:03:06 2025,117
Thu Feb 13 13:04:07 2025,117
Thu Feb 13 13:05:07 2025,113
Thu Feb 13 13:06:07 2025,112
Thu Feb 13 13:07:07 2025,113
Thu Feb 13 13:08:07 2025,110
Thu Feb 13 13:09:07 2025,112
Thu Feb 13 13:10:07 2025,110
Thu Feb 13 13:11:07 2025,105
Thu Feb 13 13:12:07 2025,105
Thu Feb 13 13:13:07 2025,105
Thu Feb 13 13:14:07 2025,104
Thu Feb 13 13:15:07 2025,105
Thu Feb 13 13:16:07 2025,104
Thu Feb 13 13:17:07 2025,105
Thu Feb 13 13:18:07 2025,106
Thu Feb 13 13:19:07 2025,104
Thu Feb 13 13:20:07 2025,103
Thu Feb 13 13:21:07 2025,105
Thu Feb 13 13:22:07 2025,104
Thu Feb 13 13:23:07 2025,104
Thu Feb 13 13:24:09 2025,107
Thu Feb 13 13:25:07 2025,102
Thu Feb 13 13:26:07 2025,105
Thu Feb 13 13:27:07 2025,104
Thu Feb 13 13:28:07 2025,105
Thu Feb 13 13:29:07 2025,105
Thu Feb 13 13:30:07 2025,105
Thu Feb 13 13:31:07 2025,103
Thu Feb 13 13:32:07 2025,103
Thu Feb 13 13:33:07 2025,103
Thu Feb 13 13:34:07 2025,104
Thu Feb 13 13:35:07 2025,113
Thu Feb 13 13:36:07 2025,115
Thu Feb 13 13:37:07 2025,112
Thu Feb 13 13:38:07 2025,110
Thu Feb 13 13:39:07 2025,109
Thu Feb 13 13:40:07 2025,107
Thu Feb 13 13:41:07 2025,106
Thu Feb 13 13:42:07 2025,105
Thu Feb 13 13:43:07 2025,103
Thu Feb 13 13:44:07 2025,107
Thu Feb 13 13:45:07 2025,107
Thu Feb 13 13:47:08 2025,104
Thu Feb 13 13:48:07 2025,104
Thu Feb 13 13:49:07 2025,101
Thu Feb 13 13:50:07 2025,101
Thu Feb 13 13:51:07 2025,100
Thu Feb 13 13:52:09 2025,100
Thu Feb 13 13:53:07 2025,100
Thu Feb 13 13:54:07 2025,100
Thu Feb 13 13:55:07 2025,99
Thu Feb 13 13:56:07 2025,100
Thu Feb 13 13:57:07 2025,100
Thu Feb 13 13:58:07 2025,101
Thu Feb 13 13:59:07 2025,103
Thu Feb 13 14:00:08 2025,-
Thu Feb 13 14:01:07 2025,103
Thu Feb 13 14:02:07 2025,103
Thu Feb 13 14:03:06 2025,103
Thu Feb 13 14:04:07 2025,101
Thu Feb 13 14:05:07 2025,99
Thu Feb 13 14:06:07 2025,96
Thu Feb 13 14:07:07 2025,98
Thu Feb 13 14:08:07 2025,99
Thu Feb 13 14:09:07 2025,98
Thu Feb 13 14:10:07 2025,98
Thu Feb 13 14:11:07 2025,99
Thu Feb 13 14:12:06 2025,98
Thu Feb 13 14:13:07 2025,99
Thu Feb 13 14:14:07 2025,98
Thu Feb 13 14:15:07 2025,101
Thu Feb 13 14:16:07 2025,99
Thu Feb 13 14:17:07 2025,99
Thu Feb 13 14:18:07 2025,101
Thu Feb 13 14:19:07 2025,101
Thu Feb 13 14:20:07 2025,102
Thu Feb 13 14:21:07 2025,104
Thu Feb 13 14:22:07 2025,104
Thu Feb 13 14:23:07 2025,105
Thu Feb 13 14:24:06 2025,102
Thu Feb 13 14:25:07 2025,104
Thu Feb 13 14:26:07 2025,106
Thu Feb 13 14:27:07 2025,105
Thu Feb 13 14:28:07 2025,104
Thu Feb 13 14:29:07 2025,105
Thu Feb 13 15:01:37 2025,104
Thu Feb 13 15:02:10 2025,108
Thu Feb 13 15:03:06 2025,108
Thu Feb 13 15:04:07 2025,-
Thu Feb 13 15:05:07 2025,106
Thu Feb 13 15:06:07 2025,107
Thu Feb 13 15:07:07 2025,105
Thu Feb 13 15:08:07 2025,104
Thu Feb 13 15:09:07 2025,105
Thu Feb 13 15:10:07 2025,103
Thu Feb 13 15:11:07 2025,101
Thu Feb 13 15:12:07 2025,101
Thu Feb 13 15:13:07 2025,102
Thu Feb 13 15:14:07 2025,105
Thu Feb 13 15:15:07 2025,107
Thu Feb 13 15:16:07 2025,109
Thu Feb 13 15:17:07 2025,108
Thu Feb 13 15:18:07 2025,110
Thu Feb 13 15:19:07 2025,109
Thu Feb 13 15:20:07 2025,108
Thu Feb 13 15:21:07 2025,108
Thu Feb 13 15:22:07 2025,107
Thu Feb 13 15:23:07 2025,105
Thu Feb 13 15:24:07 2025,102
Thu Feb 13 15:25:07 2025,103
Thu Feb 13 15:26:07 2025,104
Thu Feb 13 15:27:07 2025,101
Thu Feb 13 15:28:06 2025,97
Thu Feb 13 15:29:07 2025,96
Thu Feb 13 15:30:07 2025,98
Thu Feb 13 15:31:07 2025,98
Thu Feb 13 15:32:07 2025,96
Thu Feb 13 15:33:07 2025,95
Thu Feb 13 15:34:07 2025,94
Thu Feb 13 15:38:18 2025,87
Thu Feb 13 15:39:07 2025,87
Thu Feb 13 15:40:07 2025,89
Thu Feb 13 15:41:07 2025,92
Thu Feb 13 15:42:07 2025,92
Thu Feb 13 15:43:07 2025,91
Thu Feb 13 15:44:07 2025,92
Thu Feb 13 15:45:07 2025,92
Thu Feb 13 15:46:07 2025,92
Thu Feb 13 15:47:07 2025,92
Thu Feb 13 15:48:07 2025,91
Thu Feb 13 15:49:07 2025,91
Thu Feb 13 15:50:06 2025,90
Thu Feb 13 15:51:07 2025,89
Thu Feb 13 15:52:07 2025,86
Thu Feb 13 15:53:07 2025,88
Thu Feb 13 15:54:07 2025,84
Thu Feb 13 15:55:07 2025,86
Thu Feb 13 15:56:07 2025,87
Thu Feb 13 15:57:07 2025,88
Thu Feb 13 15:58:07 2025,87
Thu Feb 13 15:59:07 2025,88
Thu Feb 13 16:00:07 2025,-
Thu Feb 13 16:01:06 2025,91
Thu Feb 13 16:02:07 2025,95
Thu Feb 13 16:03:07 2025,95
Thu Feb 13 16:04:07 2025,92
Thu Feb 13 16:05:07 2025,92
Thu Feb 13 16:06:07 2025,90
Thu Feb 13 16:07:07 2025,91
Thu Feb 13 16:08:07 2025,91
Thu Feb 13 16:09:07 2025,91
Thu Feb 13 16:10:07 2025,91
Thu Feb 13 16:11:07 2025,89
Thu Feb 13 16:12:08 2025,89
Thu Feb 13 16:13:06 2025,87
Thu Feb 13 16:14:07 2025,88
Thu Feb 13 16:15:07 2025,90
Thu Feb 13 16:16:07 2025,90
Thu Feb 13 16:17:07 2025,91
Thu Feb 13 16:18:07 2025,91
Thu Feb 13 16:19:07 2025,90
Thu Feb 13 16:20:07 2025,90
Thu Feb 13 16:21:07 2025,90
Thu Feb 13 16:22:07 2025,91
Thu Feb 13 16:23:07 2025,93
Thu Feb 13 16:24:07 2025,92
Thu Feb 13 16:25:07 2025,93
Thu Feb 13 16:26:06 2025,93
Thu Feb 13 16:27:07 2025,91
Thu Feb 13 16:28:09 2025,92
Thu Feb 13 16:29:07 2025,-
Thu Feb 13 16:30:07 2025,94
Thu Feb 13 16:31:07 2025,91
Thu Feb 13 16:32:07 2025,91
Thu Feb 13 16:33:07 2025,89
Thu Feb 13 16:34:07 2025,89
Thu Feb 13 16:35:07 2025,89
Thu Feb 13 16:36:07 2025,91
Thu Feb 13 16:37:07 2025,92
Thu Feb 13 16:38:07 2025,92
Thu Feb 13 16:39:07 2025,93
Thu Feb 13 16:40:07 2025,93
Thu Feb 13 16:41:07 2025,92
Thu Feb 13 16:42:07 2025,88
Thu Feb 13 16:43:07 2025,85
Thu Feb 13 16:44:07 2025,87
Thu Feb 13 16:45:07 2025,87
Thu Feb 13 16:46:11 2025,88
Thu Feb 13 16:47:07 2025,90
Thu Feb 13 16:48:07 2025,86
Thu Feb 13 16:49:07 2025,87
Thu Feb 13 16:50:07 2025,83
Thu Feb 13 16:51:07 2025,84
Thu Feb 13 16:52:07 2025,83
Thu Feb 13 16:53:07 2025,85
Thu Feb 13 16:54:07 2025,86
Thu Feb 13 16:55:07 2025,89
Thu Feb 13 16:56:07 2025,89
Thu Feb 13 16:57:07 2025,90
Thu Feb 13 16:58:07 2025,92
Thu Feb 13 16:59:07 2025,92
Thu Feb 13 17:00:07 2025,-
Thu Feb 13 17:01:06 2025,89
Thu Feb 13 17:02:07 2025,88
Thu Feb 13 17:03:07 2025,87
Thu Feb 13 17:04:07 2025,84
Thu Feb 13 17:05:07 2025,85
Thu Feb 13 17:06:06 2025,85
Thu Feb 13 17:07:07 2025,87
Thu Feb 13 17:08:07 2025,90
Thu Feb 13 17:09:07 2025,92
Thu Feb 13 17:10:08 2025,90
Thu Feb 13 17:11:07 2025,91
Thu Feb 13 17:12:07 2025,90
Thu Feb 13 17:13:07 2025,91
Thu Feb 13 17:14:07 2025,91
Thu Feb 13 17:15:07 2025,89
Thu Feb 13 17:16:07 2025,89
Thu Feb 13 17:17:06 2025,92
Thu Feb 13 17:18:07 2025,91
Thu Feb 13 17:19:07 2025,90
Thu Feb 13 17:20:07 2025,90
Thu Feb 13 17:21:07 2025,91
Thu Feb 13 17:22:07 2025,91
Thu Feb 13 17:23:07 2025,91
Thu Feb 13 17:24:07 2025,93
Thu Feb 13 17:25:07 2025,92
Thu Feb 13 17:26:07 2025,92
Thu Feb 13 17:27:06 2025,92
Thu Feb 13 17:28:07 2025,94
Thu Feb 13 17:29:07 2025,94
Thu Feb 13 17:30:07 2025,93
Thu Feb 13 17:31:06 2025,93
Thu Feb 13 17:32:07 2025,93
Thu Feb 13 23:52:43 2025,2
Thu Feb 13 23:59:01 2025,2
Fri Feb 14 00:00:07 2025,-
Fri Feb 14 00:01:06 2025,2
Fri Feb 14 00:02:06 2025,2
Fri Feb 14 00:03:07 2025,2
Fri Feb 14 00:04:07 2025,2
Fri Feb 14 00:05:07 2025,2
Fri Feb 14 00:06:07 2025,2
Fri Feb 14 00:07:07 2025,2
Fri Feb 14 00:08:06 2025,2
Fri Feb 14 00:09:07 2025,2
Fri Feb 14 00:10:07 2025,2
Fri Feb 14 00:11:07 2025,2
Fri Feb 14 00:12:07 2025,2
Fri Feb 14 00:13:06 2025,2
Fri Feb 14 00:14:07 2025,2
Fri Feb 14 00:15:07 2025,2
Fri Feb 14 00:16:07 2025,2
Fri Feb 14 00:17:07 2025,2
Fri Feb 14 00:18:07 2025,2
Fri Feb 14 00:19:06 2025,2
Fri Feb 14 00:20:07 2025,2
Fri Feb 14 00:21:07 2025,2
Fri Feb 14 00:22:08 2025,2
Fri Feb 14 00:23:07 2025,2
Fri Feb 14 00:24:07 2025,2
Fri Feb 14 00:25:07 2025,2
Fri Feb 14 00:26:07 2025,2
Fri Feb 14 00:27:07 2025,2
Fri Feb 14 00:28:07 2025,2
Fri Feb 14 00:29:07 2025,2
Fri Feb 14 00:30:07 2025,2
Fri Feb 14 00:31:07 2025,2
Fri Feb 14 00:32:07 2025,2
Fri Feb 14 00:33:07 2025,2
Fri Feb 14 00:34:07 2025,2
Fri Feb 14 00:35:07 2025,2
Fri Feb 14 00:36:07 2025,2
Fri Feb 14 00:37:07 2025,2
Fri Feb 14 00:38:07 2025,2
Fri Feb 14 00:39:07 2025,2
Fri Feb 14 00:40:07 2025,2
Fri Feb 14 00:41:07 2025,2
Fri Feb 14 00:42:07 2025,2
Fri Feb 14 00:43:07 2025,2
Fri Feb 14 00:44:07 2025,2
Fri Feb 14 00:45:07 2025,2
Fri Feb 14 00:46:07 2025,2
Fri Feb 14 00:47:07 2025,2
Fri Feb 14 00:48:07 2025,2
Fri Feb 14 00:49:07 2025,2
Fri Feb 14 00:50:07 2025,2
Fri Feb 14 00:51:07 2025,2
Fri Feb 14 00:52:07 2025,2
Fri Feb 14 00:53:07 2025,2
Fri Feb 14 00:54:07 2025,2
Fri Feb 14 00:55:07 2025,2
Fri Feb 14 00:56:07 2025,2
Fri Feb 14 00:57:06 2025,2
Fri Feb 14 00:58:07 2025,2
Fri Feb 14 00:59:07 2025,2
Fri Feb 14 01:00:07 2025,-
Fri Feb 14 03:02:23 2025,2
Fri Feb 14 04:52:44 2025,2
Fri Feb 14 05:55:21 2025,1
Fri Feb 14 07:40:23 2025,113
Fri Feb 14 08:56:00 2025,62
Fri Feb 14 09:10:53 2025,75
Fri Feb 14 09:11:06 2025,76
Fri Feb 14 09:12:07 2025,75
Fri Feb 14 09:13:07 2025,73
Fri Feb 14 09:14:07 2025,72
Fri Feb 14 09:15:07 2025,71
Fri Feb 14 09:16:07 2025,72
Fri Feb 14 09:17:07 2025,76
Fri Feb 14 09:18:07 2025,76
Fri Feb 14 09:19:07 2025,75
Fri Feb 14 09:20:07 2025,72
Fri Feb 14 09:21:07 2025,73
Fri Feb 14 09:22:07 2025,72
Fri Feb 14 09:23:07 2025,74
Fri Feb 14 09:24:07 2025,76
Fri Feb 14 09:25:07 2025,78
Fri Feb 14 09:26:07 2025,77
Fri Feb 14 09:27:07 2025,74
Fri Feb 14 09:28:07 2025,77
Fri Feb 14 09:29:06 2025,76
Fri Feb 14 09:30:07 2025,75
Fri Feb 14 09:31:07 2025,76
Fri Feb 14 09:32:07 2025,75
Fri Feb 14 09:33:07 2025,77
Fri Feb 14 09:34:07 2025,76
Fri Feb 14 09:35:07 2025,76
Fri Feb 14 09:36:07 2025,76
Fri Feb 14 09:37:07 2025,77
Fri Feb 14 09:38:07 2025,77
Fri Feb 14 09:39:06 2025,79
Fri Feb 14 09:40:07 2025,81
Fri Feb 14 09:41:06 2025,81
Fri Feb 14 09:42:07 2025,81
Fri Feb 14 09:43:07 2025,81
Fri Feb 14 09:44:08 2025,80
Fri Feb 14 09:45:07 2025,81
Fri Feb 14 09:46:07 2025,80
Fri Feb 14 09:47:07 2025,83
Fri Feb 14 09:48:07 2025,79
Fri Feb 14 09:49:07 2025,81
Fri Feb 14 09:50:07 2025,80
Fri Feb 14 09:51:07 2025,81
Fri Feb 14 09:52:07 2025,79
Fri Feb 14 09:53:07 2025,79
Fri Feb 14 09:54:07 2025,80
Fri Feb 14 09:55:07 2025,81
Fri Feb 14 09:56:07 2025,77
Fri Feb 14 09:57:07 2025,77
Fri Feb 14 09:58:07 2025,76
Fri Feb 14 09:59:07 2025,79
Fri Feb 14 10:00:07 2025,-
Fri Feb 14 10:01:07 2025,79
Fri Feb 14 10:02:07 2025,80
Fri Feb 14 10:03:07 2025,80
Fri Feb 14 10:04:07 2025,84
Fri Feb 14 10:05:07 2025,85
Fri Feb 14 10:06:07 2025,87
Fri Feb 14 10:07:06 2025,91
Fri Feb 14 10:08:07 2025,92
Fri Feb 14 10:09:07 2025,91
Fri Feb 14 10:10:07 2025,93
Fri Feb 14 10:11:07 2025,94
Fri Feb 14 10:12:08 2025,93
Fri Feb 14 10:13:07 2025,93
Fri Feb 14 10:14:07 2025,93
Fri Feb 14 10:15:07 2025,94
Fri Feb 14 10:16:07 2025,95
Fri Feb 14 10:17:07 2025,94
Fri Feb 14 10:18:07 2025,93
Fri Feb 14 10:19:07 2025,92
Fri Feb 14 10:20:07 2025,91
Fri Feb 14 10:21:07 2025,93
Fri Feb 14 10:22:07 2025,93
Fri Feb 14 10:23:07 2025,93
Fri Feb 14 10:24:07 2025,93
Fri Feb 14 10:25:07 2025,93
Fri Feb 14 10:26:07 2025,95
Fri Feb 14 10:27:07 2025,94
Fri Feb 14 10:28:07 2025,96
Fri Feb 14 10:29:08 2025,96
Fri Feb 14 10:30:07 2025,98
Fri Feb 14 10:31:07 2025,98
Fri Feb 14 10:32:07 2025,99
Fri Feb 14 10:33:07 2025,100
Fri Feb 14 10:34:07 2025,100
Fri Feb 14 10:35:07 2025,99
Fri Feb 14 10:36:07 2025,99
Fri Feb 14 10:37:07 2025,101
Fri Feb 14 10:38:06 2025,100
Fri Feb 14 10:39:07 2025,105
Fri Feb 14 10:40:07 2025,105
Fri Feb 14 10:41:06 2025,108
Fri Feb 14 10:42:07 2025,107
Fri Feb 14 10:43:07 2025,106
Fri Feb 14 10:44:07 2025,106
Fri Feb 14 10:45:07 2025,102
Fri Feb 14 10:46:07 2025,103
Fri Feb 14 10:47:07 2025,102
Fri Feb 14 10:48:07 2025,102
Fri Feb 14 10:49:07 2025,101
Fri Feb 14 10:50:07 2025,101
Fri Feb 14 10:51:07 2025,98
Fri Feb 14 10:52:07 2025,100
Fri Feb 14 10:53:07 2025,101
Fri Feb 14 10:54:07 2025,104
Fri Feb 14 10:55:08 2025,105
Fri Feb 14 10:56:07 2025,109
Fri Feb 14 10:57:07 2025,111
Fri Feb 14 10:58:07 2025,111
Fri Feb 14 10:59:07 2025,113
Fri Feb 14 11:00:07 2025,-
Fri Feb 14 11:01:07 2025,109
Fri Feb 14 11:02:07 2025,109
Fri Feb 14 11:03:07 2025,108
Fri Feb 14 11:04:07 2025,106
Fri Feb 14 11:05:07 2025,109
Fri Feb 14 11:06:07 2025,107
Fri Feb 14 11:07:07 2025,111
Fri Feb 14 11:08:08 2025,112
Fri Feb 14 11:09:07 2025,111
Fri Feb 14 11:10:07 2025,116
Fri Feb 14 11:11:07 2025,116
Fri Feb 14 11:12:07 2025,116
Fri Feb 14 11:13:06 2025,119
Fri Feb 14 11:14:07 2025,119
Fri Feb 14 11:15:07 2025,120
Fri Feb 14 11:16:06 2025,120
Fri Feb 14 11:17:07 2025,120
Fri Feb 14 11:18:07 2025,115
Fri Feb 14 11:19:07 2025,113
Fri Feb 14 11:20:07 2025,113
Fri Feb 14 11:21:07 2025,115
Fri Feb 14 11:22:07 2025,114
Fri Feb 14 11:23:06 2025,115
Fri Feb 14 11:24:07 2025,116
Fri Feb 14 11:25:07 2025,114
Fri Feb 14 11:26:07 2025,114
Fri Feb 14 11:27:07 2025,116
Fri Feb 14 11:28:07 2025,115
Fri Feb 14 11:29:07 2025,113
Fri Feb 14 11:30:06 2025,109
Fri Feb 14 11:31:07 2025,110
Fri Feb 14 11:32:08 2025,111
Fri Feb 14 11:33:07 2025,109
Fri Feb 14 11:34:07 2025,110
Fri Feb 14 11:35:07 2025,109
Fri Feb 14 11:36:07 2025,108
Fri Feb 14 11:37:07 2025,106
Fri Feb 14 11:38:07 2025,107
Fri Feb 14 11:39:07 2025,108
Fri Feb 14 11:40:07 2025,109
Fri Feb 14 11:41:07 2025,107
Fri Feb 14 11:42:07 2025,110
Fri Feb 14 11:43:07 2025,110
Fri Feb 14 11:44:07 2025,110
Fri Feb 14 11:45:07 2025,111
Fri Feb 14 11:46:07 2025,114
Fri Feb 14 11:47:06 2025,116
Fri Feb 14 11:48:07 2025,117
Fri Feb 14 11:49:07 2025,117
Fri Feb 14 11:50:07 2025,116
Fri Feb 14 11:51:07 2025,116
Fri Feb 14 11:52:06 2025,116
Fri Feb 14 11:53:07 2025,119
Fri Feb 14 11:54:07 2025,115
Fri Feb 14 11:55:07 2025,115
Fri Feb 14 11:56:07 2025,112
Fri Feb 14 11:57:07 2025,117
Fri Feb 14 11:58:07 2025,118
Fri Feb 14 11:59:07 2025,118
Fri Feb 14 12:00:07 2025,-
Fri Feb 14 12:01:07 2025,119
Fri Feb 14 12:02:07 2025,118
Fri Feb 14 12:03:07 2025,117
Fri Feb 14 12:04:07 2025,118
Fri Feb 14 12:05:07 2025,119
Fri Feb 14 12:06:08 2025,118
Fri Feb 14 12:07:07 2025,120
Fri Feb 14 12:08:07 2025,120
Fri Feb 14 12:09:07 2025,120
Fri Feb 14 12:10:07 2025,122
Fri Feb 14 12:11:07 2025,122
Fri Feb 14 12:12:07 2025,126
Fri Feb 14 12:13:07 2025,126
Fri Feb 14 12:14:07 2025,128
Fri Feb 14 12:15:07 2025,128
Fri Feb 14 12:16:07 2025,130
Fri Feb 14 12:17:07 2025,130
Fri Feb 14 12:18:07 2025,131
Fri Feb 14 12:35:44 2025,122
Fri Feb 14 12:36:07 2025,122
Fri Feb 14 12:37:06 2025,118
Fri Feb 14 12:38:07 2025,118
Fri Feb 14 12:39:07 2025,120
Fri Feb 14 12:40:07 2025,121
Fri Feb 14 12:41:08 2025,119
Fri Feb 14 12:42:07 2025,121
Fri Feb 14 12:43:06 2025,122
Fri Feb 14 12:44:07 2025,122
Fri Feb 14 12:45:07 2025,121
Fri Feb 14 12:46:07 2025,121
Fri Feb 14 12:47:07 2025,118
Fri Feb 14 12:48:07 2025,110
Fri Feb 14 12:49:07 2025,110
Fri Feb 14 12:50:07 2025,110
Fri Feb 14 12:51:07 2025,109
Fri Feb 14 12:52:07 2025,111
Fri Feb 14 12:53:07 2025,114
Fri Feb 14 12:54:07 2025,115
Fri Feb 14 12:55:06 2025,117
Fri Feb 14 12:56:08 2025,118
Fri Feb 14 12:57:07 2025,118
Fri Feb 14 12:58:07 2025,119
Fri Feb 14 12:59:07 2025,119
Fri Feb 14 13:00:07 2025,-
Fri Feb 14 13:01:07 2025,118
Fri Feb 14 13:02:07 2025,120
Fri Feb 14 13:03:07 2025,120
Fri Feb 14 13:04:07 2025,120
Fri Feb 14 13:05:07 2025,119
Fri Feb 14 13:06:07 2025,116
Fri Feb 14 13:07:07 2025,113
Fri Feb 14 13:08:07 2025,111
Fri Feb 14 13:09:07 2025,110
Fri Feb 14 13:10:07 2025,110
Fri Feb 14 13:11:07 2025,104
Fri Feb 14 13:12:07 2025,104
Fri Feb 14 13:13:07 2025,106
Fri Feb 14 13:14:07 2025,102
Fri Feb 14 13:15:07 2025,103
Fri Feb 14 13:16:07 2025,104
Fri Feb 14 13:17:07 2025,103
Fri Feb 14 13:18:07 2025,102
Fri Feb 14 13:19:07 2025,97
Fri Feb 14 13:20:08 2025,95
Fri Feb 14 13:21:07 2025,94
Fri Feb 14 13:22:07 2025,96
Fri Feb 14 13:23:07 2025,94
Fri Feb 14 13:24:07 2025,92
Fri Feb 14 13:25:07 2025,92
Fri Feb 14 13:26:07 2025,90
Fri Feb 14 13:27:07 2025,90
Fri Feb 14 13:28:07 2025,95
Fri Feb 14 13:29:07 2025,96
Fri Feb 14 13:30:07 2025,92
Fri Feb 14 13:31:07 2025,92
Fri Feb 14 13:32:08 2025,93
Fri Feb 14 13:33:07 2025,91
Fri Feb 14 13:34:07 2025,92
Fri Feb 14 13:35:07 2025,94
Fri Feb 14 13:36:07 2025,96
Fri Feb 14 13:37:07 2025,97
Fri Feb 14 13:38:07 2025,95
Fri Feb 14 13:39:07 2025,95
Fri Feb 14 13:40:07 2025,95
Fri Feb 14 13:41:06 2025,95
Fri Feb 14 13:42:07 2025,97
Fri Feb 14 13:43:07 2025,97
Fri Feb 14 13:44:07 2025,98
Fri Feb 14 13:45:07 2025,98
Fri Feb 14 13:46:07 2025,95
Fri Feb 14 13:47:07 2025,95
Fri Feb 14 13:48:07 2025,95
Fri Feb 14 13:49:07 2025,94
Fri Feb 14 13:50:07 2025,93
Fri Feb 14 13:51:07 2025,92
Fri Feb 14 13:52:07 2025,91
Fri Feb 14 13:53:07 2025,92
Fri Feb 14 13:54:07 2025,89
Fri Feb 14 13:55:07 2025,90
Fri Feb 14 13:56:07 2025,87
Fri Feb 14 13:57:06 2025,88
Fri Feb 14 13:58:07 2025,102
Fri Feb 14 13:59:07 2025,100
Fri Feb 14 14:00:07 2025,-
Fri Feb 14 14:01:07 2025,100
Fri Feb 14 14:02:06 2025,102
Fri Feb 14 14:24:24 2025,112
Fri Feb 14 14:27:53 2025,115
Mon Feb 17 11:23:13 2025,95
Mon Feb 17 11:24:06 2025,96
Mon Feb 17 11:25:07 2025,96
Mon Feb 17 11:26:07 2025,94
Mon Feb 17 11:27:07 2025,98
Mon Feb 17 11:28:07 2025,94
Mon Feb 17 11:29:07 2025,95
Mon Feb 17 11:30:08 2025,94
Mon Feb 17 11:31:07 2025,89
Mon Feb 17 11:32:07 2025,85
Mon Feb 17 11:33:07 2025,85
Mon Feb 17 11:34:07 2025,83
Mon Feb 17 11:35:07 2025,84
Mon Feb 17 11:36:07 2025,84
Mon Feb 17 11:37:07 2025,80
Mon Feb 17 11:38:07 2025,81
Mon Feb 17 11:39:08 2025,81
Mon Feb 17 11:40:07 2025,81
Mon Feb 17 11:41:11 2025,83
Mon Feb 17 11:42:07 2025,85
Mon Feb 17 11:43:07 2025,85
Mon Feb 17 11:44:07 2025,88
Mon Feb 17 11:45:07 2025,86
Mon Feb 17 11:46:07 2025,85
Mon Feb 17 11:47:07 2025,88
Mon Feb 17 11:48:07 2025,86
Mon Feb 17 11:49:07 2025,85
Mon Feb 17 11:50:07 2025,85
Mon Feb 17 11:51:07 2025,87
Mon Feb 17 11:52:07 2025,89
Mon Feb 17 11:53:08 2025,94
Mon Feb 17 11:54:07 2025,96
Mon Feb 17 11:55:07 2025,97
Mon Feb 17 11:56:07 2025,98
Mon Feb 17 11:57:07 2025,99
Mon Feb 17 11:58:07 2025,104
Mon Feb 17 11:59:07 2025,104
Mon Feb 17 12:00:07 2025,-
Mon Feb 17 12:01:07 2025,108
Mon Feb 17 12:02:07 2025,107
Mon Feb 17 12:03:07 2025,106
Mon Feb 17 12:04:07 2025,105
Mon Feb 17 12:05:07 2025,108
Mon Feb 17 12:06:07 2025,109
Mon Feb 17 12:07:07 2025,108
Mon Feb 17 12:08:07 2025,105
Mon Feb 17 12:09:07 2025,107
Mon Feb 17 12:10:07 2025,106
Mon Feb 17 12:11:07 2025,105
Mon Feb 17 12:12:07 2025,104
Mon Feb 17 12:28:05 2025,119
Mon Feb 17 12:40:53 2025,120
Mon Feb 17 12:41:06 2025,120
Mon Feb 17 12:42:07 2025,124
Mon Feb 17 12:43:07 2025,123
Mon Feb 17 12:44:07 2025,122
Mon Feb 17 12:45:07 2025,120
Mon Feb 17 12:46:07 2025,121
Mon Feb 17 12:47:06 2025,120
Mon Feb 17 12:48:07 2025,118
Mon Feb 17 12:49:07 2025,119
Mon Feb 17 12:50:07 2025,120
Mon Feb 17 12:51:07 2025,120
Mon Feb 17 12:52:07 2025,119
Mon Feb 17 12:53:07 2025,123
Mon Feb 17 12:54:07 2025,122
Mon Feb 17 12:55:07 2025,123
Mon Feb 17 12:56:07 2025,123
Mon Feb 17 12:57:07 2025,124
Mon Feb 17 12:58:07 2025,123
Mon Feb 17 12:59:07 2025,124
Mon Feb 17 13:00:07 2025,-
Mon Feb 17 13:01:07 2025,127
Mon Feb 17 13:02:07 2025,128
Mon Feb 17 13:03:06 2025,129
Mon Feb 17 13:04:07 2025,131
Mon Feb 17 13:05:08 2025,129
Mon Feb 17 13:06:06 2025,131
Mon Feb 17 13:07:07 2025,128
Mon Feb 17 13:08:07 2025,127
Mon Feb 17 13:09:07 2025,126
Mon Feb 17 13:10:07 2025,125
Mon Feb 17 13:11:07 2025,127
Mon Feb 17 13:12:07 2025,128
Mon Feb 17 13:13:07 2025,126
Mon Feb 17 13:14:07 2025,126
Mon Feb 17 13:15:07 2025,123
Mon Feb 17 13:16:07 2025,118
Mon Feb 17 13:17:07 2025,116
Mon Feb 17 13:18:08 2025,116
Mon Feb 17 13:19:07 2025,114
Mon Feb 17 13:20:07 2025,110
Mon Feb 17 13:21:07 2025,107
Mon Feb 17 13:22:07 2025,104
Mon Feb 17 13:23:07 2025,104
Mon Feb 17 13:24:07 2025,103
Mon Feb 17 13:25:07 2025,101
Mon Feb 17 13:26:07 2025,101
Mon Feb 17 13:27:07 2025,99
Mon Feb 17 13:28:07 2025,97
Mon Feb 17 13:29:07 2025,92
Mon Feb 17 13:30:07 2025,91
Mon Feb 17 13:31:07 2025,89
Mon Feb 17 13:32:07 2025,89
Mon Feb 17 13:33:07 2025,91
Mon Feb 17 13:34:07 2025,89
Mon Feb 17 13:35:07 2025,83
Mon Feb 17 13:36:07 2025,84
Mon Feb 17 13:37:07 2025,84
Mon Feb 17 13:38:07 2025,83
Mon Feb 17 13:39:07 2025,84
Mon Feb 17 13:40:06 2025,82
Mon Feb 17 13:41:07 2025,82
Mon Feb 17 13:42:07 2025,81
Mon Feb 17 13:43:07 2025,81
Mon Feb 17 13:44:07 2025,79
Mon Feb 17 13:45:11 2025,81
Mon Feb 17 13:46:07 2025,81
Mon Feb 17 13:47:06 2025,81
Mon Feb 17 13:48:07 2025,79
Mon Feb 17 13:49:07 2025,77
Mon Feb 17 13:50:08 2025,77
Mon Feb 17 13:51:07 2025,77
Mon Feb 17 13:52:07 2025,74
Mon Feb 17 13:53:07 2025,73
Mon Feb 17 13:54:07 2025,74
Mon Feb 17 13:55:07 2025,76
Mon Feb 17 13:56:07 2025,78
Mon Feb 17 13:57:07 2025,76
Mon Feb 17 13:58:07 2025,73
Mon Feb 17 13:59:07 2025,72
Mon Feb 17 14:00:07 2025,-
Mon Feb 17 14:01:07 2025,85
Mon Feb 17 14:02:08 2025,85
Mon Feb 17 14:03:07 2025,85
Mon Feb 17 14:04:07 2025,83
Mon Feb 17 14:05:07 2025,80
Mon Feb 17 14:06:07 2025,80
Mon Feb 17 14:07:07 2025,79
Mon Feb 17 14:08:06 2025,79
Mon Feb 17 14:09:07 2025,80
Mon Feb 17 14:10:07 2025,83
Mon Feb 17 14:11:07 2025,83
Mon Feb 17 14:12:07 2025,86
Mon Feb 17 14:13:07 2025,90
Mon Feb 17 14:14:07 2025,88
Mon Feb 17 14:15:07 2025,89
Mon Feb 17 14:16:07 2025,88
Mon Feb 17 14:17:07 2025,85
Mon Feb 17 14:18:07 2025,85
Mon Feb 17 14:19:07 2025,101
Mon Feb 17 14:20:07 2025,101
Mon Feb 17 14:21:07 2025,102
Mon Feb 17 14:22:07 2025,101
Mon Feb 17 14:23:07 2025,103
Mon Feb 17 14:24:07 2025,103
Mon Feb 17 14:25:07 2025,105
Mon Feb 17 14:26:07 2025,104
Mon Feb 17 14:27:06 2025,105
Mon Feb 17 14:28:07 2025,100
Mon Feb 17 14:29:07 2025,100
Mon Feb 17 14:30:07 2025,101
Mon Feb 17 14:31:07 2025,101
Mon Feb 17 14:32:06 2025,103
Mon Feb 17 14:33:07 2025,103
Mon Feb 17 14:34:07 2025,104
Mon Feb 17 14:35:07 2025,105
Mon Feb 17 14:36:07 2025,106
Mon Feb 17 14:37:07 2025,106
Mon Feb 17 14:38:07 2025,109
Mon Feb 17 14:39:07 2025,109
Mon Feb 17 14:40:07 2025,111
Mon Feb 17 14:41:07 2025,115
Mon Feb 17 14:42:07 2025,115
Mon Feb 17 14:43:07 2025,117
Mon Feb 17 14:44:07 2025,117
Mon Feb 17 14:45:07 2025,117
Mon Feb 17 14:46:07 2025,118
Mon Feb 17 14:47:06 2025,119
Mon Feb 17 14:48:07 2025,119
Mon Feb 17 14:49:07 2025,118
Mon Feb 17 14:50:07 2025,117
Mon Feb 17 14:51:07 2025,117
Mon Feb 17 14:52:07 2025,115
Mon Feb 17 14:53:07 2025,115
Mon Feb 17 14:54:08 2025,115
Mon Feb 17 14:55:07 2025,114
Mon Feb 17 14:56:07 2025,114
Mon Feb 17 14:57:07 2025,115
Mon Feb 17 14:58:07 2025,116
Mon Feb 17 14:59:07 2025,116
Mon Feb 17 15:00:08 2025,-
Mon Feb 17 15:01:07 2025,115
Mon Feb 17 15:02:08 2025,115
Mon Feb 17 15:03:07 2025,113
Mon Feb 17 15:04:10 2025,117
Mon Feb 17 15:05:07 2025,117
Mon Feb 17 15:06:07 2025,117
Mon Feb 17 15:07:07 2025,118
Mon Feb 17 15:08:07 2025,117
Mon Feb 17 15:09:07 2025,118
Mon Feb 17 15:10:07 2025,114
Mon Feb 17 15:11:07 2025,116
Mon Feb 17 15:12:06 2025,113
Mon Feb 17 15:13:07 2025,113
Mon Feb 17 15:14:07 2025,113
Mon Feb 17 15:15:07 2025,115
Mon Feb 17 15:16:07 2025,114
Mon Feb 17 15:17:07 2025,114
Mon Feb 17 15:18:07 2025,114
Mon Feb 17 15:19:07 2025,114
Mon Feb 17 15:20:07 2025,115
Mon Feb 17 15:21:07 2025,115
Mon Feb 17 15:22:07 2025,115
Mon Feb 17 15:23:07 2025,111
Mon Feb 17 15:24:06 2025,112
Mon Feb 17 15:25:07 2025,114
Mon Feb 17 15:26:07 2025,113
Mon Feb 17 15:27:07 2025,112
Mon Feb 17 15:28:07 2025,113
Mon Feb 17 15:29:07 2025,112
Mon Feb 17 15:30:08 2025,112
Mon Feb 17 15:31:07 2025,112
Mon Feb 17 15:32:07 2025,113
Mon Feb 17 15:33:07 2025,112
Mon Feb 17 15:34:07 2025,109
Mon Feb 17 15:35:07 2025,110
Mon Feb 17 15:36:07 2025,110
Mon Feb 17 15:37:06 2025,108
Mon Feb 17 15:38:07 2025,106
Mon Feb 17 15:39:07 2025,105
Mon Feb 17 15:40:07 2025,106
Mon Feb 17 15:41:07 2025,104
Mon Feb 17 15:42:06 2025,101
Mon Feb 17 15:43:07 2025,102
Mon Feb 17 15:44:07 2025,103
Mon Feb 17 15:45:07 2025,103
Mon Feb 17 15:46:07 2025,102
Mon Feb 17 15:47:07 2025,104
Mon Feb 17 15:48:07 2025,103
Mon Feb 17 15:49:07 2025,103
Mon Feb 17 15:50:08 2025,100
Mon Feb 17 15:51:06 2025,102
Mon Feb 17 15:52:07 2025,100
Mon Feb 17 15:53:07 2025,98
Mon Feb 17 15:54:07 2025,83
Mon Feb 17 15:55:07 2025,77
Mon Feb 17 15:56:06 2025,75
Mon Feb 17 15:57:07 2025,73
Mon Feb 17 15:58:07 2025,75
Mon Feb 17 15:59:07 2025,74
Mon Feb 17 16:00:07 2025,-
Mon Feb 17 16:01:08 2025,75
Mon Feb 17 16:02:07 2025,77
Mon Feb 17 16:03:06 2025,74
Mon Feb 17 16:04:07 2025,75
Mon Feb 17 16:05:08 2025,76
Mon Feb 17 16:06:06 2025,71
Mon Feb 17 16:07:07 2025,73
Mon Feb 17 16:08:07 2025,72
Mon Feb 17 16:09:07 2025,72
Mon Feb 17 16:10:07 2025,72
Mon Feb 17 16:11:07 2025,73
Mon Feb 17 16:12:07 2025,72
Mon Feb 17 16:13:07 2025,72
Mon Feb 17 16:14:07 2025,73
Mon Feb 17 16:15:07 2025,73
Mon Feb 17 16:16:07 2025,75
Mon Feb 17 16:17:07 2025,75
Mon Feb 17 16:18:06 2025,75
Mon Feb 17 16:19:07 2025,75
Mon Feb 17 16:20:07 2025,76
Mon Feb 17 16:21:07 2025,76
Mon Feb 17 16:22:07 2025,78
Mon Feb 17 16:23:07 2025,77
Mon Feb 17 16:24:07 2025,77
Mon Feb 17 16:25:07 2025,76
Mon Feb 17 16:26:07 2025,78
Mon Feb 17 16:27:07 2025,78
Mon Feb 17 16:28:07 2025,76
Mon Feb 17 16:29:07 2025,75
Mon Feb 17 16:30:07 2025,80
Mon Feb 17 16:31:07 2025,81
Mon Feb 17 16:32:07 2025,84
Mon Feb 17 16:33:07 2025,84
Mon Feb 17 16:34:07 2025,84
Mon Feb 17 16:35:07 2025,83
Mon Feb 17 16:36:07 2025,81
Mon Feb 17 16:37:07 2025,80
Mon Feb 17 16:38:07 2025,79
Mon Feb 17 16:39:07 2025,82
Mon Feb 17 16:40:07 2025,82
Mon Feb 17 16:41:07 2025,82
Mon Feb 17 16:42:07 2025,82
Mon Feb 17 16:43:07 2025,83
Mon Feb 17 16:47:45 2025,84
Mon Feb 17 21:37:07 2025,99
Mon Feb 17 21:38:07 2025,97
Mon Feb 17 21:39:07 2025,94
Mon Feb 17 21:40:07 2025,91
Mon Feb 17 21:41:07 2025,90
Mon Feb 17 21:42:07 2025,88
Mon Feb 17 21:43:07 2025,88
Mon Feb 17 21:44:07 2025,86
Mon Feb 17 21:45:08 2025,84
Mon Feb 17 21:46:07 2025,82
Mon Feb 17 21:47:07 2025,80
Mon Feb 17 21:48:07 2025,77
Mon Feb 17 21:49:07 2025,76
Mon Feb 17 21:50:07 2025,72
Mon Feb 17 21:51:07 2025,68
Mon Feb 17 21:52:07 2025,66
Mon Feb 17 21:53:07 2025,65
Mon Feb 17 21:54:07 2025,61
Mon Feb 17 21:55:07 2025,61
Mon Feb 17 21:56:07 2025,54
Mon Feb 17 21:57:07 2025,50
Mon Feb 17 21:58:07 2025,46
Mon Feb 17 21:59:07 2025,45
Mon Feb 17 22:00:07 2025,-
Mon Feb 17 22:01:07 2025,37
Mon Feb 17 22:02:07 2025,33
Mon Feb 17 22:03:07 2025,32
Mon Feb 17 22:04:07 2025,29
Mon Feb 17 22:05:07 2025,26
Mon Feb 17 22:06:07 2025,22
Mon Feb 17 22:07:07 2025,19
Mon Feb 17 22:08:08 2025,18
Mon Feb 17 22:09:07 2025,12
Mon Feb 17 22:10:07 2025,6
Mon Feb 17 22:11:07 2025,1
Mon Feb 17 22:12:07 2025,0
Mon Feb 17 22:13:07 2025,0
Mon Feb 17 22:14:07 2025,0
Mon Feb 17 22:15:07 2025,0
Mon Feb 17 22:16:07 2025,0
Mon Feb 17 22:17:07 2025,0
Mon Feb 17 22:18:07 2025,0
Mon Feb 17 22:19:07 2025,0
Mon Feb 17 22:20:07 2025,0
Mon Feb 17 22:21:07 2025,0
Mon Feb 17 22:22:07 2025,0
Mon Feb 17 22:23:07 2025,0
Mon Feb 17 22:24:07 2025,1
Mon Feb 17 22:25:07 2025,0
Mon Feb 17 22:26:07 2025,0
Mon Feb 17 22:27:07 2025,0
Mon Feb 17 22:28:07 2025,0
Mon Feb 17 22:29:07 2025,0
Mon Feb 17 22:30:07 2025,0
Mon Feb 17 22:31:07 2025,0
Mon Feb 17 22:32:07 2025,0
Mon Feb 17 22:33:07 2025,0
Mon Feb 17 22:34:07 2025,0
Mon Feb 17 22:35:07 2025,0
Mon Feb 17 22:36:07 2025,0
Mon Feb 17 22:37:08 2025,0
Mon Feb 17 22:38:07 2025,0
Mon Feb 17 22:39:07 2025,0
Mon Feb 17 22:40:07 2025,0
Mon Feb 17 22:41:07 2025,0
Mon Feb 17 22:42:08 2025,0
Mon Feb 17 22:43:07 2025,0
Mon Feb 17 22:44:07 2025,0
Mon Feb 17 22:45:07 2025,0
Mon Feb 17 22:46:07 2025,0
Mon Feb 17 22:47:07 2025,0
Mon Feb 17 22:48:07 2025,0
Mon Feb 17 22:49:07 2025,0
Mon Feb 17 22:50:07 2025,0
Mon Feb 17 22:51:07 2025,0
Mon Feb 17 22:52:07 2025,1
Mon Feb 17 22:53:07 2025,1
Mon Feb 17 22:54:07 2025,2
Mon Feb 17 22:55:07 2025,2
Mon Feb 17 22:56:07 2025,1
Mon Feb 17 22:57:07 2025,1
Mon Feb 17 22:58:07 2025,2
Mon Feb 17 22:59:07 2025,1
Mon Feb 17 23:00:07 2025,-
Mon Feb 17 23:01:07 2025,2
Mon Feb 17 23:02:07 2025,1
Mon Feb 17 23:03:07 2025,1
Mon Feb 17 23:04:07 2025,1
Mon Feb 17 23:05:07 2025,2
Mon Feb 17 23:06:07 2025,2
Mon Feb 17 23:07:07 2025,0
Mon Feb 17 23:08:07 2025,1
Mon Feb 17 23:09:09 2025,1
Tue Feb 18 08:20:28 2025,89
Tue Feb 18 08:24:33 2025,81
Tue Feb 18 08:25:08 2025,82
Tue Feb 18 08:26:07 2025,83
Tue Feb 18 08:27:07 2025,84
Tue Feb 18 08:28:07 2025,84
Tue Feb 18 08:29:08 2025,87
Tue Feb 18 08:30:07 2025,88
Tue Feb 18 08:31:07 2025,88
Tue Feb 18 08:32:07 2025,89
Tue Feb 18 08:33:07 2025,82
Tue Feb 18 08:34:07 2025,82
Tue Feb 18 08:35:07 2025,81
Tue Feb 18 08:36:07 2025,81
Tue Feb 18 08:37:07 2025,81
Tue Feb 18 08:38:07 2025,80
Tue Feb 18 08:39:06 2025,80
Tue Feb 18 08:40:07 2025,77
Tue Feb 18 08:41:07 2025,74
Tue Feb 18 08:42:07 2025,74
Tue Feb 18 08:43:07 2025,74
Tue Feb 18 08:44:07 2025,75
Tue Feb 18 08:45:07 2025,77
Tue Feb 18 08:46:07 2025,75
Tue Feb 18 08:47:08 2025,73
Tue Feb 18 08:48:07 2025,71
Tue Feb 18 08:49:06 2025,68
Tue Feb 18 08:50:06 2025,71
Tue Feb 18 08:51:07 2025,66
Tue Feb 18 08:52:07 2025,63
Tue Feb 18 08:53:07 2025,61
Tue Feb 18 08:54:06 2025,61
Tue Feb 18 08:55:07 2025,64
Tue Feb 18 08:56:07 2025,63
Tue Feb 18 08:57:07 2025,63
Tue Feb 18 08:58:06 2025,65
Tue Feb 18 08:59:07 2025,65
Tue Feb 18 09:00:08 2025,-
Tue Feb 18 09:01:07 2025,64
Tue Feb 18 09:02:07 2025,64
Tue Feb 18 09:03:07 2025,63
Tue Feb 18 09:04:07 2025,61
Tue Feb 18 09:05:07 2025,62
Tue Feb 18 09:06:07 2025,63
Tue Feb 18 09:07:07 2025,64
Tue Feb 18 09:08:06 2025,60
Tue Feb 18 09:09:07 2025,57
Tue Feb 18 09:10:08 2025,59
Tue Feb 18 09:11:08 2025,60
Tue Feb 18 09:12:07 2025,57
Tue Feb 18 09:13:07 2025,58
Tue Feb 18 09:14:06 2025,57
Tue Feb 18 09:15:08 2025,55
Tue Feb 18 09:16:07 2025,55
Tue Feb 18 09:17:07 2025,56
Tue Feb 18 09:18:07 2025,56
Tue Feb 18 09:19:07 2025,58
Tue Feb 18 09:20:07 2025,56
Tue Feb 18 09:21:08 2025,60
Tue Feb 18 09:22:07 2025,60
Tue Feb 18 09:23:07 2025,60
Tue Feb 18 09:24:07 2025,59
Tue Feb 18 09:25:07 2025,61
Tue Feb 18 09:26:07 2025,62
Tue Feb 18 09:27:07 2025,63
Tue Feb 18 09:28:07 2025,64
Tue Feb 18 09:29:07 2025,63
Tue Feb 18 09:30:07 2025,62
Tue Feb 18 09:31:07 2025,62
Tue Feb 18 09:32:07 2025,65
Tue Feb 18 09:33:07 2025,65
Tue Feb 18 09:34:07 2025,65
Tue Feb 18 09:35:07 2025,65
Tue Feb 18 09:36:07 2025,65
Tue Feb 18 09:37:07 2025,65
Tue Feb 18 09:38:07 2025,64
Tue Feb 18 09:39:07 2025,65
Tue Feb 18 09:40:07 2025,65
Tue Feb 18 09:41:07 2025,65
Tue Feb 18 09:42:07 2025,67
Tue Feb 18 09:43:07 2025,69
Tue Feb 18 09:44:07 2025,68
Tue Feb 18 09:45:07 2025,67
Tue Feb 18 09:46:07 2025,66
Tue Feb 18 09:47:07 2025,65
Tue Feb 18 09:48:07 2025,62
Tue Feb 18 09:49:07 2025,60
Tue Feb 18 09:50:07 2025,60
Tue Feb 18 09:51:07 2025,59
Tue Feb 18 09:52:07 2025,61
Tue Feb 18 09:53:07 2025,61
Tue Feb 18 09:54:07 2025,61
Tue Feb 18 09:55:07 2025,64
Tue Feb 18 09:56:07 2025,64
Tue Feb 18 09:57:07 2025,64
Tue Feb 18 09:58:08 2025,67
Tue Feb 18 09:59:07 2025,68
Tue Feb 18 10:00:07 2025,-
Tue Feb 18 10:01:06 2025,73
Tue Feb 18 10:02:07 2025,73
Tue Feb 18 10:03:07 2025,73
Tue Feb 18 10:04:07 2025,74
Tue Feb 18 10:05:07 2025,75
Tue Feb 18 10:06:07 2025,74
Tue Feb 18 10:07:07 2025,77
Tue Feb 18 10:08:07 2025,77
Tue Feb 18 10:09:07 2025,76
Tue Feb 18 10:10:07 2025,74
Tue Feb 18 10:11:07 2025,73
Tue Feb 18 10:12:07 2025,74
Tue Feb 18 10:13:07 2025,73
Tue Feb 18 10:14:08 2025,72
Tue Feb 18 10:15:07 2025,72
Tue Feb 18 10:16:07 2025,74
Tue Feb 18 10:17:07 2025,73
Tue Feb 18 10:18:07 2025,76
Tue Feb 18 10:19:07 2025,76
Tue Feb 18 10:20:07 2025,73
Tue Feb 18 10:21:07 2025,73
Tue Feb 18 10:22:07 2025,72
Tue Feb 18 10:23:07 2025,71
Tue Feb 18 10:24:07 2025,69
Tue Feb 18 10:25:07 2025,69
Tue Feb 18 10:26:07 2025,69
Tue Feb 18 10:27:07 2025,69
Tue Feb 18 10:28:07 2025,70
Tue Feb 18 10:29:07 2025,87
Tue Feb 18 10:30:07 2025,87
Tue Feb 18 10:31:07 2025,89
Tue Feb 18 10:32:07 2025,91
Tue Feb 18 10:33:07 2025,90
Tue Feb 18 10:34:07 2025,89
Tue Feb 18 10:35:07 2025,90
Tue Feb 18 10:36:07 2025,90
Tue Feb 18 10:37:07 2025,89
Tue Feb 18 10:38:07 2025,89
Tue Feb 18 10:39:07 2025,89
Tue Feb 18 10:40:07 2025,91
Tue Feb 18 10:41:07 2025,92
Tue Feb 18 10:42:07 2025,93
Tue Feb 18 10:43:07 2025,92
Tue Feb 18 10:44:07 2025,94
Tue Feb 18 10:45:07 2025,93
Tue Feb 18 10:46:07 2025,92
Tue Feb 18 10:47:07 2025,93
Tue Feb 18 10:48:07 2025,94
Tue Feb 18 10:49:07 2025,93
Tue Feb 18 10:50:07 2025,93
Tue Feb 18 10:51:07 2025,93
Tue Feb 18 10:52:07 2025,93
Tue Feb 18 10:53:06 2025,93
Tue Feb 18 10:54:07 2025,94
Tue Feb 18 10:55:07 2025,94
Tue Feb 18 10:56:07 2025,94
Tue Feb 18 10:57:07 2025,95
Tue Feb 18 10:58:07 2025,93
Tue Feb 18 10:59:07 2025,96
Tue Feb 18 11:00:07 2025,-
Tue Feb 18 11:01:07 2025,95
Tue Feb 18 11:02:07 2025,96
Tue Feb 18 11:03:07 2025,95
Tue Feb 18 11:04:07 2025,95
Tue Feb 18 11:05:07 2025,98
Tue Feb 18 11:06:07 2025,96
Tue Feb 18 11:07:07 2025,96
Tue Feb 18 11:08:07 2025,95
Tue Feb 18 11:09:07 2025,96
Tue Feb 18 11:10:07 2025,94
Tue Feb 18 11:11:07 2025,92
Tue Feb 18 11:12:07 2025,91
Tue Feb 18 11:13:07 2025,89
Tue Feb 18 11:14:07 2025,90
Tue Feb 18 11:15:07 2025,89
Tue Feb 18 11:16:07 2025,89
Tue Feb 18 11:17:07 2025,87
Tue Feb 18 11:18:07 2025,89
Tue Feb 18 11:19:07 2025,90
Tue Feb 18 11:20:07 2025,89
Tue Feb 18 11:21:07 2025,89
Tue Feb 18 11:22:07 2025,89
Tue Feb 18 11:23:07 2025,89
Tue Feb 18 11:24:07 2025,87
Tue Feb 18 11:25:07 2025,87
Tue Feb 18 11:26:07 2025,88
Tue Feb 18 11:27:07 2025,89
Tue Feb 18 11:28:07 2025,90
Tue Feb 18 11:29:06 2025,90
Tue Feb 18 12:10:06 2025,119
Tue Feb 18 12:11:06 2025,123
Tue Feb 18 12:12:07 2025,124
Tue Feb 18 12:13:07 2025,123
Tue Feb 18 12:14:07 2025,130
Tue Feb 18 12:15:07 2025,130
Tue Feb 18 12:16:07 2025,132
Tue Feb 18 12:17:07 2025,132
Tue Feb 18 12:18:06 2025,135
Tue Feb 18 12:19:06 2025,140
Tue Feb 18 12:20:07 2025,142
Tue Feb 18 12:21:07 2025,141
Tue Feb 18 12:22:07 2025,146
Tue Feb 18 12:23:07 2025,148
Tue Feb 18 12:24:07 2025,149
Tue Feb 18 12:25:07 2025,149
Tue Feb 18 12:26:06 2025,151
Tue Feb 18 12:27:10 2025,152
Tue Feb 18 12:28:06 2025,155
Tue Feb 18 12:29:06 2025,156
Tue Feb 18 12:30:06 2025,153
Tue Feb 18 12:31:07 2025,150
Tue Feb 18 12:32:07 2025,151
Tue Feb 18 12:33:07 2025,152
Tue Feb 18 12:34:06 2025,153
Tue Feb 18 12:35:07 2025,153
Tue Feb 18 12:36:06 2025,150
Tue Feb 18 12:37:06 2025,149
Tue Feb 18 12:38:07 2025,148
Tue Feb 18 12:39:07 2025,147
Tue Feb 18 12:40:06 2025,143
Tue Feb 18 12:41:07 2025,138
Tue Feb 18 12:42:06 2025,139
Tue Feb 18 12:43:07 2025,139
Tue Feb 18 12:44:07 2025,137
Tue Feb 18 12:45:07 2025,-
Tue Feb 18 12:46:07 2025,138
Tue Feb 18 12:47:07 2025,137
Tue Feb 18 12:48:07 2025,135
Tue Feb 18 12:49:07 2025,131
Tue Feb 18 12:50:06 2025,131
Tue Feb 18 12:51:07 2025,134
Tue Feb 18 12:52:09 2025,134
Tue Feb 18 12:53:06 2025,134
Tue Feb 18 12:54:16 2025,136
Tue Feb 18 12:55:07 2025,134
Tue Feb 18 12:56:07 2025,132
Tue Feb 18 12:57:06 2025,128
Tue Feb 18 12:58:06 2025,128
Tue Feb 18 12:59:06 2025,134
Tue Feb 18 13:00:08 2025,-
Tue Feb 18 13:01:07 2025,129
Tue Feb 18 13:02:07 2025,125
Tue Feb 18 13:03:06 2025,129
Tue Feb 18 13:04:06 2025,126
Tue Feb 18 13:09:06 2025,121
Tue Feb 18 13:10:08 2025,119
Tue Feb 18 13:11:06 2025,119
Tue Feb 18 13:12:06 2025,120
Tue Feb 18 13:13:06 2025,118
Tue Feb 18 13:14:07 2025,117
Tue Feb 18 13:15:07 2025,116
Tue Feb 18 13:16:11 2025,115
Tue Feb 18 13:17:07 2025,112
Tue Feb 18 13:18:06 2025,108
Tue Feb 18 13:19:07 2025,106
Tue Feb 18 13:20:07 2025,104
Tue Feb 18 13:21:07 2025,106
Tue Feb 18 13:22:07 2025,107
Tue Feb 18 13:23:06 2025,104
Tue Feb 18 13:24:06 2025,104
Tue Feb 18 13:25:07 2025,104
Tue Feb 18 13:26:06 2025,103
Tue Feb 18 13:27:07 2025,102
Tue Feb 18 13:28:07 2025,101
Tue Feb 18 13:29:07 2025,100
Tue Feb 18 13:30:07 2025,98
Tue Feb 18 13:31:06 2025,99
Tue Feb 18 13:32:06 2025,101
Tue Feb 18 13:33:06 2025,103
Tue Feb 18 13:34:06 2025,101
Tue Feb 18 13:35:09 2025,104
Tue Feb 18 13:36:06 2025,100
Tue Feb 18 13:37:07 2025,103
Tue Feb 18 13:38:08 2025,102
Tue Feb 18 13:39:06 2025,102
Tue Feb 18 13:40:07 2025,99
Tue Feb 18 13:41:06 2025,98
Tue Feb 18 13:42:07 2025,97
Tue Feb 18 13:43:07 2025,98
Tue Feb 18 13:44:07 2025,-
Tue Feb 18 13:45:07 2025,95
Tue Feb 18 13:46:07 2025,93
Tue Feb 18 13:47:06 2025,92
Tue Feb 18 13:48:07 2025,93
Tue Feb 18 13:49:06 2025,91
Tue Feb 18 14:00:07 2025,-
Tue Feb 18 14:01:06 2025,92
Tue Feb 18 14:02:07 2025,93
Tue Feb 18 14:03:07 2025,94
Tue Feb 18 14:04:07 2025,93
Tue Feb 18 14:05:07 2025,91
Tue Feb 18 14:06:07 2025,89
Tue Feb 18 14:07:06 2025,88
Tue Feb 18 14:08:06 2025,91
Tue Feb 18 14:09:07 2025,90
Tue Feb 18 14:10:07 2025,88
Tue Feb 18 14:11:07 2025,87
Tue Feb 18 14:12:06 2025,82
Tue Feb 18 14:13:07 2025,82
Tue Feb 18 14:14:07 2025,82
Tue Feb 18 14:15:07 2025,83
Tue Feb 18 14:16:07 2025,86
Tue Feb 18 14:17:07 2025,85
Tue Feb 18 14:18:06 2025,80
Tue Feb 18 14:19:07 2025,81
Tue Feb 18 14:20:08 2025,81
Tue Feb 18 14:21:07 2025,82
Tue Feb 18 14:22:06 2025,83
Tue Feb 18 14:23:08 2025,84
Tue Feb 18 14:24:07 2025,84
Tue Feb 18 14:25:06 2025,84
Tue Feb 18 14:26:06 2025,85
Tue Feb 18 14:27:06 2025,82
Tue Feb 18 14:28:07 2025,83
Tue Feb 18 14:29:07 2025,80
Tue Feb 18 14:30:06 2025,80
Tue Feb 18 14:31:06 2025,91
Tue Feb 18 14:32:07 2025,92
Tue Feb 18 14:33:07 2025,93
Tue Feb 18 14:34:06 2025,94
Tue Feb 18 14:35:07 2025,94
Tue Feb 18 14:36:06 2025,93
Tue Feb 18 14:37:06 2025,92
Tue Feb 18 14:38:07 2025,91
Tue Feb 18 14:39:06 2025,95
Tue Feb 18 14:40:06 2025,97
Tue Feb 18 14:41:06 2025,94
Tue Feb 18 14:42:07 2025,95
Tue Feb 18 14:43:07 2025,96
Tue Feb 18 14:44:07 2025,96
Tue Feb 18 14:45:07 2025,95
Tue Feb 18 14:46:07 2025,95
Tue Feb 18 14:47:07 2025,95
Tue Feb 18 14:48:06 2025,95
Tue Feb 18 14:52:17 2025,99
Tue Feb 18 14:58:09 2025,104
Tue Feb 18 15:08:11 2025,108
Tue Feb 18 15:09:07 2025,107
Tue Feb 18 15:10:07 2025,108
Tue Feb 18 15:11:07 2025,107
Tue Feb 18 15:12:07 2025,108
Tue Feb 18 15:13:07 2025,110
Tue Feb 18 15:14:07 2025,111
Tue Feb 18 15:15:08 2025,111
Tue Feb 18 15:16:07 2025,110
Tue Feb 18 15:17:07 2025,110
Tue Feb 18 15:18:07 2025,112
Tue Feb 18 15:19:07 2025,111
Tue Feb 18 15:20:07 2025,111
Tue Feb 18 15:21:07 2025,111
Tue Feb 18 15:22:07 2025,111
Tue Feb 18 15:23:07 2025,116
Tue Feb 18 15:24:07 2025,117
Tue Feb 18 15:25:09 2025,122
Tue Feb 18 15:26:07 2025,121
Tue Feb 18 15:27:07 2025,122
Tue Feb 18 15:28:07 2025,122
Tue Feb 18 15:29:07 2025,122
Tue Feb 18 15:30:07 2025,122
Tue Feb 18 15:31:07 2025,126
Tue Feb 18 15:32:07 2025,125
Tue Feb 18 15:33:07 2025,123
Tue Feb 18 15:34:07 2025,123
Tue Feb 18 15:35:07 2025,124
Tue Feb 18 15:36:07 2025,120
Tue Feb 18 15:37:07 2025,118
Tue Feb 18 15:38:07 2025,117
Tue Feb 18 15:39:07 2025,118
Tue Feb 18 15:40:07 2025,116
Tue Feb 18 15:41:07 2025,116
Tue Feb 18 15:42:07 2025,116
Tue Feb 18 15:44:07 2025,117
Tue Feb 18 15:45:07 2025,122
Tue Feb 18 15:46:10 2025,122
Tue Feb 18 15:47:07 2025,124
Tue Feb 18 15:48:07 2025,125
Tue Feb 18 15:49:07 2025,124
Tue Feb 18 15:50:07 2025,114
Tue Feb 18 15:51:07 2025,111
Tue Feb 18 15:52:06 2025,112
Tue Feb 18 15:53:07 2025,112
Tue Feb 18 15:54:07 2025,113
Tue Feb 18 15:55:07 2025,115
Tue Feb 18 15:56:07 2025,116
Tue Feb 18 15:57:07 2025,118
Tue Feb 18 15:58:07 2025,121
Tue Feb 18 15:59:06 2025,122
Tue Feb 18 16:00:07 2025,-
Tue Feb 18 16:01:07 2025,118
Tue Feb 18 16:02:07 2025,119
Tue Feb 18 16:03:07 2025,119
Tue Feb 18 16:04:07 2025,123
Tue Feb 18 16:05:07 2025,121
Tue Feb 18 16:06:07 2025,121
Tue Feb 18 16:07:07 2025,120
Tue Feb 18 16:08:07 2025,119
Tue Feb 18 16:09:07 2025,119
Tue Feb 18 16:10:07 2025,117
Tue Feb 18 16:11:07 2025,118
Tue Feb 18 16:12:08 2025,118
Tue Feb 18 16:13:07 2025,118
Tue Feb 18 16:14:07 2025,116
Tue Feb 18 16:15:07 2025,113
Tue Feb 18 16:16:07 2025,114
Tue Feb 18 16:17:07 2025,115
Tue Feb 18 16:18:07 2025,113
Tue Feb 18 16:19:07 2025,112
Tue Feb 18 16:20:07 2025,110
Tue Feb 18 16:21:07 2025,110
Tue Feb 18 16:22:07 2025,111
Tue Feb 18 16:23:07 2025,105
Tue Feb 18 16:24:07 2025,106
Tue Feb 18 16:25:07 2025,105
Tue Feb 18 16:26:07 2025,105
Tue Feb 18 16:27:07 2025,104
Tue Feb 18 16:28:07 2025,102
Tue Feb 18 16:29:07 2025,101
Tue Feb 18 16:30:07 2025,105
Tue Feb 18 16:31:07 2025,103
Tue Feb 18 16:32:07 2025,104
Tue Feb 18 16:33:07 2025,103
Tue Feb 18 16:34:07 2025,100
Tue Feb 18 16:35:07 2025,100
Tue Feb 18 16:36:10 2025,100
Tue Feb 18 16:37:07 2025,-
Tue Feb 18 16:38:07 2025,97
Tue Feb 18 16:39:07 2025,98
Tue Feb 18 16:40:07 2025,97
Tue Feb 18 16:41:07 2025,97
Tue Feb 18 16:42:07 2025,97
Tue Feb 18 16:43:07 2025,100
Tue Feb 18 16:44:07 2025,102
Tue Feb 18 16:45:07 2025,102
Tue Feb 18 16:46:07 2025,101
Tue Feb 18 16:47:07 2025,103
Tue Feb 18 16:48:07 2025,104
Tue Feb 18 16:49:07 2025,101
Tue Feb 18 16:50:07 2025,101
Tue Feb 18 16:51:07 2025,101
Tue Feb 18 16:52:07 2025,102
Tue Feb 18 16:53:07 2025,102
Tue Feb 18 16:54:07 2025,102
Tue Feb 18 16:55:07 2025,103
Tue Feb 18 16:56:07 2025,105
Tue Feb 18 16:57:07 2025,107
Tue Feb 18 16:58:07 2025,108
Tue Feb 18 16:59:09 2025,107
Tue Feb 18 17:00:07 2025,-
Tue Feb 18 17:01:07 2025,113
Tue Feb 18 17:02:07 2025,113
Tue Feb 18 17:03:07 2025,113
Tue Feb 18 17:04:07 2025,112
Tue Feb 18 17:05:07 2025,110
Tue Feb 18 17:06:08 2025,109
Tue Feb 18 17:07:07 2025,108
Tue Feb 18 17:08:07 2025,108
Tue Feb 18 17:09:07 2025,108
Tue Feb 18 17:10:07 2025,108
Tue Feb 18 17:11:07 2025,111
Tue Feb 18 17:12:07 2025,106
Tue Feb 18 17:13:08 2025,104
Tue Feb 18 17:14:07 2025,104
Tue Feb 18 17:15:07 2025,106
Tue Feb 18 17:16:07 2025,107
Tue Feb 18 17:30:54 2025,114
Tue Feb 18 17:31:06 2025,113
Tue Feb 18 17:32:07 2025,112
Tue Feb 18 17:33:07 2025,115
Tue Feb 18 17:34:07 2025,115
Tue Feb 18 17:35:07 2025,117
Tue Feb 18 17:36:07 2025,113
Tue Feb 18 17:37:07 2025,116
Tue Feb 18 17:38:07 2025,123
Tue Feb 18 17:39:07 2025,121
Tue Feb 18 17:40:07 2025,122
Tue Feb 18 17:41:07 2025,125
Tue Feb 18 17:42:07 2025,127
Tue Feb 18 17:43:07 2025,125
Tue Feb 18 17:44:07 2025,123
Tue Feb 18 17:45:07 2025,126
Tue Feb 18 17:46:07 2025,127
Tue Feb 18 17:47:07 2025,132
Tue Feb 18 17:48:07 2025,134
Tue Feb 18 17:49:07 2025,135
Tue Feb 18 17:50:07 2025,136
Tue Feb 18 17:51:06 2025,133
Wed Feb 19 08:00:49 2025,88
Wed Feb 19 08:01:06 2025,86
Wed Feb 19 08:02:07 2025,92
Wed Feb 19 08:03:07 2025,95
Wed Feb 19 08:04:06 2025,94
Wed Feb 19 08:05:07 2025,91
Wed Feb 19 08:06:06 2025,90
Wed Feb 19 08:07:07 2025,91
Wed Feb 19 08:08:07 2025,91
Wed Feb 19 08:09:07 2025,94
Wed Feb 19 08:10:07 2025,97
Wed Feb 19 08:11:06 2025,97
Wed Feb 19 08:12:07 2025,98
Wed Feb 19 08:13:06 2025,98
Wed Feb 19 08:14:06 2025,97
Wed Feb 19 08:15:07 2025,96
Wed Feb 19 08:16:06 2025,96
Wed Feb 19 08:17:07 2025,96
Wed Feb 19 08:18:07 2025,94
Wed Feb 19 08:19:07 2025,94
Wed Feb 19 08:20:07 2025,94
Wed Feb 19 08:21:07 2025,94
Wed Feb 19 08:22:06 2025,96
Wed Feb 19 08:23:06 2025,94
Wed Feb 19 08:24:06 2025,95
Wed Feb 19 08:25:06 2025,96
Wed Feb 19 08:26:06 2025,95
Wed Feb 19 08:27:06 2025,94
Wed Feb 19 08:28:06 2025,95
Wed Feb 19 08:29:07 2025,95
Wed Feb 19 08:30:07 2025,94
Wed Feb 19 08:31:07 2025,92
Wed Feb 19 08:32:07 2025,93
Wed Feb 19 08:33:07 2025,89
Wed Feb 19 08:34:07 2025,88
Wed Feb 19 08:35:07 2025,89
Wed Feb 19 08:36:07 2025,88
Wed Feb 19 08:37:06 2025,88
Wed Feb 19 08:38:06 2025,87
Wed Feb 19 08:39:06 2025,88
Wed Feb 19 08:40:07 2025,90
Wed Feb 19 08:41:07 2025,91
Wed Feb 19 08:42:07 2025,-
Wed Feb 19 08:43:06 2025,88
Wed Feb 19 08:44:06 2025,85
Wed Feb 19 08:45:07 2025,83
Wed Feb 19 08:46:06 2025,82
Wed Feb 19 08:47:07 2025,84
Wed Feb 19 08:48:06 2025,86
Wed Feb 19 08:49:06 2025,87
Wed Feb 19 08:50:07 2025,88
Wed Feb 19 08:51:06 2025,89
Wed Feb 19 08:52:07 2025,89
Wed Feb 19 08:53:07 2025,91
Wed Feb 19 08:54:07 2025,93
Wed Feb 19 08:55:07 2025,94
Wed Feb 19 08:56:06 2025,93
Wed Feb 19 08:57:07 2025,92
Wed Feb 19 08:58:06 2025,94
Wed Feb 19 08:59:07 2025,92
Wed Feb 19 09:00:07 2025,-
Wed Feb 19 09:01:09 2025,88
Wed Feb 19 09:02:06 2025,87
Wed Feb 19 09:03:06 2025,88
Wed Feb 19 09:04:06 2025,86
Wed Feb 19 09:05:07 2025,87
Wed Feb 19 09:06:06 2025,87
Wed Feb 19 09:07:07 2025,87
Wed Feb 19 09:08:07 2025,85
Wed Feb 19 09:09:06 2025,84
Wed Feb 19 09:10:07 2025,86
Wed Feb 19 09:11:06 2025,86
Wed Feb 19 09:12:07 2025,82
Wed Feb 19 09:13:06 2025,81
Wed Feb 19 09:14:06 2025,83
Wed Feb 19 09:15:07 2025,-
Wed Feb 19 09:16:07 2025,79
Wed Feb 19 09:17:07 2025,78
Wed Feb 19 09:18:07 2025,76
Wed Feb 19 09:19:06 2025,76
Wed Feb 19 09:20:07 2025,77
Wed Feb 19 09:21:07 2025,76
Wed Feb 19 09:22:07 2025,75
Wed Feb 19 09:23:06 2025,76
Wed Feb 19 09:24:07 2025,75
Wed Feb 19 09:25:08 2025,69
Wed Feb 19 09:26:07 2025,70
Wed Feb 19 09:27:06 2025,69
Wed Feb 19 09:28:06 2025,68
Wed Feb 19 09:56:02 2025,80
Wed Feb 19 09:57:07 2025,82
Wed Feb 19 09:58:07 2025,101
Wed Feb 19 09:59:06 2025,102
Wed Feb 19 10:00:07 2025,-
Wed Feb 19 10:01:07 2025,121
Wed Feb 19 10:02:07 2025,124
Wed Feb 19 10:03:07 2025,129
Wed Feb 19 10:04:06 2025,129
Wed Feb 19 10:05:07 2025,132
Wed Feb 19 10:06:07 2025,132
Wed Feb 19 10:07:07 2025,132
Wed Feb 19 10:08:07 2025,128
Wed Feb 19 10:09:07 2025,130
Wed Feb 19 10:10:07 2025,128
Wed Feb 19 10:11:11 2025,127
Wed Feb 19 10:12:07 2025,128
Wed Feb 19 10:13:07 2025,127
Wed Feb 19 10:14:07 2025,129
Wed Feb 19 10:15:07 2025,129
Wed Feb 19 10:16:07 2025,128
Wed Feb 19 10:17:07 2025,131
Wed Feb 19 10:18:07 2025,131
Wed Feb 19 10:19:07 2025,130
Wed Feb 19 10:20:09 2025,132
Wed Feb 19 10:21:07 2025,131
Wed Feb 19 10:22:07 2025,130
Wed Feb 19 10:23:07 2025,127
Wed Feb 19 10:24:07 2025,126
Wed Feb 19 10:25:07 2025,126
Wed Feb 19 10:26:07 2025,126
Wed Feb 19 10:27:06 2025,125
Wed Feb 19 10:28:07 2025,125
Wed Feb 19 10:29:07 2025,125
Wed Feb 19 10:30:07 2025,127
Wed Feb 19 10:31:07 2025,129
Wed Feb 19 10:32:07 2025,130
Wed Feb 19 10:33:11 2025,131
Wed Feb 19 10:34:08 2025,129
Wed Feb 19 10:35:07 2025,130
Wed Feb 19 10:36:07 2025,128
Wed Feb 19 10:37:07 2025,127
Wed Feb 19 10:38:07 2025,127
Wed Feb 19 10:39:07 2025,126
Wed Feb 19 10:40:07 2025,126
Wed Feb 19 10:41:07 2025,127
Wed Feb 19 10:42:07 2025,127
Wed Feb 19 10:43:07 2025,127
Wed Feb 19 10:44:07 2025,127
Wed Feb 19 10:45:07 2025,129
Wed Feb 19 10:46:07 2025,131
Wed Feb 19 10:47:07 2025,132
Wed Feb 19 10:48:07 2025,132
Wed Feb 19 10:49:07 2025,135
Wed Feb 19 10:50:07 2025,135
Wed Feb 19 10:51:07 2025,135
Wed Feb 19 10:52:07 2025,134
Wed Feb 19 10:53:07 2025,132
Wed Feb 19 10:54:07 2025,133
Wed Feb 19 10:55:07 2025,135
Wed Feb 19 10:56:07 2025,135
Wed Feb 19 10:57:07 2025,132
Wed Feb 19 10:58:07 2025,134
Wed Feb 19 10:59:07 2025,135
Wed Feb 19 11:00:07 2025,-
Wed Feb 19 11:01:07 2025,139
Wed Feb 19 11:02:07 2025,138
Wed Feb 19 11:03:07 2025,138
Wed Feb 19 11:04:07 2025,135
Wed Feb 19 11:05:07 2025,138
Wed Feb 19 11:06:07 2025,137
Wed Feb 19 11:07:07 2025,128
Wed Feb 19 11:08:07 2025,111
Wed Feb 19 11:09:07 2025,108
Wed Feb 19 11:10:07 2025,108
Wed Feb 19 11:11:07 2025,106
Wed Feb 19 11:12:07 2025,108
Wed Feb 19 11:13:07 2025,102
Wed Feb 19 11:14:07 2025,101
Wed Feb 19 11:15:07 2025,98
Wed Feb 19 11:16:07 2025,97
Wed Feb 19 11:17:07 2025,95
Wed Feb 19 11:18:07 2025,93
Wed Feb 19 11:19:07 2025,93
Wed Feb 19 11:20:07 2025,91
Wed Feb 19 11:21:07 2025,91
Wed Feb 19 11:22:07 2025,92
Wed Feb 19 11:23:07 2025,93
Wed Feb 19 11:24:07 2025,92
Wed Feb 19 11:25:07 2025,92
Wed Feb 19 11:26:07 2025,93
Wed Feb 19 11:27:07 2025,94
Wed Feb 19 11:28:07 2025,95
Wed Feb 19 11:29:07 2025,96
Wed Feb 19 11:30:09 2025,96
Wed Feb 19 11:31:07 2025,96
Wed Feb 19 11:32:07 2025,97
Wed Feb 19 11:33:06 2025,98
Wed Feb 19 11:34:07 2025,97
Wed Feb 19 11:35:07 2025,96
Wed Feb 19 11:36:07 2025,95
Wed Feb 19 11:37:07 2025,95
Wed Feb 19 11:38:07 2025,95
Wed Feb 19 11:39:07 2025,93
Wed Feb 19 11:40:07 2025,93
Wed Feb 19 11:41:07 2025,92
Wed Feb 19 11:42:07 2025,96
Wed Feb 19 11:43:07 2025,94
Wed Feb 19 11:44:07 2025,98
Wed Feb 19 11:45:07 2025,96
Wed Feb 19 11:46:07 2025,97
Wed Feb 19 11:47:07 2025,100
Wed Feb 19 11:48:07 2025,102
Wed Feb 19 11:49:07 2025,99
Wed Feb 19 11:50:07 2025,102
Wed Feb 19 11:51:07 2025,102
Wed Feb 19 11:52:07 2025,99
Wed Feb 19 11:53:07 2025,103
Wed Feb 19 11:54:08 2025,104
Wed Feb 19 11:55:07 2025,106
Wed Feb 19 11:56:07 2025,110
Wed Feb 19 11:57:06 2025,112
Wed Feb 19 11:58:07 2025,116
Wed Feb 19 11:59:07 2025,115
Wed Feb 19 12:00:07 2025,-
Wed Feb 19 12:01:07 2025,114
Wed Feb 19 12:02:07 2025,114
Wed Feb 19 12:03:07 2025,113
Wed Feb 19 12:04:08 2025,115
Wed Feb 19 12:05:07 2025,117
Wed Feb 19 12:06:07 2025,118
Wed Feb 19 12:07:07 2025,116
Wed Feb 19 12:08:07 2025,116
Wed Feb 19 12:09:07 2025,118
Wed Feb 19 12:10:07 2025,118
Wed Feb 19 12:11:07 2025,118
Wed Feb 19 12:12:07 2025,119
Wed Feb 19 12:13:07 2025,118
Wed Feb 19 12:14:07 2025,119
Wed Feb 19 12:15:07 2025,118
Wed Feb 19 12:16:07 2025,117
Wed Feb 19 12:17:07 2025,116
Wed Feb 19 12:33:05 2025,120
Wed Feb 19 12:43:53 2025,116
Wed Feb 19 12:44:07 2025,116
Wed Feb 19 12:45:07 2025,115
Wed Feb 19 12:46:07 2025,115
Wed Feb 19 12:47:07 2025,117
Wed Feb 19 12:48:07 2025,117
Wed Feb 19 12:49:07 2025,117
Wed Feb 19 12:50:07 2025,118
Wed Feb 19 12:51:07 2025,119
Wed Feb 19 12:52:07 2025,120
Wed Feb 19 12:53:07 2025,118
Wed Feb 19 12:54:07 2025,117
Wed Feb 19 12:55:07 2025,116
Wed Feb 19 12:56:07 2025,117
Wed Feb 19 12:57:07 2025,118
Wed Feb 19 12:58:08 2025,119
Wed Feb 19 12:59:06 2025,119
Wed Feb 19 13:00:07 2025,-
Wed Feb 19 13:01:07 2025,118
Wed Feb 19 13:02:07 2025,118
Wed Feb 19 13:03:07 2025,119
Wed Feb 19 13:04:07 2025,128
Wed Feb 19 13:05:07 2025,130
Wed Feb 19 13:06:09 2025,127
Wed Feb 19 13:07:07 2025,124
Wed Feb 19 13:08:09 2025,127
Wed Feb 19 13:09:07 2025,127
Wed Feb 19 13:10:07 2025,127
Wed Feb 19 13:11:07 2025,123
Wed Feb 19 13:12:07 2025,123
Wed Feb 19 13:13:07 2025,124
Wed Feb 19 13:14:07 2025,124
Wed Feb 19 13:15:07 2025,119
Wed Feb 19 13:16:07 2025,116
Wed Feb 19 13:17:07 2025,118
Wed Feb 19 13:18:06 2025,120
Wed Feb 19 13:19:07 2025,117
Wed Feb 19 13:20:07 2025,-
Wed Feb 19 13:21:07 2025,113
Wed Feb 19 13:22:07 2025,111
Wed Feb 19 13:23:07 2025,108
Wed Feb 19 13:24:07 2025,109
Wed Feb 19 13:25:07 2025,108
Wed Feb 19 13:26:07 2025,107
Wed Feb 19 13:27:07 2025,106
Wed Feb 19 13:28:07 2025,103
Wed Feb 19 13:29:07 2025,105
Wed Feb 19 13:30:07 2025,104
Wed Feb 19 13:31:07 2025,107
Wed Feb 19 13:32:07 2025,103
Wed Feb 19 13:57:53 2025,89
Wed Feb 19 13:58:06 2025,88
Wed Feb 19 13:59:06 2025,89
Wed Feb 19 14:00:07 2025,-
Wed Feb 19 14:01:07 2025,89
Wed Feb 19 14:02:07 2025,88
Wed Feb 19 14:03:06 2025,89
Wed Feb 19 14:04:06 2025,88
Wed Feb 19 14:05:06 2025,87
Wed Feb 19 14:06:06 2025,86
Wed Feb 19 14:07:08 2025,84
Wed Feb 19 14:08:06 2025,83
Wed Feb 19 14:09:07 2025,84
Wed Feb 19 14:10:07 2025,82
Wed Feb 19 14:11:06 2025,80
Wed Feb 19 14:12:07 2025,79
Wed Feb 19 14:13:06 2025,81
Wed Feb 19 14:14:06 2025,80
Wed Feb 19 14:15:07 2025,-
Wed Feb 19 14:16:06 2025,81
Wed Feb 19 14:17:07 2025,83
Wed Feb 19 14:18:07 2025,82
Wed Feb 19 14:19:07 2025,82
Wed Feb 19 14:20:06 2025,79
Wed Feb 19 14:21:07 2025,79
Wed Feb 19 14:22:07 2025,77
Wed Feb 19 14:23:07 2025,77
Wed Feb 19 14:24:06 2025,78
Wed Feb 19 14:25:06 2025,78
Wed Feb 19 14:26:06 2025,79
Wed Feb 19 14:27:07 2025,81
Wed Feb 19 14:28:07 2025,84
Wed Feb 19 14:29:07 2025,-
Wed Feb 19 14:30:07 2025,86
Wed Feb 19 14:31:06 2025,87
Wed Feb 19 14:32:06 2025,88
Wed Feb 19 14:33:07 2025,86
Wed Feb 19 14:34:08 2025,-
Wed Feb 19 14:35:06 2025,85
Wed Feb 19 14:36:06 2025,84
Wed Feb 19 14:37:07 2025,83
Wed Feb 19 14:38:06 2025,84
Wed Feb 19 14:39:06 2025,84
Wed Feb 19 14:40:06 2025,84
Wed Feb 19 14:41:07 2025,83
Wed Feb 19 14:42:06 2025,84
Wed Feb 19 14:43:07 2025,88
Wed Feb 19 14:44:06 2025,88
Wed Feb 19 14:45:06 2025,85
Wed Feb 19 14:46:09 2025,86
Wed Feb 19 14:47:07 2025,86
Wed Feb 19 14:48:07 2025,83
Wed Feb 19 14:49:07 2025,84
Wed Feb 19 14:50:06 2025,85
Wed Feb 19 14:51:07 2025,84
Wed Feb 19 14:52:08 2025,88
Wed Feb 19 14:53:06 2025,90
Wed Feb 19 14:54:06 2025,89
Wed Feb 19 14:55:08 2025,90
Wed Feb 19 14:56:06 2025,91
Wed Feb 19 14:57:06 2025,91
Wed Feb 19 14:58:06 2025,92
Wed Feb 19 14:59:06 2025,91
Wed Feb 19 15:00:07 2025,-
Wed Feb 19 15:01:07 2025,98
Wed Feb 19 15:02:07 2025,97
Wed Feb 19 15:03:07 2025,97
Wed Feb 19 15:04:07 2025,98
Wed Feb 19 15:05:07 2025,99
Wed Feb 19 15:06:07 2025,96
Wed Feb 19 15:07:06 2025,94
Wed Feb 19 15:08:06 2025,94
Wed Feb 19 15:09:07 2025,94
Wed Feb 19 15:10:07 2025,94
Wed Feb 19 15:11:07 2025,95
Wed Feb 19 15:12:06 2025,96
Wed Feb 19 15:13:07 2025,98
Wed Feb 19 15:14:06 2025,99
Wed Feb 19 15:15:07 2025,96
Wed Feb 19 15:16:07 2025,94
Wed Feb 19 15:17:06 2025,93
Wed Feb 19 15:22:54 2025,95
Wed Feb 19 15:27:44 2025,95
Wed Feb 19 15:31:07 2025,99
Wed Feb 19 15:32:07 2025,96
Wed Feb 19 15:33:07 2025,-
Wed Feb 19 15:34:06 2025,99
Wed Feb 19 15:35:07 2025,100
Wed Feb 19 15:36:07 2025,99
Wed Feb 19 15:37:07 2025,98
Wed Feb 19 15:38:09 2025,99
Wed Feb 19 15:39:06 2025,100
Wed Feb 19 15:40:07 2025,100
Wed Feb 19 15:41:07 2025,99
Wed Feb 19 15:42:06 2025,100
Wed Feb 19 15:43:07 2025,99
Wed Feb 19 15:44:06 2025,101
Wed Feb 19 15:45:07 2025,106
Wed Feb 19 15:46:06 2025,107
Wed Feb 19 15:47:06 2025,106
Wed Feb 19 15:48:06 2025,106
Wed Feb 19 16:53:13 2025,140
Wed Feb 19 16:54:13 2025,136
Wed Feb 19 16:55:07 2025,135
Wed Feb 19 16:56:07 2025,136
Wed Feb 19 16:57:07 2025,135
Wed Feb 19 16:58:07 2025,137
Wed Feb 19 16:59:10 2025,135
Wed Feb 19 17:00:07 2025,-
Wed Feb 19 17:01:08 2025,138
Wed Feb 19 17:02:07 2025,133
Wed Feb 19 17:03:07 2025,133
Wed Feb 19 17:04:07 2025,131
Wed Feb 19 17:05:07 2025,129
Wed Feb 19 17:06:07 2025,133
Wed Feb 19 17:07:07 2025,135
Wed Feb 19 17:08:07 2025,128
Wed Feb 19 17:09:07 2025,128
Wed Feb 19 17:10:07 2025,127
Wed Feb 19 17:11:07 2025,124
Wed Feb 19 17:12:07 2025,123
Wed Feb 19 17:13:07 2025,123
Wed Feb 19 17:14:07 2025,126
Wed Feb 19 17:15:07 2025,131
Wed Feb 19 17:16:07 2025,130
Wed Feb 19 17:17:07 2025,132
Wed Feb 19 17:18:07 2025,132
Wed Feb 19 17:19:07 2025,131
Wed Feb 19 17:20:07 2025,132
Wed Feb 19 17:21:07 2025,130
Wed Feb 19 17:22:07 2025,133
Wed Feb 19 17:23:07 2025,132
Wed Feb 19 17:24:07 2025,135
Wed Feb 19 17:25:07 2025,137
Wed Feb 19 17:26:07 2025,136
Wed Feb 19 17:27:07 2025,141
Wed Feb 19 17:28:07 2025,145
Wed Feb 19 17:29:07 2025,145
Wed Feb 19 17:30:07 2025,144
Wed Feb 19 17:31:07 2025,143
Wed Feb 19 17:32:07 2025,151
Wed Feb 19 17:33:07 2025,150
Wed Feb 19 17:34:07 2025,147
Wed Feb 19 17:35:07 2025,149
Wed Feb 19 17:36:07 2025,150
Wed Feb 19 17:37:07 2025,149
Wed Feb 19 17:38:12 2025,147
Wed Feb 19 17:39:07 2025,148
Wed Feb 19 17:40:07 2025,151
Wed Feb 19 17:41:07 2025,151
Wed Feb 19 17:42:07 2025,152
Wed Feb 19 17:43:07 2025,150
Wed Feb 19 17:44:07 2025,150
Wed Feb 19 17:45:07 2025,154
Wed Feb 19 17:46:07 2025,156
Wed Feb 19 17:47:07 2025,157
Wed Feb 19 17:48:07 2025,157
Wed Feb 19 17:49:07 2025,151
Wed Feb 19 17:50:07 2025,152
Wed Feb 19 17:51:07 2025,155
Wed Feb 19 17:52:07 2025,156
Wed Feb 19 17:53:07 2025,156
Wed Feb 19 17:54:07 2025,158
Wed Feb 19 17:55:07 2025,162
Wed Feb 19 17:56:07 2025,160
Wed Feb 19 17:57:07 2025,159
Wed Feb 19 21:35:08 2025,126
Wed Feb 19 21:36:07 2025,125
Wed Feb 19 21:37:07 2025,120
Wed Feb 19 21:38:07 2025,118
Wed Feb 19 21:39:07 2025,113
Wed Feb 19 21:40:07 2025,115
Wed Feb 19 21:41:07 2025,109
Wed Feb 19 21:42:07 2025,106
Wed Feb 19 21:43:07 2025,106
Wed Feb 19 21:44:07 2025,103
Wed Feb 19 21:45:09 2025,101
Wed Feb 19 21:46:07 2025,99
Wed Feb 19 21:47:07 2025,96
Wed Feb 19 21:48:07 2025,96
Wed Feb 19 21:49:07 2025,95
Wed Feb 19 21:50:07 2025,92
Wed Feb 19 21:51:07 2025,92
Wed Feb 19 21:52:07 2025,87
Wed Feb 19 21:53:07 2025,83
Wed Feb 19 21:54:07 2025,81
Wed Feb 19 21:55:07 2025,79
Wed Feb 19 21:56:07 2025,78
Wed Feb 19 21:57:07 2025,74
Wed Feb 19 21:58:07 2025,72
Wed Feb 19 21:59:07 2025,63
Wed Feb 19 22:00:07 2025,-
Wed Feb 19 22:01:07 2025,61
Wed Feb 19 22:02:07 2025,57
Wed Feb 19 22:03:07 2025,52
Wed Feb 19 22:04:07 2025,48
Wed Feb 19 22:05:07 2025,38
Wed Feb 19 22:06:07 2025,35
Wed Feb 19 22:07:07 2025,27
Wed Feb 19 22:08:07 2025,25
Wed Feb 19 22:09:07 2025,19
Wed Feb 19 22:10:07 2025,16
Wed Feb 19 22:11:07 2025,14
Wed Feb 19 22:12:07 2025,12
Wed Feb 19 22:13:07 2025,10
Wed Feb 19 22:14:07 2025,6
Wed Feb 19 22:15:07 2025,4
Wed Feb 19 22:16:07 2025,3
Wed Feb 19 22:17:07 2025,0
Wed Feb 19 22:18:08 2025,2
Wed Feb 19 22:19:07 2025,2
Wed Feb 19 22:20:07 2025,2
Wed Feb 19 22:21:07 2025,0
Wed Feb 19 22:22:07 2025,0
Wed Feb 19 22:23:07 2025,0
Wed Feb 19 22:24:07 2025,0
Wed Feb 19 22:25:07 2025,0
Wed Feb 19 22:26:07 2025,0
Wed Feb 19 22:27:07 2025,0
Wed Feb 19 22:28:07 2025,0
Wed Feb 19 22:29:07 2025,0
Wed Feb 19 22:30:07 2025,0
Thu Feb 20 09:15:34 2025,60
Thu Feb 20 09:16:08 2025,56
Thu Feb 20 09:17:09 2025,57
Thu Feb 20 09:18:07 2025,60
Thu Feb 20 09:19:07 2025,61
Thu Feb 20 09:20:07 2025,59
Thu Feb 20 09:21:07 2025,61
Thu Feb 20 09:22:07 2025,61
Thu Feb 20 09:23:07 2025,62
Thu Feb 20 09:24:07 2025,61
Thu Feb 20 09:25:07 2025,62
Thu Feb 20 09:26:07 2025,65
Thu Feb 20 09:27:07 2025,65
Thu Feb 20 09:28:07 2025,65
Thu Feb 20 09:29:07 2025,65
Thu Feb 20 09:30:07 2025,62
Thu Feb 20 09:31:07 2025,63
Thu Feb 20 09:32:07 2025,65
Thu Feb 20 09:33:07 2025,69
Thu Feb 20 09:34:07 2025,71
Thu Feb 20 09:35:07 2025,70
Thu Feb 20 09:36:08 2025,69
Thu Feb 20 09:37:07 2025,71
Thu Feb 20 09:38:07 2025,74
Thu Feb 20 09:39:07 2025,75
Thu Feb 20 09:40:09 2025,75
Thu Feb 20 09:41:07 2025,76
Thu Feb 20 09:42:08 2025,76
Thu Feb 20 09:43:07 2025,77
Thu Feb 20 09:44:07 2025,74
Thu Feb 20 09:45:08 2025,74
Thu Feb 20 09:46:07 2025,74
Thu Feb 20 09:47:07 2025,72
Thu Feb 20 09:48:08 2025,70
Thu Feb 20 09:49:07 2025,72
Thu Feb 20 09:50:07 2025,71
Thu Feb 20 09:51:07 2025,71
Thu Feb 20 09:52:07 2025,72
Thu Feb 20 09:53:08 2025,72
Thu Feb 20 09:54:07 2025,72
Thu Feb 20 09:55:07 2025,74
Thu Feb 20 09:56:27 2025,73
Thu Feb 20 09:57:08 2025,71
Thu Feb 20 09:58:06 2025,70
Thu Feb 20 09:59:07 2025,72
Thu Feb 20 10:00:07 2025,-
Thu Feb 20 10:01:07 2025,71
Thu Feb 20 10:02:07 2025,69
Thu Feb 20 10:03:07 2025,69
Thu Feb 20 10:04:07 2025,71
Thu Feb 20 10:05:08 2025,71
Thu Feb 20 10:06:07 2025,72
Thu Feb 20 10:07:07 2025,74
Thu Feb 20 10:08:07 2025,73
Thu Feb 20 10:09:08 2025,74
Thu Feb 20 10:10:07 2025,74
Thu Feb 20 10:11:07 2025,75
Thu Feb 20 10:12:07 2025,74
Thu Feb 20 10:13:07 2025,75
Thu Feb 20 10:14:07 2025,76
Thu Feb 20 10:15:07 2025,76
Thu Feb 20 10:16:07 2025,77
Thu Feb 20 10:17:07 2025,81
Thu Feb 20 10:18:07 2025,82
Thu Feb 20 10:19:11 2025,83
Thu Feb 20 10:20:08 2025,80
Thu Feb 20 10:21:08 2025,83
Thu Feb 20 10:22:07 2025,82
Thu Feb 20 10:23:11 2025,84
Thu Feb 20 10:24:07 2025,82
Thu Feb 20 10:25:07 2025,82
Thu Feb 20 10:26:08 2025,82
Thu Feb 20 10:27:07 2025,82
Thu Feb 20 10:28:08 2025,83
Thu Feb 20 10:29:07 2025,81
Thu Feb 20 10:30:07 2025,81
Thu Feb 20 10:31:07 2025,81
Thu Feb 20 10:32:07 2025,82
Thu Feb 20 10:33:07 2025,83
Thu Feb 20 10:34:07 2025,83
Thu Feb 20 10:35:07 2025,82
Thu Feb 20 10:36:07 2025,83
Thu Feb 20 10:37:07 2025,83
Thu Feb 20 10:38:07 2025,85
Thu Feb 20 10:39:07 2025,86
Thu Feb 20 10:40:07 2025,83
Thu Feb 20 10:41:08 2025,83
Thu Feb 20 10:42:07 2025,83
Thu Feb 20 10:43:07 2025,79
Thu Feb 20 10:44:07 2025,79
Thu Feb 20 10:45:08 2025,78
Thu Feb 20 10:46:07 2025,77
Thu Feb 20 10:47:07 2025,76
Thu Feb 20 10:48:07 2025,77
Thu Feb 20 10:49:07 2025,76
Thu Feb 20 10:50:07 2025,74
Thu Feb 20 10:51:07 2025,75
Thu Feb 20 10:52:07 2025,75
Thu Feb 20 10:53:08 2025,74
Thu Feb 20 10:54:07 2025,75
Thu Feb 20 10:55:07 2025,74
Thu Feb 20 10:56:07 2025,75
Thu Feb 20 10:57:07 2025,74
Thu Feb 20 10:58:08 2025,75
Thu Feb 20 10:59:07 2025,74
Thu Feb 20 11:00:07 2025,-
Thu Feb 20 11:01:07 2025,71
Thu Feb 20 11:02:07 2025,70
Thu Feb 20 11:03:07 2025,70
Thu Feb 20 11:04:07 2025,71
Thu Feb 20 11:05:07 2025,71
Thu Feb 20 11:06:07 2025,68
Thu Feb 20 11:07:07 2025,70
Thu Feb 20 11:08:07 2025,71
Thu Feb 20 11:09:08 2025,73
Thu Feb 20 11:10:07 2025,74
Thu Feb 20 11:11:07 2025,75
Thu Feb 20 11:12:07 2025,74
Thu Feb 20 11:13:07 2025,74
Thu Feb 20 11:14:07 2025,76
Thu Feb 20 11:15:07 2025,77
Thu Feb 20 11:16:07 2025,80
Thu Feb 20 11:17:07 2025,84
Thu Feb 20 11:18:07 2025,88
Thu Feb 20 11:19:08 2025,87
Thu Feb 20 11:20:07 2025,87
Thu Feb 20 11:21:07 2025,89
Thu Feb 20 11:22:07 2025,90
Thu Feb 20 11:23:06 2025,86
Thu Feb 20 11:24:07 2025,89
Thu Feb 20 11:25:08 2025,89
Thu Feb 20 11:26:07 2025,89
Thu Feb 20 11:27:07 2025,92
Thu Feb 20 11:28:07 2025,92
Thu Feb 20 11:29:07 2025,88
Thu Feb 20 11:30:07 2025,89
Thu Feb 20 11:31:07 2025,90
Thu Feb 20 11:32:07 2025,95
Thu Feb 20 11:33:07 2025,92
Thu Feb 20 11:34:07 2025,93
Thu Feb 20 11:35:07 2025,95
Thu Feb 20 11:36:07 2025,95
Thu Feb 20 11:37:07 2025,96
Thu Feb 20 11:38:07 2025,95
Thu Feb 20 11:39:06 2025,97
Thu Feb 20 11:40:07 2025,99
Thu Feb 20 11:41:07 2025,99
Thu Feb 20 11:42:06 2025,97
Thu Feb 20 11:43:07 2025,96
Thu Feb 20 11:44:06 2025,99
Thu Feb 20 11:45:07 2025,97
Thu Feb 20 11:46:07 2025,98
Thu Feb 20 11:47:07 2025,101
Thu Feb 20 11:48:07 2025,101
Thu Feb 20 11:49:07 2025,102
Thu Feb 20 11:50:09 2025,104
Thu Feb 20 11:51:11 2025,106
Thu Feb 20 11:52:07 2025,105
Thu Feb 20 11:53:07 2025,109
Thu Feb 20 11:54:07 2025,108
Thu Feb 20 11:55:07 2025,109
Thu Feb 20 11:56:07 2025,109
Thu Feb 20 11:57:07 2025,112
Thu Feb 20 11:58:07 2025,113
Thu Feb 20 12:03:01 2025,110
Thu Feb 20 12:04:55 2025,109
Thu Feb 20 12:10:12 2025,108
Thu Feb 20 12:16:11 2025,114
Thu Feb 20 12:17:07 2025,110
Thu Feb 20 12:23:15 2025,-
Thu Feb 20 12:25:40 2025,115
Thu Feb 20 12:30:11 2025,110
Thu Feb 20 12:31:07 2025,114
Thu Feb 20 12:34:07 2025,109
Thu Feb 20 12:35:07 2025,108
Thu Feb 20 12:36:07 2025,104
Thu Feb 20 12:37:07 2025,106
Thu Feb 20 12:38:07 2025,105
Thu Feb 20 12:39:07 2025,103
Thu Feb 20 12:40:12 2025,102
Thu Feb 20 12:45:20 2025,100
Thu Feb 20 12:47:08 2025,99
Thu Feb 20 12:48:07 2025,99
Thu Feb 20 12:49:07 2025,98
Thu Feb 20 12:50:07 2025,98
Thu Feb 20 12:51:07 2025,98
Thu Feb 20 12:52:07 2025,97
Thu Feb 20 12:53:08 2025,100
Thu Feb 20 12:54:07 2025,97
Thu Feb 20 12:55:07 2025,98
Thu Feb 20 12:56:07 2025,96
Thu Feb 20 12:57:08 2025,96
Thu Feb 20 12:58:07 2025,95
Thu Feb 20 12:59:07 2025,97
Thu Feb 20 13:00:07 2025,-
Thu Feb 20 13:01:07 2025,99
Thu Feb 20 13:02:07 2025,97
Thu Feb 20 13:03:07 2025,96
Thu Feb 20 13:04:07 2025,94
Thu Feb 20 13:05:07 2025,91
Thu Feb 20 13:06:10 2025,88
Thu Feb 20 13:07:07 2025,87
Thu Feb 20 13:08:07 2025,87
Thu Feb 20 13:09:07 2025,85
Thu Feb 20 13:10:07 2025,87
Thu Feb 20 13:11:06 2025,87
Thu Feb 20 13:12:06 2025,86
Thu Feb 20 13:13:07 2025,84
Thu Feb 20 13:14:07 2025,85
Thu Feb 20 13:15:07 2025,86
Thu Feb 20 13:16:07 2025,81
Thu Feb 20 13:17:07 2025,80
Thu Feb 20 13:18:07 2025,80
Thu Feb 20 13:19:07 2025,79
Thu Feb 20 13:20:07 2025,79
Thu Feb 20 13:21:08 2025,79
Thu Feb 20 13:22:07 2025,74
Thu Feb 20 13:23:07 2025,76
Thu Feb 20 13:24:07 2025,75
Thu Feb 20 13:25:07 2025,73
Thu Feb 20 13:26:07 2025,69
Thu Feb 20 13:27:07 2025,69
Thu Feb 20 13:28:07 2025,68
Thu Feb 20 13:29:07 2025,65
Thu Feb 20 13:30:08 2025,66
Thu Feb 20 13:31:07 2025,65
Thu Feb 20 13:32:07 2025,66
Thu Feb 20 13:33:07 2025,67
Thu Feb 20 13:34:07 2025,65
Thu Feb 20 13:35:07 2025,62
Thu Feb 20 13:36:07 2025,61
Thu Feb 20 13:37:07 2025,62
Thu Feb 20 13:38:07 2025,61
Thu Feb 20 13:39:07 2025,63
Thu Feb 20 13:40:07 2025,64
Thu Feb 20 13:41:07 2025,63
Thu Feb 20 13:42:07 2025,62
Thu Feb 20 13:43:07 2025,66
Thu Feb 20 13:44:07 2025,66
Thu Feb 20 13:45:07 2025,64
Thu Feb 20 13:46:07 2025,63
Thu Feb 20 13:47:07 2025,64
Thu Feb 20 13:48:07 2025,62
Thu Feb 20 13:49:07 2025,62
Thu Feb 20 13:50:07 2025,61
Thu Feb 20 13:51:07 2025,59
Thu Feb 20 13:52:07 2025,58
Thu Feb 20 13:53:07 2025,55
Thu Feb 20 13:54:07 2025,54
Thu Feb 20 13:55:07 2025,53
Thu Feb 20 13:56:07 2025,54
Thu Feb 20 13:57:07 2025,54
Thu Feb 20 13:58:07 2025,54
Thu Feb 20 13:59:07 2025,54
Thu Feb 20 14:00:07 2025,-
Thu Feb 20 14:01:07 2025,56
Thu Feb 20 14:02:07 2025,56
Thu Feb 20 14:03:07 2025,58
Thu Feb 20 14:04:07 2025,59
Thu Feb 20 14:05:07 2025,59
Thu Feb 20 14:06:07 2025,59
Thu Feb 20 14:07:07 2025,59
Thu Feb 20 14:08:07 2025,60
Thu Feb 20 14:09:07 2025,61
Thu Feb 20 14:10:07 2025,62
Thu Feb 20 14:11:07 2025,59
Thu Feb 20 14:12:07 2025,60
Thu Feb 20 14:13:07 2025,58
Thu Feb 20 14:14:07 2025,59
Thu Feb 20 14:15:07 2025,57
Thu Feb 20 14:16:07 2025,58
Thu Feb 20 14:17:07 2025,60
Thu Feb 20 14:18:07 2025,63
Thu Feb 20 14:19:07 2025,63
Thu Feb 20 14:20:07 2025,63
Thu Feb 20 14:21:07 2025,62
Thu Feb 20 14:22:07 2025,63
Thu Feb 20 14:23:07 2025,63
Thu Feb 20 14:24:07 2025,64
Thu Feb 20 14:25:07 2025,65
Thu Feb 20 14:26:07 2025,65
Thu Feb 20 14:27:07 2025,63
Thu Feb 20 14:28:07 2025,63
Thu Feb 20 14:29:07 2025,65
Thu Feb 20 14:30:07 2025,62
Thu Feb 20 14:31:07 2025,60
Thu Feb 20 14:32:07 2025,63
Thu Feb 20 14:33:07 2025,60
Thu Feb 20 14:34:07 2025,61
Thu Feb 20 14:35:07 2025,61
Thu Feb 20 14:36:07 2025,60
Thu Feb 20 14:37:07 2025,63
Thu Feb 20 14:38:07 2025,63
Thu Feb 20 14:39:07 2025,61
Thu Feb 20 14:40:08 2025,61
Thu Feb 20 14:41:07 2025,61
Thu Feb 20 14:42:06 2025,60
Thu Feb 20 14:55:00 2025,62
Thu Feb 20 14:56:07 2025,62
Thu Feb 20 14:57:07 2025,59
Thu Feb 20 14:58:07 2025,58
Thu Feb 20 14:59:07 2025,59
Thu Feb 20 15:00:08 2025,-
Thu Feb 20 15:01:07 2025,61
Thu Feb 20 15:02:07 2025,61
Thu Feb 20 15:03:06 2025,63
Thu Feb 20 15:04:07 2025,61
Thu Feb 20 15:05:07 2025,60
Thu Feb 20 15:06:07 2025,60
Thu Feb 20 15:07:07 2025,59
Thu Feb 20 15:08:07 2025,58
Thu Feb 20 15:09:07 2025,58
Thu Feb 20 15:10:07 2025,58
Thu Feb 20 15:11:07 2025,57
Thu Feb 20 15:12:07 2025,52
Thu Feb 20 15:13:07 2025,51
Thu Feb 20 15:14:07 2025,54
Thu Feb 20 15:15:07 2025,53
Thu Feb 20 15:16:07 2025,54
Thu Feb 20 15:17:07 2025,57
Thu Feb 20 15:18:07 2025,57
Thu Feb 20 15:19:07 2025,56
Thu Feb 20 15:20:07 2025,56
Thu Feb 20 15:21:07 2025,56
Thu Feb 20 15:22:07 2025,56
Thu Feb 20 15:23:07 2025,54
Thu Feb 20 15:24:07 2025,54
Thu Feb 20 15:25:07 2025,55
Thu Feb 20 15:26:07 2025,56
Thu Feb 20 15:36:07 2025,62
Thu Feb 20 15:37:07 2025,62
Thu Feb 20 15:38:08 2025,61
Thu Feb 20 15:39:07 2025,63
Thu Feb 20 15:40:08 2025,65
Thu Feb 20 15:41:07 2025,64
Thu Feb 20 15:42:07 2025,68
Thu Feb 20 15:43:07 2025,66
Thu Feb 20 15:44:07 2025,-
Thu Feb 20 15:45:07 2025,72
Thu Feb 20 15:46:07 2025,72
Thu Feb 20 15:47:07 2025,73
Thu Feb 20 15:48:07 2025,73
Thu Feb 20 15:49:07 2025,72
Thu Feb 20 15:50:07 2025,73
Thu Feb 20 15:51:07 2025,74
Thu Feb 20 15:52:07 2025,77
Thu Feb 20 15:53:07 2025,80
Thu Feb 20 15:54:07 2025,79
Thu Feb 20 15:55:07 2025,79
Thu Feb 20 15:56:07 2025,82
Thu Feb 20 15:57:08 2025,83
Thu Feb 20 15:58:07 2025,84
Thu Feb 20 15:59:07 2025,84
Thu Feb 20 16:00:07 2025,-
Thu Feb 20 16:01:07 2025,86
Thu Feb 20 16:02:07 2025,85
Thu Feb 20 16:03:07 2025,86
Thu Feb 20 16:04:07 2025,86
Thu Feb 20 16:05:07 2025,86
Thu Feb 20 16:06:07 2025,-
Thu Feb 20 16:07:07 2025,86
Thu Feb 20 16:08:07 2025,85
Thu Feb 20 16:09:07 2025,85
Thu Feb 20 16:10:07 2025,86
Thu Feb 20 16:11:07 2025,86
Thu Feb 20 16:12:07 2025,88
Thu Feb 20 16:13:07 2025,87
Thu Feb 20 16:14:07 2025,86
Thu Feb 20 16:15:07 2025,85
Thu Feb 20 16:16:07 2025,86
Thu Feb 20 16:17:07 2025,84
Thu Feb 20 16:18:07 2025,81
Thu Feb 20 16:19:07 2025,82
Thu Feb 20 16:20:07 2025,81
Thu Feb 20 16:21:07 2025,82
Thu Feb 20 16:22:07 2025,81
Thu Feb 20 16:23:07 2025,82
Thu Feb 20 16:24:07 2025,84
Thu Feb 20 16:25:07 2025,85
Thu Feb 20 16:26:07 2025,84
Thu Feb 20 16:27:07 2025,81
Thu Feb 20 16:28:07 2025,81
Thu Feb 20 16:29:07 2025,82
Thu Feb 20 16:30:07 2025,83
Thu Feb 20 16:31:07 2025,81
Thu Feb 20 16:32:07 2025,77
Thu Feb 20 16:33:07 2025,75
Thu Feb 20 16:34:07 2025,73
Thu Feb 20 16:35:07 2025,71
Thu Feb 20 16:36:07 2025,69
Thu Feb 20 16:37:07 2025,70
Thu Feb 20 16:38:07 2025,71
Thu Feb 20 16:39:07 2025,67
Thu Feb 20 16:40:07 2025,68
Thu Feb 20 16:41:07 2025,67
Thu Feb 20 16:42:07 2025,66
Thu Feb 20 16:43:08 2025,64
Thu Feb 20 16:44:07 2025,64
Thu Feb 20 16:45:07 2025,66
Thu Feb 20 16:46:07 2025,66
Thu Feb 20 16:47:44 2025,68
Thu Feb 20 16:48:21 2025,67
Thu Feb 20 16:49:07 2025,68
Thu Feb 20 16:50:07 2025,67
Thu Feb 20 16:51:07 2025,67
Thu Feb 20 16:52:07 2025,68
Thu Feb 20 16:53:07 2025,67
Thu Feb 20 16:54:07 2025,68
Thu Feb 20 16:55:07 2025,68
Thu Feb 20 16:56:07 2025,67
Thu Feb 20 16:57:07 2025,68
Thu Feb 20 16:58:07 2025,69
Thu Feb 20 16:59:07 2025,69
Thu Feb 20 17:00:07 2025,-
Thu Feb 20 17:01:07 2025,78
Thu Feb 20 17:02:07 2025,80
Thu Feb 20 17:03:07 2025,80
Thu Feb 20 17:04:07 2025,82
Thu Feb 20 17:05:07 2025,84
Thu Feb 20 17:06:07 2025,82
Thu Feb 20 17:07:07 2025,80
Thu Feb 20 17:08:07 2025,80
Thu Feb 20 17:09:07 2025,82
Thu Feb 20 17:10:07 2025,82
Thu Feb 20 17:11:07 2025,85
Thu Feb 20 17:12:07 2025,85
Thu Feb 20 17:13:07 2025,87
Thu Feb 20 17:14:07 2025,87
Thu Feb 20 17:15:07 2025,86
Thu Feb 20 17:16:07 2025,86
Thu Feb 20 17:17:07 2025,83
Thu Feb 20 17:18:07 2025,84
Thu Feb 20 17:19:07 2025,88
Thu Feb 20 17:20:08 2025,87
Thu Feb 20 17:21:07 2025,87
Thu Feb 20 17:22:07 2025,86
Thu Feb 20 17:23:07 2025,87
Thu Feb 20 17:24:07 2025,87
Thu Feb 20 17:25:07 2025,87
Thu Feb 20 17:26:08 2025,91
Thu Feb 20 17:27:07 2025,92
Thu Feb 20 17:28:07 2025,92
Thu Feb 20 17:29:06 2025,92
Thu Feb 20 17:30:07 2025,92
Thu Feb 20 22:39:14 2025,1
Thu Feb 20 22:40:07 2025,1
Thu Feb 20 22:41:07 2025,1
Thu Feb 20 22:42:07 2025,1
Thu Feb 20 22:43:07 2025,1
Thu Feb 20 22:44:07 2025,1
Thu Feb 20 22:45:13 2025,1
Thu Feb 20 22:46:06 2025,1
Thu Feb 20 22:47:07 2025,1
Thu Feb 20 22:48:07 2025,1
Thu Feb 20 22:49:07 2025,0
Thu Feb 20 22:50:07 2025,0
Thu Feb 20 22:51:07 2025,0
Thu Feb 20 22:52:07 2025,0
Thu Feb 20 22:53:07 2025,1
Fri Feb 21 09:15:11 2025,88
Fri Feb 21 09:16:07 2025,86
Fri Feb 21 09:17:07 2025,85
Fri Feb 21 09:18:07 2025,84
Fri Feb 21 09:19:07 2025,82
Fri Feb 21 09:20:07 2025,83
Fri Feb 21 09:21:08 2025,84
Fri Feb 21 09:22:07 2025,83
Fri Feb 21 09:23:07 2025,-
Fri Feb 21 09:24:07 2025,84
Fri Feb 21 09:25:11 2025,85
Fri Feb 21 09:26:07 2025,85
Fri Feb 21 09:27:07 2025,85
Fri Feb 21 09:28:08 2025,84
Fri Feb 21 09:29:07 2025,83
Fri Feb 21 09:30:08 2025,84
Fri Feb 21 09:31:07 2025,86
Fri Feb 21 09:32:08 2025,84
Fri Feb 21 09:33:07 2025,85
Fri Feb 21 09:34:09 2025,79
Fri Feb 21 09:35:08 2025,80
Fri Feb 21 09:36:08 2025,80
Fri Feb 21 09:37:07 2025,81
Fri Feb 21 09:38:07 2025,80
Fri Feb 21 09:39:07 2025,79
Fri Feb 21 09:40:07 2025,79
Fri Feb 21 09:41:08 2025,82
Fri Feb 21 09:42:07 2025,82
Fri Feb 21 09:43:07 2025,80
Fri Feb 21 09:44:07 2025,78
Fri Feb 21 09:45:07 2025,78
Fri Feb 21 09:46:07 2025,-
Fri Feb 21 09:47:07 2025,75
Fri Feb 21 09:48:07 2025,75
Fri Feb 21 09:49:07 2025,75
Fri Feb 21 09:50:07 2025,76
Fri Feb 21 09:51:07 2025,77
Fri Feb 21 09:52:07 2025,76
Fri Feb 21 09:53:07 2025,76
Fri Feb 21 09:54:07 2025,76
Fri Feb 21 09:55:07 2025,75
Fri Feb 21 09:56:07 2025,75
Fri Feb 21 09:57:07 2025,76
Fri Feb 21 09:58:08 2025,80
Fri Feb 21 09:59:07 2025,80
Fri Feb 21 10:00:07 2025,-
Fri Feb 21 10:01:07 2025,80
Fri Feb 21 10:02:07 2025,81
Fri Feb 21 10:03:07 2025,83
Fri Feb 21 10:04:07 2025,82
Fri Feb 21 10:05:07 2025,82
Fri Feb 21 10:06:07 2025,82
Fri Feb 21 10:07:07 2025,79
Fri Feb 21 10:08:06 2025,85
Fri Feb 21 10:09:07 2025,84
Fri Feb 21 10:10:07 2025,84
Fri Feb 21 10:11:07 2025,83
Fri Feb 21 10:12:07 2025,81
Fri Feb 21 10:13:07 2025,85
Fri Feb 21 10:14:07 2025,87
Fri Feb 21 10:15:09 2025,86
Fri Feb 21 10:16:07 2025,86
Fri Feb 21 10:17:06 2025,85
Fri Feb 21 10:18:07 2025,89
Fri Feb 21 10:19:07 2025,87
Fri Feb 21 10:20:07 2025,85
Fri Feb 21 10:21:07 2025,87
Fri Feb 21 10:22:07 2025,89
Fri Feb 21 10:23:07 2025,90
Fri Feb 21 10:24:07 2025,92
Fri Feb 21 10:25:07 2025,92
Fri Feb 21 10:26:07 2025,92
Fri Feb 21 10:27:07 2025,93
Fri Feb 21 10:28:07 2025,94
Fri Feb 21 10:29:08 2025,95
Fri Feb 21 10:30:09 2025,96
Fri Feb 21 10:31:08 2025,96
Fri Feb 21 10:32:07 2025,97
Fri Feb 21 10:33:07 2025,98
Fri Feb 21 10:34:09 2025,99
Fri Feb 21 10:35:08 2025,99
Fri Feb 21 10:36:08 2025,99
Fri Feb 21 10:37:07 2025,99
Fri Feb 21 10:38:07 2025,98
Fri Feb 21 10:39:07 2025,99
Fri Feb 21 10:40:07 2025,99
Fri Feb 21 10:41:07 2025,101
Fri Feb 21 10:42:07 2025,100
Fri Feb 21 10:43:07 2025,97
Fri Feb 21 10:44:07 2025,98
Fri Feb 21 10:45:16 2025,97
Fri Feb 21 10:46:07 2025,96
Fri Feb 21 10:47:08 2025,97
Fri Feb 21 10:48:07 2025,100
Fri Feb 21 10:49:07 2025,105
Fri Feb 21 10:50:09 2025,107
Fri Feb 21 10:51:06 2025,109
Fri Feb 21 10:52:07 2025,107
Fri Feb 21 10:53:07 2025,109
Fri Feb 21 10:54:07 2025,109
Fri Feb 21 10:55:07 2025,109
Fri Feb 21 10:56:07 2025,110
Fri Feb 21 10:57:07 2025,110
Fri Feb 21 10:58:09 2025,110
Fri Feb 21 10:59:07 2025,112
Fri Feb 21 11:00:08 2025,-
Fri Feb 21 11:01:07 2025,113
Fri Feb 21 11:02:07 2025,113
Fri Feb 21 11:03:07 2025,113
Fri Feb 21 11:04:07 2025,113
Fri Feb 21 11:05:07 2025,112
Fri Feb 21 11:06:07 2025,117
Fri Feb 21 11:07:08 2025,121
Fri Feb 21 11:08:08 2025,120
Fri Feb 21 11:09:07 2025,120
Fri Feb 21 11:10:07 2025,122
Fri Feb 21 11:11:07 2025,123
Fri Feb 21 11:12:07 2025,123
Fri Feb 21 11:13:07 2025,125
Fri Feb 21 11:14:07 2025,125
Fri Feb 21 11:54:56 2025,144
Fri Feb 21 11:55:06 2025,145
Fri Feb 21 11:56:08 2025,148
Fri Feb 21 11:57:07 2025,146
Fri Feb 21 11:58:08 2025,148
Fri Feb 21 11:59:07 2025,147
Fri Feb 21 12:00:07 2025,-
Fri Feb 21 12:01:09 2025,151
Fri Feb 21 12:02:07 2025,147
Fri Feb 21 12:03:07 2025,146
Fri Feb 21 12:04:07 2025,148
Fri Feb 21 12:05:07 2025,149
Fri Feb 21 12:06:07 2025,146
Fri Feb 21 12:07:07 2025,145
Fri Feb 21 12:08:07 2025,144
Fri Feb 21 12:09:10 2025,144
Fri Feb 21 12:10:09 2025,142
Fri Feb 21 12:11:07 2025,142
Fri Feb 21 12:12:09 2025,138
Fri Feb 21 12:13:07 2025,135
Fri Feb 21 12:14:07 2025,134
Fri Feb 21 12:15:07 2025,131
Fri Feb 21 12:16:09 2025,131
Fri Feb 21 12:17:07 2025,130
Fri Feb 21 12:18:07 2025,129
Fri Feb 21 12:19:07 2025,123
Fri Feb 21 12:20:10 2025,120
Fri Feb 21 12:21:07 2025,120
Fri Feb 21 12:22:07 2025,119
Fri Feb 21 12:23:07 2025,117
Fri Feb 21 12:24:07 2025,115
Fri Feb 21 12:25:07 2025,114
Fri Feb 21 12:26:08 2025,117
Fri Feb 21 12:27:07 2025,119
Fri Feb 21 12:28:07 2025,119
Fri Feb 21 12:29:07 2025,117
Fri Feb 21 12:30:07 2025,116
Fri Feb 21 12:31:07 2025,116
Fri Feb 21 12:32:07 2025,115
Fri Feb 21 12:33:08 2025,114
Fri Feb 21 12:34:08 2025,114
Fri Feb 21 12:35:07 2025,111
Fri Feb 21 12:36:07 2025,109
Fri Feb 21 12:37:09 2025,107
Fri Feb 21 12:38:09 2025,104
Fri Feb 21 12:39:07 2025,104
Fri Feb 21 12:40:07 2025,105
Fri Feb 21 12:41:07 2025,103
Fri Feb 21 12:42:07 2025,103
Fri Feb 21 12:43:07 2025,101
Fri Feb 21 12:44:07 2025,101
Fri Feb 21 12:45:07 2025,99
Fri Feb 21 12:46:07 2025,99
Fri Feb 21 12:47:07 2025,99
Fri Feb 21 12:48:08 2025,101
Fri Feb 21 12:49:07 2025,100
Fri Feb 21 12:50:11 2025,101
Fri Feb 21 12:51:07 2025,99
Fri Feb 21 12:52:07 2025,98
Fri Feb 21 12:53:07 2025,100
Fri Feb 21 12:54:07 2025,98
Fri Feb 21 12:55:09 2025,97
Fri Feb 21 12:56:07 2025,93
Fri Feb 21 12:57:07 2025,93
Fri Feb 21 12:58:08 2025,94
Fri Feb 21 12:59:07 2025,94
Fri Feb 21 13:00:09 2025,-
Fri Feb 21 13:01:09 2025,94
Fri Feb 21 13:02:09 2025,95
Fri Feb 21 13:03:07 2025,94
Fri Feb 21 13:04:07 2025,93
Fri Feb 21 13:05:07 2025,92
Fri Feb 21 13:06:08 2025,90
Fri Feb 21 13:07:07 2025,92
Fri Feb 21 13:08:07 2025,94
Fri Feb 21 13:09:07 2025,92
Fri Feb 21 13:10:06 2025,92
Fri Feb 21 13:11:07 2025,88
Fri Feb 21 13:12:07 2025,87
Fri Feb 21 13:13:07 2025,83
Fri Feb 21 13:14:07 2025,83
Fri Feb 21 13:15:07 2025,81
Fri Feb 21 13:16:07 2025,80
Fri Feb 21 13:17:07 2025,80
Fri Feb 21 13:18:07 2025,80
Fri Feb 21 13:19:07 2025,82
Fri Feb 21 13:20:07 2025,84
Fri Feb 21 13:21:07 2025,85
Fri Feb 21 13:22:10 2025,86
Fri Feb 21 13:23:07 2025,85
Fri Feb 21 13:24:08 2025,84
Fri Feb 21 13:25:07 2025,85
Fri Feb 21 13:26:09 2025,-
Fri Feb 21 13:27:07 2025,85
Fri Feb 21 13:28:07 2025,85
Fri Feb 21 13:29:07 2025,86
Fri Feb 21 13:30:07 2025,84
Fri Feb 21 13:31:07 2025,83
Fri Feb 21 13:32:08 2025,85
Fri Feb 21 13:48:05 2025,76
Fri Feb 21 13:49:07 2025,75
Fri Feb 21 13:50:07 2025,75
Fri Feb 21 13:51:07 2025,75
Fri Feb 21 13:52:07 2025,76
Fri Feb 21 13:53:07 2025,78
Fri Feb 21 13:54:07 2025,78
Fri Feb 21 13:55:07 2025,76
Fri Feb 21 13:56:08 2025,77
Fri Feb 21 13:57:08 2025,78
Fri Feb 21 13:58:09 2025,78
Fri Feb 21 13:59:14 2025,81
Fri Feb 21 14:00:07 2025,-
Fri Feb 21 14:01:07 2025,78
Fri Feb 21 14:02:08 2025,82
Fri Feb 21 14:03:09 2025,80
Fri Feb 21 14:04:07 2025,82
Fri Feb 21 14:05:07 2025,81
Fri Feb 21 14:06:07 2025,82
Fri Feb 21 14:07:07 2025,82
Fri Feb 21 14:08:07 2025,78
Fri Feb 21 14:09:08 2025,78
Fri Feb 21 14:10:08 2025,78
Fri Feb 21 14:11:07 2025,78
Fri Feb 21 14:12:07 2025,80
Fri Feb 21 14:13:07 2025,79
Fri Feb 21 14:14:08 2025,78
Fri Feb 21 14:15:07 2025,78
Fri Feb 21 14:16:07 2025,76
Fri Feb 21 14:17:07 2025,75
Fri Feb 21 14:18:07 2025,74
Fri Feb 21 14:19:08 2025,74
Fri Feb 21 14:20:07 2025,74
Fri Feb 21 14:21:08 2025,74
Fri Feb 21 14:22:07 2025,78
Fri Feb 21 14:23:07 2025,78
Fri Feb 21 14:24:07 2025,82
Fri Feb 21 14:25:07 2025,83
Fri Feb 21 14:26:07 2025,89
Fri Feb 21 14:27:07 2025,89
Fri Feb 21 14:28:08 2025,92
Fri Feb 21 14:29:07 2025,92
Fri Feb 21 14:30:07 2025,91
Fri Feb 21 14:31:08 2025,90
Fri Feb 21 14:32:07 2025,90
Fri Feb 21 14:33:07 2025,88
Fri Feb 21 14:34:08 2025,87
Fri Feb 21 14:35:08 2025,86
Fri Feb 21 14:36:07 2025,87
Fri Feb 21 14:37:07 2025,86
Fri Feb 21 14:38:07 2025,86
Fri Feb 21 14:39:07 2025,87
Fri Feb 21 14:40:07 2025,88
Fri Feb 21 14:41:07 2025,91
Fri Feb 21 14:42:07 2025,89
Fri Feb 21 14:43:07 2025,90
Fri Feb 21 14:44:07 2025,91
Fri Feb 21 14:45:07 2025,90
Fri Feb 21 14:46:07 2025,88
Fri Feb 21 14:47:07 2025,89
Fri Feb 21 14:48:07 2025,92
Fri Feb 21 14:49:08 2025,89
Fri Feb 21 14:50:07 2025,92
Fri Feb 21 14:51:07 2025,94
Fri Feb 21 14:52:07 2025,96
Fri Feb 21 14:53:07 2025,96
Fri Feb 21 14:54:07 2025,98
Fri Feb 21 14:55:07 2025,97
Fri Feb 21 14:56:07 2025,98
Fri Feb 21 14:57:07 2025,97
Fri Feb 21 14:58:07 2025,97
Fri Feb 21 14:59:07 2025,100
Fri Feb 21 15:00:10 2025,-
Fri Feb 21 15:01:07 2025,100
Fri Feb 21 15:02:07 2025,99
Fri Feb 21 15:03:07 2025,103
Fri Feb 21 15:04:07 2025,100
Fri Feb 21 15:05:07 2025,101
Fri Feb 21 15:06:07 2025,100
Fri Feb 21 15:07:07 2025,104
Fri Feb 21 15:09:13 2025,
Fri Feb 21 15:10:07 2025,104
Fri Feb 21 15:11:07 2025,105
Fri Feb 21 15:12:07 2025,107
Fri Feb 21 15:13:07 2025,108
Fri Feb 21 15:14:07 2025,110
Fri Feb 21 15:15:07 2025,110
Fri Feb 21 15:16:07 2025,109
Fri Feb 21 15:17:07 2025,110
Fri Feb 21 15:18:07 2025,109
Fri Feb 21 15:19:07 2025,111
Fri Feb 21 15:20:07 2025,112
Fri Feb 21 15:21:07 2025,109
Fri Feb 21 15:22:07 2025,108
Fri Feb 21 15:23:07 2025,107
Fri Feb 21 15:24:07 2025,111
Fri Feb 21 15:25:07 2025,108
Fri Feb 21 15:26:07 2025,106
Fri Feb 21 15:27:07 2025,110
Fri Feb 21 15:28:10 2025,108
Fri Feb 21 15:29:07 2025,108
Fri Feb 21 15:30:07 2025,111
Fri Feb 21 15:31:07 2025,113
Fri Feb 21 15:32:07 2025,112
Fri Feb 21 15:33:07 2025,112
Fri Feb 21 15:34:07 2025,112
Fri Feb 21 15:35:07 2025,113
Fri Feb 21 15:36:07 2025,112
Fri Feb 21 15:37:07 2025,110
Fri Feb 21 15:38:07 2025,110
Fri Feb 21 15:39:07 2025,112
Fri Feb 21 15:40:07 2025,114
Fri Feb 21 15:41:07 2025,112
Fri Feb 21 15:42:07 2025,113
Fri Feb 21 15:43:07 2025,111
Fri Feb 21 15:44:09 2025,109
Fri Feb 21 15:45:07 2025,108
Fri Feb 21 15:46:09 2025,108
Fri Feb 21 15:47:07 2025,107
Fri Feb 21 15:48:07 2025,106
Fri Feb 21 15:49:07 2025,106
Fri Feb 21 15:50:07 2025,106
Fri Feb 21 15:51:07 2025,102
Fri Feb 21 15:52:07 2025,99
Fri Feb 21 15:53:07 2025,97
Fri Feb 21 15:54:07 2025,100
Fri Feb 21 15:55:07 2025,101
Fri Feb 21 15:56:07 2025,100
Fri Feb 21 15:57:08 2025,94
Fri Feb 21 15:58:07 2025,94
Fri Feb 21 15:59:07 2025,94
Fri Feb 21 16:00:07 2025,-
Fri Feb 21 16:01:07 2025,94
Fri Feb 21 16:02:07 2025,97
Fri Feb 21 16:03:07 2025,99
Fri Feb 21 16:04:07 2025,101
Fri Feb 21 16:05:07 2025,101
Fri Feb 21 16:06:07 2025,98
Fri Feb 21 16:07:07 2025,95
Fri Feb 21 16:08:07 2025,95
Fri Feb 21 16:09:07 2025,96
Fri Feb 21 16:10:07 2025,97
Fri Feb 21 16:11:08 2025,98
Fri Feb 21 16:12:07 2025,99
Fri Feb 21 16:13:07 2025,100
Fri Feb 21 16:14:07 2025,101
Fri Feb 21 16:15:07 2025,101
Fri Feb 21 16:16:11 2025,100
Fri Feb 21 16:17:07 2025,98
Fri Feb 21 16:18:08 2025,99
Fri Feb 21 16:19:07 2025,99
Fri Feb 21 16:20:07 2025,101
Fri Feb 21 16:21:07 2025,99
Fri Feb 21 16:22:07 2025,100
Fri Feb 21 16:23:06 2025,100
Fri Feb 21 16:24:07 2025,101
Fri Feb 21 16:25:07 2025,100
Fri Feb 21 16:26:07 2025,99
Fri Feb 21 16:27:07 2025,100
Fri Feb 21 16:28:07 2025,101
Fri Feb 21 16:29:07 2025,104
Fri Feb 21 16:30:07 2025,103
Fri Feb 21 16:31:07 2025,104
Fri Feb 21 16:32:07 2025,103
Fri Feb 21 16:33:07 2025,103
Fri Feb 21 16:34:07 2025,101
Fri Feb 21 16:35:07 2025,104
Fri Feb 21 16:36:07 2025,105
Fri Feb 21 16:57:20 2025,107
Fri Feb 21 17:02:20 2025,108
Fri Feb 21 17:03:07 2025,108
Fri Feb 21 17:07:56 2025,112
Fri Feb 21 17:08:06 2025,113
Fri Feb 21 17:09:07 2025,111
Fri Feb 21 17:10:07 2025,112
Fri Feb 21 17:11:07 2025,111
Fri Feb 21 17:12:08 2025,106
Fri Feb 21 17:13:07 2025,107
Fri Feb 21 17:14:07 2025,108
Fri Feb 21 17:15:07 2025,108
Fri Feb 21 17:16:07 2025,108
Fri Feb 21 17:17:07 2025,108
Fri Feb 21 17:18:07 2025,108
Fri Feb 21 17:19:08 2025,108
Fri Feb 21 17:20:08 2025,107
Fri Feb 21 17:21:08 2025,106
Fri Feb 21 17:22:07 2025,110
Fri Feb 21 17:23:08 2025,110
Fri Feb 21 17:24:07 2025,111
Fri Feb 21 17:25:07 2025,108
Fri Feb 21 17:26:07 2025,104
Fri Feb 21 17:27:07 2025,105
Fri Feb 21 17:44:05 2025,121
Fri Feb 21 18:01:06 2025,129
Fri Feb 21 18:17:35 2025,118
Sun Feb 23 13:28:08 2025,-
Sun Feb 23 13:29:06 2025,119
Sun Feb 23 13:30:08 2025,118
Sun Feb 23 13:31:06 2025,117
Sun Feb 23 13:32:06 2025,120
Sun Feb 23 13:33:06 2025,121
Sun Feb 23 13:34:06 2025,124
Sun Feb 23 13:35:07 2025,130
Sun Feb 23 13:36:06 2025,127
Sun Feb 23 13:37:06 2025,127
Sun Feb 23 13:38:06 2025,127
Sun Feb 23 16:16:07 2025,180
Sun Feb 23 16:17:06 2025,180
Sun Feb 23 16:18:06 2025,181
Sun Feb 23 16:19:08 2025,182
Sun Feb 23 16:20:06 2025,181
Sun Feb 23 16:21:06 2025,179
Sun Feb 23 16:22:06 2025,182
Sun Feb 23 16:23:06 2025,181
Sun Feb 23 16:24:06 2025,185
Sun Feb 23 16:25:08 2025,180
Sun Feb 23 16:26:06 2025,176
Sun Feb 23 16:27:06 2025,175
Sun Feb 23 16:28:07 2025,175
Sun Feb 23 16:29:06 2025,178
Sun Feb 23 16:30:06 2025,175
Sun Feb 23 16:31:06 2025,179
Sun Feb 23 16:32:06 2025,181
Sun Feb 23 16:33:06 2025,180
Sun Feb 23 16:34:06 2025,182
Sun Feb 23 16:35:06 2025,181
Sun Feb 23 16:36:07 2025,182
Sun Feb 23 16:37:06 2025,180
Sun Feb 23 16:38:06 2025,178
Sun Feb 23 16:39:06 2025,174
Sun Feb 23 16:40:06 2025,174
Sun Feb 23 16:52:34 2025,173
Sun Feb 23 16:58:33 2025,177
Sun Feb 23 17:20:53 2025,171
Sun Feb 23 17:21:07 2025,165
Sun Feb 23 21:07:15 2025,71
Sun Feb 23 21:25:02 2025,60
Sun Feb 23 21:26:07 2025,58
Sun Feb 23 21:27:06 2025,58
Sun Feb 23 21:28:06 2025,58
Sun Feb 23 21:29:06 2025,57
Sun Feb 23 21:30:07 2025,53
Sun Feb 23 21:31:06 2025,53
Sun Feb 23 21:32:06 2025,52
Sun Feb 23 21:33:07 2025,52
Sun Feb 23 21:34:06 2025,51
Sun Feb 23 21:35:08 2025,50
Sun Feb 23 21:36:06 2025,49
Sun Feb 23 21:37:06 2025,49
Sun Feb 23 21:38:06 2025,48
Sun Feb 23 21:39:06 2025,46
Sun Feb 23 21:40:06 2025,44
Sun Feb 23 21:41:06 2025,41
Sun Feb 23 21:42:06 2025,40
Sun Feb 23 21:43:07 2025,37
Sun Feb 23 21:44:06 2025,36
Sun Feb 23 21:45:06 2025,36
Sun Feb 23 21:46:06 2025,36
Sun Feb 23 21:47:06 2025,36
Sun Feb 23 21:48:06 2025,35
Sun Feb 23 21:49:06 2025,34
Sun Feb 23 21:50:06 2025,33
Sun Feb 23 21:51:06 2025,30
Sun Feb 23 21:52:07 2025,30
Sun Feb 23 21:53:06 2025,29
Sun Feb 23 21:54:06 2025,28
Sun Feb 23 21:55:07 2025,24
Sun Feb 23 21:56:06 2025,24
Sun Feb 23 21:57:07 2025,23
Sun Feb 23 21:58:06 2025,19
Sun Feb 23 21:59:06 2025,16
Sun Feb 23 22:00:07 2025,-
Sun Feb 23 22:01:06 2025,14
Sun Feb 23 22:02:06 2025,14
Sun Feb 23 22:03:06 2025,12
Sun Feb 23 22:04:07 2025,13
Sun Feb 23 22:05:06 2025,11
Sun Feb 23 22:06:06 2025,10
Sun Feb 23 22:07:06 2025,8
Sun Feb 23 22:24:30 2025,-
Mon Feb 24 13:39:07 2025,82
Tue Feb 25 12:00:07 2025,-
Tue Feb 25 12:01:06 2025,142
Tue Feb 25 12:02:06 2025,143
Tue Feb 25 12:03:06 2025,146
Tue Feb 25 12:04:06 2025,129
Tue Feb 25 12:05:06 2025,131
Tue Feb 25 12:06:06 2025,132
Tue Feb 25 12:07:07 2025,129
Tue Feb 25 12:08:06 2025,130
Tue Feb 25 12:09:06 2025,134
Tue Feb 25 12:10:06 2025,137
Tue Feb 25 12:11:06 2025,133
Tue Feb 25 12:12:06 2025,132
Tue Feb 25 12:13:06 2025,135
Tue Feb 25 12:29:05 2025,137
Tue Feb 25 12:45:05 2025,136
Tue Feb 25 12:46:06 2025,135
Tue Feb 25 12:50:01 2025,131
Tue Feb 25 12:51:06 2025,131
Tue Feb 25 12:52:07 2025,132
Tue Feb 25 12:53:06 2025,131
Tue Feb 25 12:54:06 2025,130
Tue Feb 25 12:55:06 2025,128
Tue Feb 25 12:56:06 2025,131
Tue Feb 25 12:57:06 2025,127
Tue Feb 25 12:58:06 2025,126
Tue Feb 25 12:59:06 2025,127
Tue Feb 25 13:00:07 2025,-
Tue Feb 25 13:01:06 2025,126
Tue Feb 25 13:02:06 2025,122
Tue Feb 25 13:03:06 2025,118
Tue Feb 25 13:04:06 2025,116
Tue Feb 25 13:05:06 2025,114
Tue Feb 25 13:06:06 2025,-
Tue Feb 25 13:07:06 2025,114
Tue Feb 25 13:08:06 2025,114
Tue Feb 25 13:09:06 2025,117
Tue Feb 25 13:10:07 2025,114
Tue Feb 25 13:14:30 2025,109
Tue Feb 25 13:15:06 2025,108
Tue Feb 25 13:16:06 2025,109
Tue Feb 25 13:17:06 2025,108
Tue Feb 25 13:18:06 2025,106
Tue Feb 25 13:19:13 2025,108
Tue Feb 25 13:20:06 2025,107
Tue Feb 25 13:21:06 2025,105
Tue Feb 25 13:22:08 2025,105
Tue Feb 25 13:23:06 2025,104
Tue Feb 25 13:24:06 2025,107
Tue Feb 25 13:25:06 2025,107
Tue Feb 25 13:26:06 2025,124
Tue Feb 25 13:27:06 2025,119
Tue Feb 25 13:28:06 2025,117
Tue Feb 25 13:29:07 2025,118
Tue Feb 25 13:30:06 2025,116
Tue Feb 25 13:31:06 2025,112
Tue Feb 25 13:32:06 2025,109
Tue Feb 25 13:33:06 2025,110
Tue Feb 25 13:34:06 2025,110
Tue Feb 25 13:35:06 2025,110
Tue Feb 25 13:36:06 2025,115
Tue Feb 25 13:37:06 2025,116
Tue Feb 25 13:38:06 2025,115
Tue Feb 25 13:39:06 2025,115
Tue Feb 25 13:40:06 2025,117
Tue Feb 25 14:12:44 2025,-
Tue Feb 25 14:21:55 2025,105
Tue Feb 25 14:26:44 2025,104
Tue Feb 25 14:32:06 2025,117
Tue Feb 25 16:14:07 2025,167
Tue Feb 25 16:15:07 2025,168
Tue Feb 25 16:16:06 2025,166
Tue Feb 25 16:17:06 2025,167
Tue Feb 25 16:18:07 2025,171
Tue Feb 25 16:19:07 2025,170
Tue Feb 25 16:20:07 2025,172
Tue Feb 25 16:21:07 2025,170
Tue Feb 25 16:22:06 2025,173
Tue Feb 25 16:23:06 2025,179
Tue Feb 25 16:24:07 2025,177
Tue Feb 25 16:25:06 2025,176
Tue Feb 25 16:26:06 2025,180
Tue Feb 25 16:27:06 2025,183
Tue Feb 25 16:28:07 2025,171
Tue Feb 25 16:30:06 2025,157
Tue Feb 25 16:31:06 2025,159
Tue Feb 25 16:32:07 2025,158
Tue Feb 25 16:33:06 2025,157
Tue Feb 25 16:34:06 2025,157
Tue Feb 25 16:35:06 2025,154
Tue Feb 25 16:36:06 2025,154
Tue Feb 25 16:37:06 2025,152
Tue Feb 25 16:38:06 2025,154
Tue Feb 25 16:39:06 2025,154
Tue Feb 25 16:40:06 2025,157
Tue Feb 25 16:41:06 2025,155
Tue Feb 25 16:42:06 2025,162
Tue Feb 25 16:43:06 2025,160
Tue Feb 25 16:44:06 2025,163
Tue Feb 25 16:45:06 2025,163
Tue Feb 25 16:46:06 2025,164
Tue Feb 25 16:47:06 2025,165
Tue Feb 25 16:48:06 2025,163
Tue Feb 25 16:49:06 2025,166
Tue Feb 25 16:50:07 2025,170
Tue Feb 25 16:51:06 2025,177
Tue Feb 25 16:52:06 2025,180
Tue Feb 25 16:53:07 2025,181
Tue Feb 25 16:54:06 2025,186
Tue Feb 25 16:55:07 2025,194
Tue Feb 25 16:56:07 2025,195
Tue Feb 25 16:57:07 2025,198
Tue Feb 25 16:58:07 2025,199
Tue Feb 25 16:59:06 2025,204
Tue Feb 25 17:00:06 2025,-
Tue Feb 25 17:01:06 2025,206
Tue Feb 25 17:02:06 2025,204
Tue Feb 25 17:03:07 2025,200
Tue Feb 25 17:04:06 2025,202
Tue Feb 25 17:05:06 2025,202
Tue Feb 25 17:06:06 2025,203
Tue Feb 25 17:07:06 2025,198
Tue Feb 25 17:08:07 2025,194
Tue Feb 25 17:09:06 2025,191
Tue Feb 25 17:17:21 2025,182
Tue Feb 25 19:26:16 2025,203
Tue Feb 25 19:27:06 2025,204
Tue Feb 25 19:28:06 2025,202
Tue Feb 25 19:29:07 2025,201
Tue Feb 25 19:30:07 2025,202
Tue Feb 25 19:31:06 2025,203
Tue Feb 25 19:32:06 2025,205
Tue Feb 25 19:33:06 2025,204
Tue Feb 25 19:34:06 2025,201
Tue Feb 25 19:35:07 2025,201
Tue Feb 25 19:36:06 2025,200
Tue Feb 25 19:37:07 2025,198
Tue Feb 25 19:38:06 2025,197
Tue Feb 25 19:39:06 2025,197
Tue Feb 25 19:40:07 2025,194
Tue Feb 25 19:41:06 2025,194
Tue Feb 25 19:42:06 2025,193
Tue Feb 25 19:43:06 2025,191
Tue Feb 25 19:44:06 2025,188
Tue Feb 25 19:45:06 2025,186
Tue Feb 25 19:46:06 2025,186
Tue Feb 25 19:47:06 2025,193
Tue Feb 25 19:48:06 2025,193
Tue Feb 25 19:49:06 2025,196
Tue Feb 25 19:50:06 2025,195
Tue Feb 25 19:51:07 2025,-
Tue Feb 25 19:52:06 2025,195
Tue Feb 25 19:53:07 2025,193
Tue Feb 25 19:54:06 2025,191
Tue Feb 25 19:55:06 2025,-
Tue Feb 25 19:56:07 2025,191
Tue Feb 25 19:57:06 2025,190
Tue Feb 25 19:58:06 2025,188
Tue Feb 25 19:59:06 2025,187
Tue Feb 25 20:00:07 2025,-
Tue Feb 25 20:01:07 2025,190
Tue Feb 25 20:02:06 2025,187
Tue Feb 25 20:03:07 2025,189
Tue Feb 25 20:04:06 2025,191
Tue Feb 25 20:05:07 2025,192
Tue Feb 25 20:06:06 2025,192
Tue Feb 25 20:07:06 2025,196
Tue Feb 25 20:08:06 2025,190
Tue Feb 25 20:09:07 2025,190
Tue Feb 25 20:10:07 2025,193
Tue Feb 25 20:11:06 2025,192
Tue Feb 25 20:12:07 2025,192
Tue Feb 25 20:13:06 2025,194
Tue Feb 25 20:14:06 2025,192
Tue Feb 25 20:15:07 2025,196
Tue Feb 25 20:16:06 2025,195
Tue Feb 25 20:17:06 2025,195
Tue Feb 25 20:18:06 2025,195
Tue Feb 25 20:19:06 2025,196
Tue Feb 25 20:20:07 2025,198
Tue Feb 25 20:21:06 2025,197
Tue Feb 25 20:22:07 2025,196
Tue Feb 25 20:23:06 2025,194
Tue Feb 25 20:24:06 2025,194
Tue Feb 25 20:25:06 2025,186
Tue Feb 25 20:26:06 2025,184
Tue Feb 25 20:27:08 2025,180
Tue Feb 25 20:28:06 2025,179
Tue Feb 25 20:29:06 2025,177
Tue Feb 25 20:30:06 2025,173
Tue Feb 25 20:31:07 2025,171
Tue Feb 25 20:32:06 2025,170
Tue Feb 25 20:33:07 2025,166
Tue Feb 25 20:34:06 2025,168
Tue Feb 25 20:35:06 2025,168
Tue Feb 25 20:36:06 2025,169
Tue Feb 25 20:37:06 2025,162
Tue Feb 25 20:38:06 2025,160
Tue Feb 25 20:39:06 2025,159
Tue Feb 25 20:40:07 2025,153
Tue Feb 25 20:41:06 2025,156
Tue Feb 25 20:42:06 2025,152
Tue Feb 25 20:43:06 2025,150
Tue Feb 25 20:44:06 2025,149
Tue Feb 25 20:45:06 2025,147
Tue Feb 25 20:46:06 2025,141
Tue Feb 25 20:47:07 2025,142
Tue Feb 25 20:48:06 2025,141
Tue Feb 25 20:49:06 2025,140
Tue Feb 25 20:50:06 2025,139
Tue Feb 25 20:51:06 2025,141
Tue Feb 25 20:52:06 2025,140
Tue Feb 25 20:53:06 2025,140
Tue Feb 25 20:54:07 2025,138
Tue Feb 25 20:58:06 2025,136
Tue Feb 25 20:59:06 2025,137
Tue Feb 25 21:00:06 2025,-
Tue Feb 25 21:01:06 2025,140
Tue Feb 25 21:02:06 2025,143
Tue Feb 25 21:03:06 2025,143
Tue Feb 25 21:04:06 2025,145
Tue Feb 25 21:05:06 2025,147
Tue Feb 25 21:06:07 2025,147
Tue Feb 25 21:07:06 2025,148
Tue Feb 25 21:08:07 2025,147
Tue Feb 25 21:09:06 2025,146
Tue Feb 25 21:10:06 2025,141
Tue Feb 25 21:11:06 2025,142
Tue Feb 25 21:12:06 2025,141
Tue Feb 25 21:13:06 2025,142
Tue Feb 25 21:14:06 2025,141
Tue Feb 25 21:15:06 2025,137
Tue Feb 25 21:16:07 2025,137
Tue Feb 25 21:17:06 2025,136
Tue Feb 25 21:18:07 2025,133
Tue Feb 25 21:19:07 2025,132
Tue Feb 25 21:20:07 2025,-
Tue Feb 25 21:21:06 2025,-
Tue Feb 25 21:22:06 2025,121
Tue Feb 25 21:23:06 2025,120
Tue Feb 25 21:24:06 2025,120
Tue Feb 25 21:25:07 2025,117
Tue Feb 25 21:26:06 2025,116
Tue Feb 25 21:27:08 2025,116
Tue Feb 25 21:28:06 2025,113
Tue Feb 25 21:29:06 2025,109
Tue Feb 25 21:30:06 2025,107
Tue Feb 25 21:31:07 2025,106
Tue Feb 25 21:32:06 2025,107
Tue Feb 25 21:33:06 2025,106
Tue Feb 25 21:34:06 2025,103
Tue Feb 25 21:35:07 2025,103
Tue Feb 25 21:36:06 2025,102
Tue Feb 25 21:37:06 2025,100
Tue Feb 25 21:38:06 2025,100
Tue Feb 25 21:39:06 2025,96
Tue Feb 25 21:40:08 2025,95
Tue Feb 25 21:41:06 2025,94
Tue Feb 25 21:42:06 2025,94
Tue Feb 25 21:43:08 2025,89
Tue Feb 25 21:44:06 2025,83
Tue Feb 25 21:45:06 2025,80
Tue Feb 25 21:46:06 2025,78
Tue Feb 25 21:47:07 2025,75
Tue Feb 25 21:48:06 2025,74
Tue Feb 25 21:49:06 2025,68
Tue Feb 25 21:50:06 2025,67
Tue Feb 25 21:51:06 2025,66
Tue Feb 25 21:52:07 2025,65
Tue Feb 25 21:53:06 2025,63
Tue Feb 25 21:54:06 2025,63
Tue Feb 25 21:55:06 2025,60
Tue Feb 25 21:56:06 2025,57
Tue Feb 25 21:57:06 2025,53
Tue Feb 25 21:58:06 2025,51
Tue Feb 25 21:59:07 2025,46
Tue Feb 25 22:00:12 2025,45
Tue Feb 25 22:01:07 2025,42
Tue Feb 25 22:02:07 2025,41
Tue Feb 25 22:03:07 2025,36
Tue Feb 25 22:04:07 2025,30
Tue Feb 25 22:05:08 2025,27
Tue Feb 25 22:06:06 2025,24
Tue Feb 25 22:07:06 2025,17
Tue Feb 25 22:08:06 2025,14
Tue Feb 25 22:09:07 2025,12
Tue Feb 25 22:10:07 2025,13
Tue Feb 25 22:11:07 2025,11
Tue Feb 25 22:12:07 2025,-
Tue Feb 25 22:13:06 2025,7
Tue Feb 25 22:14:07 2025,5
Tue Feb 25 22:15:07 2025,1
Tue Feb 25 22:16:07 2025,0
Tue Feb 25 22:17:07 2025,0
Tue Feb 25 22:18:06 2025,0
Tue Feb 25 22:19:07 2025,0
Tue Feb 25 22:20:07 2025,-
Tue Feb 25 22:21:07 2025,0
Tue Feb 25 22:22:07 2025,0
Tue Feb 25 22:23:07 2025,0
Tue Feb 25 22:24:07 2025,0
Tue Feb 25 22:25:07 2025,0
Tue Feb 25 22:26:07 2025,0
Tue Feb 25 22:27:07 2025,0
Tue Feb 25 22:28:06 2025,0
Tue Feb 25 22:29:06 2025,0
Tue Feb 25 22:30:08 2025,0
Tue Feb 25 22:31:07 2025,0
Tue Feb 25 22:32:06 2025,0
Tue Feb 25 22:33:07 2025,0
Tue Feb 25 22:34:07 2025,0
Tue Feb 25 22:35:07 2025,0
Tue Feb 25 22:36:06 2025,0
Tue Feb 25 22:42:28 2025,1
Wed Feb 26 10:18:07 2025,151
Wed Feb 26 10:19:07 2025,145
Wed Feb 26 10:20:07 2025,144
Wed Feb 26 10:21:07 2025,145
Wed Feb 26 10:22:07 2025,144
Wed Feb 26 10:23:07 2025,146
Wed Feb 26 10:24:06 2025,147
Wed Feb 26 10:25:07 2025,144
Wed Feb 26 10:26:07 2025,144
Wed Feb 26 10:27:07 2025,144
Wed Feb 26 10:28:07 2025,145
Wed Feb 26 10:29:06 2025,-
Wed Feb 26 10:30:09 2025,147
Wed Feb 26 10:31:06 2025,146
Wed Feb 26 10:32:07 2025,147
Wed Feb 26 10:33:06 2025,151
Wed Feb 26 10:34:07 2025,149
Wed Feb 26 10:35:07 2025,148
Wed Feb 26 10:36:07 2025,147
Wed Feb 26 10:37:06 2025,150
Wed Feb 26 10:38:07 2025,150
Wed Feb 26 10:42:06 2025,148
Wed Feb 26 10:43:07 2025,149
Wed Feb 26 10:44:07 2025,148
Wed Feb 26 10:45:08 2025,151
Wed Feb 26 10:46:07 2025,149
Wed Feb 26 10:47:07 2025,147
Wed Feb 26 10:48:07 2025,146
Wed Feb 26 10:49:07 2025,147
Wed Feb 26 10:50:07 2025,146
Wed Feb 26 10:51:07 2025,145
Wed Feb 26 10:52:07 2025,143
Wed Feb 26 10:53:07 2025,143
Wed Feb 26 10:54:07 2025,144
Wed Feb 26 10:55:07 2025,143
Wed Feb 26 10:56:07 2025,146
Wed Feb 26 10:57:06 2025,147
Wed Feb 26 10:58:07 2025,146
Wed Feb 26 10:59:07 2025,145
Wed Feb 26 11:00:07 2025,-
Wed Feb 26 11:01:07 2025,145
Wed Feb 26 11:02:07 2025,145
Wed Feb 26 11:03:08 2025,144
Wed Feb 26 11:04:06 2025,148
Wed Feb 26 11:05:08 2025,158
Wed Feb 26 11:06:08 2025,163
Wed Feb 26 11:07:07 2025,159
Wed Feb 26 11:08:07 2025,158
Wed Feb 26 11:09:07 2025,155
Wed Feb 26 11:10:09 2025,157
Wed Feb 26 11:11:06 2025,156
Wed Feb 26 11:12:07 2025,158
Wed Feb 26 11:13:07 2025,158
Wed Feb 26 11:14:08 2025,159
Wed Feb 26 11:15:07 2025,163
Wed Feb 26 11:16:07 2025,165
Wed Feb 26 11:17:07 2025,165
Wed Feb 26 11:18:07 2025,163
Wed Feb 26 11:19:07 2025,162
Wed Feb 26 11:20:07 2025,162
Wed Feb 26 11:21:08 2025,159
Wed Feb 26 11:22:07 2025,157
Wed Feb 26 11:23:07 2025,157
Wed Feb 26 11:24:08 2025,146
Wed Feb 26 11:25:07 2025,144
Wed Feb 26 11:26:07 2025,125
Wed Feb 26 11:27:07 2025,123
Wed Feb 26 11:28:07 2025,122
Wed Feb 26 11:29:07 2025,121
Wed Feb 26 11:30:07 2025,123
Wed Feb 26 11:31:07 2025,122
Wed Feb 26 11:32:07 2025,122
Wed Feb 26 11:33:07 2025,121
Wed Feb 26 11:34:07 2025,119
Wed Feb 26 11:35:07 2025,120
Wed Feb 26 11:36:07 2025,118
Wed Feb 26 11:37:07 2025,119
Wed Feb 26 11:38:07 2025,120
Wed Feb 26 11:39:07 2025,122
Wed Feb 26 11:40:08 2025,122
Wed Feb 26 11:41:07 2025,124
Wed Feb 26 11:42:07 2025,125
Wed Feb 26 11:43:07 2025,126
Wed Feb 26 11:44:07 2025,127
Wed Feb 26 11:45:07 2025,127
Wed Feb 26 11:46:07 2025,127
Wed Feb 26 11:47:07 2025,128
Wed Feb 26 11:48:07 2025,128
Wed Feb 26 11:49:07 2025,130
Wed Feb 26 11:50:10 2025,128
Wed Feb 26 11:51:07 2025,127
Wed Feb 26 11:52:07 2025,128
Wed Feb 26 11:53:07 2025,131
Wed Feb 26 11:54:07 2025,133
Wed Feb 26 11:55:07 2025,137
Wed Feb 26 11:56:07 2025,137
Wed Feb 26 11:57:07 2025,138
Wed Feb 26 11:58:07 2025,141
Wed Feb 26 11:59:07 2025,142
Wed Feb 26 12:00:07 2025,-
Wed Feb 26 12:01:07 2025,142
Wed Feb 26 12:02:07 2025,141
Wed Feb 26 12:03:07 2025,140
Wed Feb 26 12:04:07 2025,141
Wed Feb 26 12:05:07 2025,124
Wed Feb 26 12:06:07 2025,122
Wed Feb 26 12:07:07 2025,122
Wed Feb 26 12:08:07 2025,122
Wed Feb 26 12:09:07 2025,121
Wed Feb 26 12:10:07 2025,121
Wed Feb 26 12:11:07 2025,123
Wed Feb 26 12:12:07 2025,125
Wed Feb 26 12:13:06 2025,126
Wed Feb 26 12:14:07 2025,123
Wed Feb 26 12:15:09 2025,125
Wed Feb 26 12:16:07 2025,126
Wed Feb 26 12:17:07 2025,126
Wed Feb 26 12:18:07 2025,126
Wed Feb 26 12:19:07 2025,126
Wed Feb 26 12:20:07 2025,127
Wed Feb 26 12:21:07 2025,126
Wed Feb 26 12:22:09 2025,123
Wed Feb 26 12:23:07 2025,125
Wed Feb 26 12:24:07 2025,124
Wed Feb 26 12:25:07 2025,124
Wed Feb 26 12:26:07 2025,123
Wed Feb 26 12:27:07 2025,126
Wed Feb 26 12:28:07 2025,124
Wed Feb 26 12:29:07 2025,127
Wed Feb 26 12:30:07 2025,127
Wed Feb 26 12:31:07 2025,126
Wed Feb 26 12:32:07 2025,129
Wed Feb 26 12:33:07 2025,134
Wed Feb 26 12:34:07 2025,137
Wed Feb 26 12:35:07 2025,135
Wed Feb 26 12:36:07 2025,136
Wed Feb 26 12:37:07 2025,137
Wed Feb 26 12:38:07 2025,140
Wed Feb 26 12:39:07 2025,140
Wed Feb 26 12:40:07 2025,141
Wed Feb 26 12:41:07 2025,140
Wed Feb 26 12:42:07 2025,138
Wed Feb 26 12:43:07 2025,139
Wed Feb 26 12:44:07 2025,138
Wed Feb 26 12:45:07 2025,138
Wed Feb 26 12:46:07 2025,139
Wed Feb 26 12:47:06 2025,142
Wed Feb 26 12:48:07 2025,139
Wed Feb 26 12:49:08 2025,139
Wed Feb 26 12:50:09 2025,140
Wed Feb 26 12:51:08 2025,140
Wed Feb 26 12:52:07 2025,140
Wed Feb 26 12:53:07 2025,140
Wed Feb 26 12:54:07 2025,143
Wed Feb 26 12:55:07 2025,143
Wed Feb 26 12:56:07 2025,143
Wed Feb 26 12:57:07 2025,143
Wed Feb 26 12:58:07 2025,144
Wed Feb 26 14:05:00 2025,107
Wed Feb 26 14:06:08 2025,107
Wed Feb 26 14:07:06 2025,107
Wed Feb 26 14:08:07 2025,110
Wed Feb 26 14:09:06 2025,112
Wed Feb 26 14:10:07 2025,111
Wed Feb 26 14:11:06 2025,111
Wed Feb 26 14:12:07 2025,109
Wed Feb 26 14:13:06 2025,109
Wed Feb 26 14:14:06 2025,112
Wed Feb 26 14:15:07 2025,111
Wed Feb 26 14:16:06 2025,114
Wed Feb 26 14:17:07 2025,115
Wed Feb 26 14:18:07 2025,114
Wed Feb 26 14:19:06 2025,114
Wed Feb 26 14:20:07 2025,123
Wed Feb 26 14:21:06 2025,125
Wed Feb 26 14:22:07 2025,126
Wed Feb 26 14:23:07 2025,121
Wed Feb 26 14:24:07 2025,121
Wed Feb 26 14:25:07 2025,120
Wed Feb 26 14:26:07 2025,125
Wed Feb 26 14:27:07 2025,132
Wed Feb 26 14:28:07 2025,130
Wed Feb 26 14:29:07 2025,132
Wed Feb 26 14:30:09 2025,131
Wed Feb 26 14:31:07 2025,132
Wed Feb 26 14:32:06 2025,135
Wed Feb 26 14:33:06 2025,133
Wed Feb 26 14:34:06 2025,135
Wed Feb 26 14:35:07 2025,134
Wed Feb 26 14:36:07 2025,-
Wed Feb 26 14:37:07 2025,135
Wed Feb 26 14:38:07 2025,137
Wed Feb 26 14:39:06 2025,141
Wed Feb 26 14:40:08 2025,142
Wed Feb 26 14:41:06 2025,141
Wed Feb 26 14:42:06 2025,143
Wed Feb 26 14:43:07 2025,144
Wed Feb 26 14:44:06 2025,146
Wed Feb 26 14:45:07 2025,152
Wed Feb 26 14:46:06 2025,151
Wed Feb 26 14:47:06 2025,-
Wed Feb 26 14:48:07 2025,156
Wed Feb 26 14:49:07 2025,153
Wed Feb 26 14:50:07 2025,150
Wed Feb 26 14:52:07 2025,152
Wed Feb 26 14:53:07 2025,153
Wed Feb 26 14:54:07 2025,-
Wed Feb 26 14:55:07 2025,154
Wed Feb 26 14:56:06 2025,149
Wed Feb 26 14:57:07 2025,148
Wed Feb 26 14:58:06 2025,147
Wed Feb 26 14:59:07 2025,149
Wed Feb 26 15:00:06 2025,-
Wed Feb 26 15:01:06 2025,146
Wed Feb 26 15:02:07 2025,147
Wed Feb 26 15:03:07 2025,150
Wed Feb 26 15:04:07 2025,152
Wed Feb 26 15:05:07 2025,151
Wed Feb 26 15:06:07 2025,152
Wed Feb 26 15:17:41 2025,164
Wed Feb 26 15:18:06 2025,165
Wed Feb 26 15:19:06 2025,167
Wed Feb 26 15:20:07 2025,166
Wed Feb 26 15:21:06 2025,167
Wed Feb 26 15:22:07 2025,167
Wed Feb 26 15:23:07 2025,167
Wed Feb 26 15:24:06 2025,166
Wed Feb 26 15:25:07 2025,165
Wed Feb 26 15:26:06 2025,165
Wed Feb 26 15:27:07 2025,170
Wed Feb 26 15:28:07 2025,172
Wed Feb 26 15:29:06 2025,173
Wed Feb 26 15:30:07 2025,169
Wed Feb 26 15:31:06 2025,171
Wed Feb 26 15:32:07 2025,170
Wed Feb 26 15:33:06 2025,168
Wed Feb 26 15:34:06 2025,170
Wed Feb 26 15:35:07 2025,172
Wed Feb 26 15:36:07 2025,173
Wed Feb 26 15:37:07 2025,174
Wed Feb 26 15:38:07 2025,170
Wed Feb 26 15:39:07 2025,171
Wed Feb 26 15:40:11 2025,174
Wed Feb 26 15:41:06 2025,179
Wed Feb 26 15:42:07 2025,180
Wed Feb 26 15:43:07 2025,181
Wed Feb 26 15:44:07 2025,180
Wed Feb 26 15:45:08 2025,181
Wed Feb 26 15:46:07 2025,182
Wed Feb 26 15:47:06 2025,181
Wed Feb 26 15:48:06 2025,180
Wed Feb 26 15:49:06 2025,180
Wed Feb 26 15:50:07 2025,180
Wed Feb 26 15:51:06 2025,177
Wed Feb 26 15:52:07 2025,177
Wed Feb 26 15:53:06 2025,179
Wed Feb 26 15:54:07 2025,181
Wed Feb 26 15:55:06 2025,178
Wed Feb 26 15:56:06 2025,179
Wed Feb 26 15:57:07 2025,178
Wed Feb 26 15:58:07 2025,183
Thu Feb 27 09:28:14 2025,126
Thu Feb 27 09:29:07 2025,128
Thu Feb 27 09:30:07 2025,108
Thu Feb 27 09:31:07 2025,106
Thu Feb 27 09:32:07 2025,105
Thu Feb 27 09:33:06 2025,106
Thu Feb 27 09:34:07 2025,105
Thu Feb 27 09:35:07 2025,105
Thu Feb 27 09:36:07 2025,107
Thu Feb 27 09:37:07 2025,108
Thu Feb 27 09:38:07 2025,109
Thu Feb 27 09:39:07 2025,110
Thu Feb 27 09:40:07 2025,111
Thu Feb 27 09:41:08 2025,111
Thu Feb 27 09:42:07 2025,110
Thu Feb 27 09:43:07 2025,109
Thu Feb 27 09:44:07 2025,110
Thu Feb 27 09:45:14 2025,110
Thu Feb 27 09:46:07 2025,107
Thu Feb 27 09:47:07 2025,107
Thu Feb 27 09:48:07 2025,113
Thu Feb 27 09:49:07 2025,125
Thu Feb 27 09:50:07 2025,124
Thu Feb 27 09:51:07 2025,125
Thu Feb 27 09:52:07 2025,124
Thu Feb 27 09:53:07 2025,125
Thu Feb 27 09:54:07 2025,128
Thu Feb 27 09:55:07 2025,127
Thu Feb 27 09:56:07 2025,128
Thu Feb 27 09:57:07 2025,129
Thu Feb 27 09:58:07 2025,130
Thu Feb 27 09:59:07 2025,129
Thu Feb 27 10:00:07 2025,-
Thu Feb 27 10:01:08 2025,-
Thu Feb 27 10:02:07 2025,124
Thu Feb 27 10:03:07 2025,125
Thu Feb 27 10:04:07 2025,125
Thu Feb 27 10:05:07 2025,124
Thu Feb 27 10:06:07 2025,124
Thu Feb 27 10:07:07 2025,123
Thu Feb 27 10:08:07 2025,122
Thu Feb 27 10:09:08 2025,119
Thu Feb 27 10:10:07 2025,118
Thu Feb 27 10:11:07 2025,118
Thu Feb 27 10:12:35 2025,118
Thu Feb 27 10:13:07 2025,117
Thu Feb 27 10:14:07 2025,119
Thu Feb 27 10:15:07 2025,119
Thu Feb 27 10:16:07 2025,118
Thu Feb 27 10:17:06 2025,117
Thu Feb 27 10:18:07 2025,115
Thu Feb 27 10:19:07 2025,115
Thu Feb 27 10:20:07 2025,114
Thu Feb 27 10:21:07 2025,112
Thu Feb 27 10:22:07 2025,110
Thu Feb 27 10:23:07 2025,112
Thu Feb 27 10:24:07 2025,110
Thu Feb 27 10:25:07 2025,110
Thu Feb 27 10:26:07 2025,97
Thu Feb 27 10:27:07 2025,102
Thu Feb 27 10:28:07 2025,103
Thu Feb 27 10:29:07 2025,103
Thu Feb 27 10:30:08 2025,113
Thu Feb 27 10:31:07 2025,111
Thu Feb 27 10:32:07 2025,111
Thu Feb 27 10:33:07 2025,114
Thu Feb 27 10:34:07 2025,115
Thu Feb 27 10:35:07 2025,115
Thu Feb 27 10:36:07 2025,113
Thu Feb 27 10:37:07 2025,120
Thu Feb 27 10:38:07 2025,119
Thu Feb 27 10:39:07 2025,121
Thu Feb 27 10:40:07 2025,120
Thu Feb 27 10:41:07 2025,120
Thu Feb 27 10:42:07 2025,119
Thu Feb 27 10:43:07 2025,116
Thu Feb 27 10:44:13 2025,114
Thu Feb 27 10:45:07 2025,112
Thu Feb 27 10:46:07 2025,111
Thu Feb 27 10:47:07 2025,110
Thu Feb 27 10:48:07 2025,108
Thu Feb 27 10:49:07 2025,110
Thu Feb 27 10:50:07 2025,111
Thu Feb 27 10:51:07 2025,110
Thu Feb 27 10:52:07 2025,110
Thu Feb 27 10:53:07 2025,111
Thu Feb 27 10:54:07 2025,110
Thu Feb 27 10:55:07 2025,110
Thu Feb 27 10:56:11 2025,110
Thu Feb 27 10:57:11 2025,107
Thu Feb 27 10:58:07 2025,107
Thu Feb 27 10:59:07 2025,107
Thu Feb 27 11:00:07 2025,-
Thu Feb 27 11:01:07 2025,109
Thu Feb 27 11:02:07 2025,112
Thu Feb 27 11:03:07 2025,112
Thu Feb 27 11:04:07 2025,111
Thu Feb 27 11:05:07 2025,111
Thu Feb 27 11:06:07 2025,112
Thu Feb 27 11:07:07 2025,113
Thu Feb 27 11:08:07 2025,113
Thu Feb 27 11:09:07 2025,113
Thu Feb 27 11:10:07 2025,114
Thu Feb 27 11:11:06 2025,111
Thu Feb 27 11:12:07 2025,112
Thu Feb 27 11:13:07 2025,112
Thu Feb 27 11:14:07 2025,112
Thu Feb 27 11:15:07 2025,110
Thu Feb 27 11:16:07 2025,107
Thu Feb 27 11:17:07 2025,107
Thu Feb 27 11:18:07 2025,107
Thu Feb 27 11:19:07 2025,107
Thu Feb 27 11:20:07 2025,106
Thu Feb 27 11:21:07 2025,103
Thu Feb 27 11:22:07 2025,102
Thu Feb 27 11:23:07 2025,105
Thu Feb 27 11:24:06 2025,90
Thu Feb 27 11:25:07 2025,90
Thu Feb 27 11:26:07 2025,91
Thu Feb 27 11:27:07 2025,93
Thu Feb 27 11:28:07 2025,91
Thu Feb 27 11:29:07 2025,83
Thu Feb 27 11:30:07 2025,83
Thu Feb 27 11:31:07 2025,83
Thu Feb 27 11:32:09 2025,83
Thu Feb 27 11:33:08 2025,83
Thu Feb 27 11:34:07 2025,81
Thu Feb 27 11:35:07 2025,81
Thu Feb 27 11:36:12 2025,80
Thu Feb 27 11:37:06 2025,78
Thu Feb 27 11:38:07 2025,79
Thu Feb 27 11:39:07 2025,83
Thu Feb 27 11:40:07 2025,86
Thu Feb 27 11:41:07 2025,88
Thu Feb 27 11:42:07 2025,88
Thu Feb 27 11:43:07 2025,88
Thu Feb 27 11:44:07 2025,87
Thu Feb 27 11:45:07 2025,91
Thu Feb 27 11:46:07 2025,93
Thu Feb 27 11:47:07 2025,96
Thu Feb 27 11:48:07 2025,97
Thu Feb 27 11:49:07 2025,98
Thu Feb 27 11:50:07 2025,102
Thu Feb 27 11:51:07 2025,104
Thu Feb 27 11:52:07 2025,106
Thu Feb 27 11:53:07 2025,103
Thu Feb 27 11:54:07 2025,102
Thu Feb 27 11:55:07 2025,104
Thu Feb 27 11:56:07 2025,105
Thu Feb 27 11:57:07 2025,107
Thu Feb 27 11:58:07 2025,108
Thu Feb 27 11:59:07 2025,108
Thu Feb 27 12:00:07 2025,-
Thu Feb 27 12:01:07 2025,113
Thu Feb 27 12:02:07 2025,108
Thu Feb 27 12:03:07 2025,109
Thu Feb 27 12:04:07 2025,110
Thu Feb 27 12:05:07 2025,110
Thu Feb 27 12:06:07 2025,109
Thu Feb 27 12:09:10 2025,105
Thu Feb 27 12:14:20 2025,114
Thu Feb 27 12:19:19 2025,122
Thu Feb 27 12:20:07 2025,121
Thu Feb 27 12:21:07 2025,124
Thu Feb 27 12:24:24 2025,127
Thu Feb 27 12:29:20 2025,132
Thu Feb 27 12:30:06 2025,131
Thu Feb 27 12:34:04 2025,132
Thu Feb 27 12:35:07 2025,133
Thu Feb 27 12:36:07 2025,134
Thu Feb 27 12:37:07 2025,132
Thu Feb 27 12:38:06 2025,131
Thu Feb 27 12:55:04 2025,124
Thu Feb 27 12:56:07 2025,122
Thu Feb 27 12:57:07 2025,122
Thu Feb 27 12:58:07 2025,121
Thu Feb 27 12:59:07 2025,119
Thu Feb 27 13:03:10 2025,116
Thu Feb 27 13:04:07 2025,117
Thu Feb 27 13:05:07 2025,116
Thu Feb 27 13:06:07 2025,114
Thu Feb 27 13:07:07 2025,114
Thu Feb 27 13:08:07 2025,109
Thu Feb 27 13:09:07 2025,108
Thu Feb 27 13:10:07 2025,108
Thu Feb 27 13:11:07 2025,106
Thu Feb 27 13:12:06 2025,105
Thu Feb 27 13:13:06 2025,104
Thu Feb 27 13:14:07 2025,103
Thu Feb 27 13:15:06 2025,104
Thu Feb 27 13:16:06 2025,102
Thu Feb 27 13:17:07 2025,101
Thu Feb 27 13:18:07 2025,102
Thu Feb 27 13:19:07 2025,100
Thu Feb 27 13:20:06 2025,106
Thu Feb 27 13:21:10 2025,108
Thu Feb 27 13:22:06 2025,107
Thu Feb 27 13:23:07 2025,106
Thu Feb 27 13:41:22 2025,94
Thu Feb 27 13:42:07 2025,93
Thu Feb 27 13:43:07 2025,91
Thu Feb 27 13:44:07 2025,91
Thu Feb 27 13:45:07 2025,94
Thu Feb 27 13:46:07 2025,94
Thu Feb 27 13:47:07 2025,92
Thu Feb 27 13:48:06 2025,95
Thu Feb 27 13:49:07 2025,92
Thu Feb 27 13:50:07 2025,93
Thu Feb 27 13:51:07 2025,87
Thu Feb 27 13:52:07 2025,86
Thu Feb 27 14:02:06 2025,95
Thu Feb 27 14:03:07 2025,92
Thu Feb 27 14:04:07 2025,92
Thu Feb 27 14:05:07 2025,92
Thu Feb 27 14:06:07 2025,94
Thu Feb 27 14:07:06 2025,90
Thu Feb 27 14:08:07 2025,92
Thu Feb 27 14:09:07 2025,91
Thu Feb 27 14:10:07 2025,100
Thu Feb 27 14:11:07 2025,98
Thu Feb 27 14:12:07 2025,94
Thu Feb 27 14:13:06 2025,94
Thu Feb 27 14:14:07 2025,95
Thu Feb 27 14:15:07 2025,94
Thu Feb 27 14:16:06 2025,94
Thu Feb 27 14:17:07 2025,95
Thu Feb 27 14:18:07 2025,98
Thu Feb 27 14:19:07 2025,98
Thu Feb 27 14:20:07 2025,97
Thu Feb 27 14:21:07 2025,95
Thu Feb 27 14:22:07 2025,98
Thu Feb 27 14:23:07 2025,99
Thu Feb 27 14:24:07 2025,101
Thu Feb 27 14:25:07 2025,102
Thu Feb 27 14:26:07 2025,104
Thu Feb 27 14:27:07 2025,106
Thu Feb 27 14:28:07 2025,107
Thu Feb 27 14:29:07 2025,108
Thu Feb 27 14:30:07 2025,110
Thu Feb 27 14:31:07 2025,114
Thu Feb 27 14:32:06 2025,114
Thu Feb 27 14:33:07 2025,114
Thu Feb 27 14:34:07 2025,110
Thu Feb 27 14:35:07 2025,107
Thu Feb 27 14:36:06 2025,108
Thu Feb 27 14:37:07 2025,110
Thu Feb 27 14:38:07 2025,108
Thu Feb 27 14:39:07 2025,107
Thu Feb 27 14:40:07 2025,105
Thu Feb 27 14:41:06 2025,105
Thu Feb 27 14:42:07 2025,106
Thu Feb 27 14:43:07 2025,107
Thu Feb 27 14:44:07 2025,107
Thu Feb 27 14:45:07 2025,107
Thu Feb 27 14:46:07 2025,107
Thu Feb 27 14:47:07 2025,109
Thu Feb 27 14:48:07 2025,-
Thu Feb 27 14:49:07 2025,108
Thu Feb 27 14:50:07 2025,108
Thu Feb 27 14:51:07 2025,118
Thu Feb 27 14:52:07 2025,118
Thu Feb 27 14:53:06 2025,117
Thu Feb 27 14:54:07 2025,115
Thu Feb 27 14:55:07 2025,113
Thu Feb 27 14:56:07 2025,114
Thu Feb 27 14:57:06 2025,116
Thu Feb 27 14:58:07 2025,114
Thu Feb 27 14:59:07 2025,112
Thu Feb 27 15:00:07 2025,-
Thu Feb 27 15:07:49 2025,92
Thu Feb 27 15:08:06 2025,92
Thu Feb 27 15:09:07 2025,91
Thu Feb 27 15:10:07 2025,91
Thu Feb 27 15:11:07 2025,92
Thu Feb 27 15:12:06 2025,93
Thu Feb 27 15:13:07 2025,96
Thu Feb 27 15:14:07 2025,98
Thu Feb 27 15:15:07 2025,98
Thu Feb 27 15:16:07 2025,99
Thu Feb 27 15:17:07 2025,99
Thu Feb 27 15:18:07 2025,102
Thu Feb 27 15:19:07 2025,102
Thu Feb 27 15:20:07 2025,103
Thu Feb 27 15:21:06 2025,102
Thu Feb 27 15:22:07 2025,107
Thu Feb 27 15:23:07 2025,110
Thu Feb 27 15:24:07 2025,108
Thu Feb 27 15:25:07 2025,101
Thu Feb 27 15:26:07 2025,100
Thu Feb 27 15:27:07 2025,101
Thu Feb 27 15:28:06 2025,105
Thu Feb 27 15:29:07 2025,106
Thu Feb 27 15:30:07 2025,106
Thu Feb 27 15:31:07 2025,106
Thu Feb 27 15:32:07 2025,109
Thu Feb 27 15:33:07 2025,106
Thu Feb 27 15:34:07 2025,105
Thu Feb 27 15:35:07 2025,106
Thu Feb 27 15:36:07 2025,106
Thu Feb 27 15:37:07 2025,107
Thu Feb 27 15:38:07 2025,107
Thu Feb 27 15:39:07 2025,108
Thu Feb 27 15:40:07 2025,108
Thu Feb 27 15:41:07 2025,112
Thu Feb 27 15:42:07 2025,110
Thu Feb 27 15:43:07 2025,111
Thu Feb 27 15:44:07 2025,109
Thu Feb 27 15:45:07 2025,106
Thu Feb 27 15:46:07 2025,103
Thu Feb 27 15:47:07 2025,104
Thu Feb 27 15:48:07 2025,106
Thu Feb 27 15:49:07 2025,107
Thu Feb 27 15:50:07 2025,107
Thu Feb 27 15:51:07 2025,106
Thu Feb 27 15:52:07 2025,108
Thu Feb 27 15:53:07 2025,111
Thu Feb 27 15:54:07 2025,114
Thu Feb 27 15:55:07 2025,113
Thu Feb 27 15:56:07 2025,116
Thu Feb 27 15:57:07 2025,116
Thu Feb 27 15:58:07 2025,116
Thu Feb 27 15:59:07 2025,118
Thu Feb 27 16:00:07 2025,-
Thu Feb 27 16:01:07 2025,123
Thu Feb 27 16:02:06 2025,128
Thu Feb 27 16:09:07 2025,136
Thu Feb 27 16:10:07 2025,136
Thu Feb 27 16:11:07 2025,135
Thu Feb 27 16:12:07 2025,136
Thu Feb 27 16:13:07 2025,135
Thu Feb 27 16:14:06 2025,130
Thu Feb 27 16:15:07 2025,125
Thu Feb 27 16:16:07 2025,125
Thu Feb 27 16:17:07 2025,128
Thu Feb 27 16:18:07 2025,131
Thu Feb 27 16:19:07 2025,134
Thu Feb 27 16:20:07 2025,135
Thu Feb 27 16:21:07 2025,135
Thu Feb 27 16:22:07 2025,137
Thu Feb 27 16:23:07 2025,140
Thu Feb 27 16:24:07 2025,140
Thu Feb 27 16:25:07 2025,139
Thu Feb 27 16:26:07 2025,141
Thu Feb 27 16:27:07 2025,144
Thu Feb 27 16:28:07 2025,145
Thu Feb 27 16:29:07 2025,142
Thu Feb 27 16:30:07 2025,141
Thu Feb 27 16:31:07 2025,142
Thu Feb 27 16:32:07 2025,142
Thu Feb 27 16:33:07 2025,142
Thu Feb 27 16:34:07 2025,141
Thu Feb 27 16:35:07 2025,143
Thu Feb 27 16:36:07 2025,142
Thu Feb 27 16:37:07 2025,140
Thu Feb 27 16:38:07 2025,138
Thu Feb 27 16:39:07 2025,139
Thu Feb 27 16:40:07 2025,144
Thu Feb 27 16:41:07 2025,143
Thu Feb 27 16:42:07 2025,140
Thu Feb 27 16:43:07 2025,142
Thu Feb 27 16:44:07 2025,142
Thu Feb 27 17:02:26 2025,145
Thu Feb 27 17:03:07 2025,148
Thu Feb 27 17:04:07 2025,154
Thu Feb 27 17:05:07 2025,151
Thu Feb 27 17:06:07 2025,147
Thu Feb 27 17:07:07 2025,149
Thu Feb 27 17:08:07 2025,148
Thu Feb 27 17:09:07 2025,149
Thu Feb 27 17:10:07 2025,151
Thu Feb 27 17:11:07 2025,146
Thu Feb 27 17:12:07 2025,142
Thu Feb 27 17:13:07 2025,140
Thu Feb 27 17:14:07 2025,144
Thu Feb 27 17:15:06 2025,144
Thu Feb 27 17:16:07 2025,148
Thu Feb 27 17:17:07 2025,144
Thu Feb 27 17:18:07 2025,150
Thu Feb 27 17:19:07 2025,150
Thu Feb 27 17:36:59 2025,157
Thu Feb 27 17:44:19 2025,156
Thu Feb 27 17:45:07 2025,159
Thu Feb 27 17:46:08 2025,159
Thu Feb 27 17:47:07 2025,159
Thu Feb 27 17:48:07 2025,160
Thu Feb 27 17:49:06 2025,159
Thu Feb 27 17:52:58 2025,158
Fri Feb 28 09:00:22 2025,130
Fri Feb 28 09:01:07 2025,149
Fri Feb 28 09:02:07 2025,149
Fri Feb 28 09:03:07 2025,146
Fri Feb 28 09:04:07 2025,147
Fri Feb 28 09:05:08 2025,157
Fri Feb 28 09:06:07 2025,162
Fri Feb 28 09:07:07 2025,166
Fri Feb 28 09:08:07 2025,167
Fri Feb 28 09:09:12 2025,167
Fri Feb 28 09:10:07 2025,165
Fri Feb 28 09:11:07 2025,163
Fri Feb 28 09:12:07 2025,161
Fri Feb 28 09:13:07 2025,162
Fri Feb 28 09:14:07 2025,161
Fri Feb 28 09:15:07 2025,160
Fri Feb 28 09:16:07 2025,161
Fri Feb 28 09:17:07 2025,158
Fri Feb 28 09:18:07 2025,161
Fri Feb 28 09:19:06 2025,158
Fri Feb 28 09:20:07 2025,157
Fri Feb 28 09:21:06 2025,151
Fri Feb 28 09:22:07 2025,152
Fri Feb 28 09:23:07 2025,144
Fri Feb 28 09:24:06 2025,-
Fri Feb 28 09:25:07 2025,142
Fri Feb 28 09:26:07 2025,144
Fri Feb 28 09:27:07 2025,145
Fri Feb 28 09:28:07 2025,145
Fri Feb 28 09:29:07 2025,148
Fri Feb 28 09:30:08 2025,150
Fri Feb 28 09:31:07 2025,128
Fri Feb 28 09:32:07 2025,129
Fri Feb 28 09:33:07 2025,124
Fri Feb 28 09:34:07 2025,125
Fri Feb 28 09:35:07 2025,127
Fri Feb 28 09:36:07 2025,128
Fri Feb 28 09:37:07 2025,131
Fri Feb 28 09:38:07 2025,133
Fri Feb 28 09:39:07 2025,132
Fri Feb 28 09:40:07 2025,134
Fri Feb 28 09:41:07 2025,133
Fri Feb 28 09:42:07 2025,132
Fri Feb 28 09:43:13 2025,134
Fri Feb 28 09:44:07 2025,138
Fri Feb 28 09:45:07 2025,139
Fri Feb 28 09:46:06 2025,141
Fri Feb 28 09:47:07 2025,144
Fri Feb 28 09:48:07 2025,141
Fri Feb 28 09:49:07 2025,141
Fri Feb 28 09:50:07 2025,137
Fri Feb 28 09:51:07 2025,134
Fri Feb 28 09:52:07 2025,135
Fri Feb 28 09:53:07 2025,136
Fri Feb 28 09:54:07 2025,136
Fri Feb 28 09:55:07 2025,140
Fri Feb 28 09:56:08 2025,141
Fri Feb 28 09:57:07 2025,137
Fri Feb 28 09:58:06 2025,140
Fri Feb 28 09:59:07 2025,141
Fri Feb 28 10:00:07 2025,-
Fri Feb 28 10:01:07 2025,143
Fri Feb 28 10:02:07 2025,151
Fri Feb 28 10:03:07 2025,-
Fri Feb 28 10:04:07 2025,163
Fri Feb 28 10:05:07 2025,164
Fri Feb 28 10:06:07 2025,166
Fri Feb 28 10:07:07 2025,166
Fri Feb 28 10:08:07 2025,181
Fri Feb 28 10:09:07 2025,189
Fri Feb 28 10:10:07 2025,189
Fri Feb 28 10:11:07 2025,189
Fri Feb 28 10:12:07 2025,190
Fri Feb 28 10:13:07 2025,188
Fri Feb 28 10:14:07 2025,186
Fri Feb 28 10:15:07 2025,185
Fri Feb 28 10:16:07 2025,185
Fri Feb 28 10:17:07 2025,189
Fri Feb 28 10:18:07 2025,-
Fri Feb 28 10:19:07 2025,183
Fri Feb 28 10:20:07 2025,182
Fri Feb 28 10:21:07 2025,175
Fri Feb 28 10:22:07 2025,171
Fri Feb 28 10:23:07 2025,167
Fri Feb 28 10:24:07 2025,162
Fri Feb 28 10:25:07 2025,163
Fri Feb 28 10:26:07 2025,162
Fri Feb 28 10:27:07 2025,161
Fri Feb 28 10:28:07 2025,161
Fri Feb 28 10:29:07 2025,161
Fri Feb 28 10:30:10 2025,159
Fri Feb 28 10:31:07 2025,155
Fri Feb 28 10:32:07 2025,157
Fri Feb 28 10:33:07 2025,157
Fri Feb 28 10:34:07 2025,156
Fri Feb 28 10:35:07 2025,157
Fri Feb 28 10:36:07 2025,155
Fri Feb 28 10:37:07 2025,154
Fri Feb 28 10:38:07 2025,151
Fri Feb 28 10:39:07 2025,147
Fri Feb 28 10:40:07 2025,147
Fri Feb 28 10:41:07 2025,147
Fri Feb 28 10:42:07 2025,149
Fri Feb 28 10:43:07 2025,149
Fri Feb 28 10:44:07 2025,148
Fri Feb 28 10:45:07 2025,148
Fri Feb 28 10:46:07 2025,147
Fri Feb 28 10:47:07 2025,147
Fri Feb 28 10:48:07 2025,155
Fri Feb 28 10:49:07 2025,156
Fri Feb 28 10:50:07 2025,155
Fri Feb 28 10:51:07 2025,154
Fri Feb 28 10:52:07 2025,157
Fri Feb 28 10:53:07 2025,156
Fri Feb 28 10:54:07 2025,158
Fri Feb 28 10:55:07 2025,180
Fri Feb 28 10:56:07 2025,183
Fri Feb 28 10:57:07 2025,182
Fri Feb 28 10:58:07 2025,180
Fri Feb 28 10:59:07 2025,181
Fri Feb 28 11:00:08 2025,-
Fri Feb 28 11:01:07 2025,181
Fri Feb 28 11:02:07 2025,182
Fri Feb 28 11:03:07 2025,179
Fri Feb 28 11:04:07 2025,182
Fri Feb 28 11:05:07 2025,183
Fri Feb 28 11:06:07 2025,185
Fri Feb 28 11:07:06 2025,183
Fri Feb 28 11:08:07 2025,181
Fri Feb 28 11:09:07 2025,184
Fri Feb 28 11:10:07 2025,187
Fri Feb 28 11:11:07 2025,193
Fri Feb 28 11:12:07 2025,202
Fri Feb 28 11:13:07 2025,201
Fri Feb 28 11:14:07 2025,202
Fri Feb 28 11:15:07 2025,199
Fri Feb 28 11:16:07 2025,197
Fri Feb 28 11:17:07 2025,181
Fri Feb 28 11:18:07 2025,180
Fri Feb 28 11:19:07 2025,182
Fri Feb 28 11:20:07 2025,182
Fri Feb 28 11:21:07 2025,160
Fri Feb 28 11:22:08 2025,161
Fri Feb 28 11:23:07 2025,161
Fri Feb 28 11:24:07 2025,157
Fri Feb 28 11:25:07 2025,157
Fri Feb 28 11:26:07 2025,158
Fri Feb 28 11:27:07 2025,156
Fri Feb 28 11:28:07 2025,155
Fri Feb 28 11:29:06 2025,154
Fri Feb 28 11:30:08 2025,157
Fri Feb 28 11:31:07 2025,156
Fri Feb 28 11:32:07 2025,155
Fri Feb 28 11:33:07 2025,155
Fri Feb 28 11:34:07 2025,154
Fri Feb 28 11:35:07 2025,155
Fri Feb 28 11:36:07 2025,153
Fri Feb 28 11:37:07 2025,152
Fri Feb 28 11:38:07 2025,154
Fri Feb 28 11:39:07 2025,155
Fri Feb 28 11:40:07 2025,157
Fri Feb 28 11:41:07 2025,157
Fri Feb 28 11:42:07 2025,158
Fri Feb 28 11:43:07 2025,157
Fri Feb 28 11:44:07 2025,158
Fri Feb 28 11:45:07 2025,165
Fri Feb 28 11:46:07 2025,164
Fri Feb 28 11:47:07 2025,165
Fri Feb 28 11:48:07 2025,164
Fri Feb 28 11:49:07 2025,164
Fri Feb 28 11:50:07 2025,164
Fri Feb 28 11:51:07 2025,164
Fri Feb 28 11:52:07 2025,165
Fri Feb 28 11:53:07 2025,165
Fri Feb 28 11:54:06 2025,168
Fri Feb 28 11:55:07 2025,168
Fri Feb 28 11:56:07 2025,167
Fri Feb 28 11:57:07 2025,166
Fri Feb 28 11:58:07 2025,168
Fri Feb 28 11:59:06 2025,167
Fri Feb 28 12:00:07 2025,-
Fri Feb 28 12:01:08 2025,156
Fri Feb 28 12:02:07 2025,157
Fri Feb 28 12:03:07 2025,156
Fri Feb 28 12:04:07 2025,159
Fri Feb 28 12:05:07 2025,154
Fri Feb 28 12:06:07 2025,152
Fri Feb 28 12:07:07 2025,156
Fri Feb 28 12:08:07 2025,147
Fri Feb 28 12:09:07 2025,146
Fri Feb 28 12:10:07 2025,146
Fri Feb 28 12:11:06 2025,148
Fri Feb 28 12:12:07 2025,150
Fri Feb 28 12:13:07 2025,149
Fri Feb 28 12:14:07 2025,149
Fri Feb 28 12:15:07 2025,153
Fri Feb 28 12:16:07 2025,155
Fri Feb 28 12:32:30 2025,153
Fri Feb 28 12:48:22 2025,148
Fri Feb 28 12:49:07 2025,145
Fri Feb 28 12:52:03 2025,149
Fri Feb 28 12:53:07 2025,150
Fri Feb 28 12:54:07 2025,150
Fri Feb 28 12:55:07 2025,150
Fri Feb 28 12:56:07 2025,148
Fri Feb 28 12:57:07 2025,147
Fri Feb 28 12:58:06 2025,146
Fri Feb 28 12:59:07 2025,143
Fri Feb 28 13:00:07 2025,-
Fri Feb 28 13:01:07 2025,137
Fri Feb 28 13:02:07 2025,137
Fri Feb 28 13:03:07 2025,135
Fri Feb 28 13:04:07 2025,134
Fri Feb 28 13:05:06 2025,134
Fri Feb 28 13:06:07 2025,130
Fri Feb 28 13:07:07 2025,125
Fri Feb 28 13:08:07 2025,126
Fri Feb 28 13:09:07 2025,130
Fri Feb 28 13:10:07 2025,129
Fri Feb 28 13:11:06 2025,131
Fri Feb 28 13:12:07 2025,129
Fri Feb 28 13:13:07 2025,128
Fri Feb 28 13:14:07 2025,126
Fri Feb 28 13:15:07 2025,127
Fri Feb 28 13:16:07 2025,128
Fri Feb 28 13:17:07 2025,129
Fri Feb 28 13:18:07 2025,127
Fri Feb 28 13:19:07 2025,125
Fri Feb 28 13:20:07 2025,122
Fri Feb 28 13:21:07 2025,124
Fri Feb 28 13:22:07 2025,124
Fri Feb 28 13:23:07 2025,121
Fri Feb 28 13:24:07 2025,121
Fri Feb 28 13:25:07 2025,121
Fri Feb 28 13:26:07 2025,120
Fri Feb 28 13:27:07 2025,119
Fri Feb 28 13:28:07 2025,120
Fri Feb 28 13:29:07 2025,124
Fri Feb 28 13:33:36 2025,141
Fri Feb 28 13:34:07 2025,142
Fri Feb 28 13:35:07 2025,143
Fri Feb 28 13:36:07 2025,141
Fri Feb 28 13:37:07 2025,142
Fri Feb 28 13:38:07 2025,154
Fri Feb 28 13:39:07 2025,158
Fri Feb 28 13:40:07 2025,156
Fri Feb 28 13:41:07 2025,154
Fri Feb 28 13:42:06 2025,151
Fri Feb 28 13:43:07 2025,150
Fri Feb 28 13:44:07 2025,151
Fri Feb 28 13:45:08 2025,150
Fri Feb 28 13:46:07 2025,148
Fri Feb 28 13:47:08 2025,147
Fri Feb 28 13:48:08 2025,149
Fri Feb 28 13:49:08 2025,152
Fri Feb 28 13:50:07 2025,148
Fri Feb 28 13:51:07 2025,149
Fri Feb 28 13:52:07 2025,149
Fri Feb 28 13:53:07 2025,150
Fri Feb 28 13:54:07 2025,148
Fri Feb 28 13:55:07 2025,147
Fri Feb 28 13:56:07 2025,149
Fri Feb 28 13:57:07 2025,148
Fri Feb 28 13:58:07 2025,148
Fri Feb 28 13:59:07 2025,146
Fri Feb 28 14:00:07 2025,-
Fri Feb 28 14:01:07 2025,147
Fri Feb 28 14:02:07 2025,147
Fri Feb 28 14:03:07 2025,145
Fri Feb 28 14:04:07 2025,145
Fri Feb 28 14:05:07 2025,144
Fri Feb 28 14:06:07 2025,144
Fri Feb 28 14:07:07 2025,148
Fri Feb 28 14:08:07 2025,147
Fri Feb 28 14:09:07 2025,147
Fri Feb 28 14:10:07 2025,147
Fri Feb 28 14:11:07 2025,146
Fri Feb 28 14:12:07 2025,150
Fri Feb 28 14:13:06 2025,149
Fri Feb 28 14:14:07 2025,151
Fri Feb 28 14:15:07 2025,151
Fri Feb 28 14:16:07 2025,152
Fri Feb 28 14:17:07 2025,152
Fri Feb 28 14:18:07 2025,152
Fri Feb 28 14:19:07 2025,151
Fri Feb 28 14:20:07 2025,172
Fri Feb 28 14:21:07 2025,173
Fri Feb 28 14:22:07 2025,173
Fri Feb 28 14:23:07 2025,173
Fri Feb 28 14:24:07 2025,171
Fri Feb 28 14:25:07 2025,181
Fri Feb 28 14:26:07 2025,187
Fri Feb 28 14:27:07 2025,187
Fri Feb 28 14:28:07 2025,186
Fri Feb 28 14:29:07 2025,188
Fri Feb 28 14:30:07 2025,190
Fri Feb 28 14:31:07 2025,189
Fri Feb 28 14:32:07 2025,192
Fri Feb 28 14:33:06 2025,193
Fri Feb 28 14:34:07 2025,192
Fri Feb 28 14:35:07 2025,193
Fri Feb 28 14:36:07 2025,192
Fri Feb 28 14:37:07 2025,187
Fri Feb 28 14:38:07 2025,185
Fri Feb 28 15:02:08 2025,147
Fri Feb 28 15:03:07 2025,146
Fri Feb 28 15:04:07 2025,144
Fri Feb 28 15:05:07 2025,145
Fri Feb 28 15:06:10 2025,154
Fri Feb 28 15:07:07 2025,156
Fri Feb 28 15:08:07 2025,155
Fri Feb 28 15:09:07 2025,167
Fri Feb 28 15:10:07 2025,167
Fri Feb 28 15:12:07 2025,164
Fri Feb 28 15:13:07 2025,164
Fri Feb 28 15:14:07 2025,162
Fri Feb 28 15:15:07 2025,164
Fri Feb 28 15:16:07 2025,164
Fri Feb 28 15:17:07 2025,166
Fri Feb 28 15:18:07 2025,165
Fri Feb 28 15:19:07 2025,162
Fri Feb 28 15:20:07 2025,159
Fri Feb 28 15:21:07 2025,158
Fri Feb 28 15:22:09 2025,155
Fri Feb 28 15:23:07 2025,153
Fri Feb 28 15:24:07 2025,150
Fri Feb 28 15:25:07 2025,147
Fri Feb 28 15:26:07 2025,141
Fri Feb 28 15:27:07 2025,136
Fri Feb 28 15:28:07 2025,126
Fri Feb 28 15:29:07 2025,118
Fri Feb 28 15:30:07 2025,116
Fri Feb 28 15:31:07 2025,115
Fri Feb 28 15:32:07 2025,113
Fri Feb 28 15:33:07 2025,113
Fri Feb 28 15:34:07 2025,118
Fri Feb 28 15:35:07 2025,116
Fri Feb 28 15:36:09 2025,118
Fri Feb 28 15:37:07 2025,119
Fri Feb 28 15:38:07 2025,119
Fri Feb 28 15:39:08 2025,121
Fri Feb 28 15:40:07 2025,124
Fri Feb 28 15:41:07 2025,125
Fri Feb 28 15:42:07 2025,121
Fri Feb 28 15:43:07 2025,121
Fri Feb 28 15:44:07 2025,124
Fri Feb 28 15:45:07 2025,126
Fri Feb 28 15:46:07 2025,125
Fri Feb 28 15:47:07 2025,124
Fri Feb 28 15:48:07 2025,124
Fri Feb 28 15:49:07 2025,126
Fri Feb 28 15:50:07 2025,130
Fri Feb 28 15:51:07 2025,130
Fri Feb 28 15:52:07 2025,132
Fri Feb 28 15:53:07 2025,135
Fri Feb 28 15:54:07 2025,138
Fri Feb 28 15:55:07 2025,138
Fri Feb 28 15:56:07 2025,142
Fri Feb 28 15:57:07 2025,139
Fri Feb 28 15:58:07 2025,140
Fri Feb 28 15:59:07 2025,141
Fri Feb 28 16:00:07 2025,-
Fri Feb 28 16:01:07 2025,146
Fri Feb 28 16:02:07 2025,148
Fri Feb 28 16:03:07 2025,146
Fri Feb 28 16:04:07 2025,147
Fri Feb 28 16:05:07 2025,151
Fri Feb 28 16:06:07 2025,151
Fri Feb 28 16:07:07 2025,150
Fri Feb 28 16:08:07 2025,151
Fri Feb 28 16:09:07 2025,149
Fri Feb 28 16:10:07 2025,147
Fri Feb 28 16:11:07 2025,146
Fri Feb 28 16:12:07 2025,148
Fri Feb 28 16:13:07 2025,150
Fri Feb 28 16:14:07 2025,155
Fri Feb 28 16:16:38 2025,163
Fri Feb 28 16:17:07 2025,165
Fri Feb 28 16:18:07 2025,150
Fri Feb 28 16:19:07 2025,148
Fri Feb 28 16:20:13 2025,149
Fri Feb 28 16:26:07 2025,151
Fri Feb 28 16:27:07 2025,157
Fri Feb 28 16:28:07 2025,159
Fri Feb 28 16:29:07 2025,160
Fri Feb 28 16:30:07 2025,159
Fri Feb 28 16:31:07 2025,162
Fri Feb 28 16:32:07 2025,166
Fri Feb 28 16:33:07 2025,168
Fri Feb 28 16:34:07 2025,170
Fri Feb 28 16:35:07 2025,174
Fri Feb 28 16:36:07 2025,175
Fri Feb 28 16:37:07 2025,180
Fri Feb 28 16:38:07 2025,181
Fri Feb 28 16:39:07 2025,187
Fri Feb 28 16:40:07 2025,189
Fri Feb 28 16:41:07 2025,192
Fri Feb 28 16:42:07 2025,190
Fri Feb 28 16:43:07 2025,193
Fri Feb 28 16:44:07 2025,193
Fri Feb 28 16:45:07 2025,197
Fri Feb 28 16:46:07 2025,200
Fri Feb 28 16:47:07 2025,200
Fri Feb 28 16:48:08 2025,198
Fri Feb 28 16:49:07 2025,198
Fri Feb 28 16:50:07 2025,196
Fri Feb 28 16:51:07 2025,197
Fri Feb 28 16:52:07 2025,196
Fri Feb 28 16:53:07 2025,200
Fri Feb 28 16:54:07 2025,204
Fri Feb 28 16:55:07 2025,208
Fri Feb 28 16:56:07 2025,208
Fri Feb 28 16:57:07 2025,210
Fri Feb 28 16:58:07 2025,210
Fri Feb 28 16:59:07 2025,214
Fri Feb 28 17:00:07 2025,-
Fri Feb 28 17:01:07 2025,220
Fri Feb 28 17:02:09 2025,-
Fri Feb 28 17:03:07 2025,214
Fri Feb 28 17:04:07 2025,214
Fri Feb 28 17:05:07 2025,214
Fri Feb 28 17:06:07 2025,216
Fri Feb 28 17:07:07 2025,218
Fri Feb 28 17:08:07 2025,213
Fri Feb 28 17:09:07 2025,213
Fri Feb 28 17:10:08 2025,214
Fri Feb 28 17:11:07 2025,213
Fri Feb 28 17:12:07 2025,211
Fri Feb 28 17:13:07 2025,202
Fri Feb 28 17:14:07 2025,198
Fri Feb 28 17:15:07 2025,197
Fri Feb 28 17:16:08 2025,197
Fri Feb 28 17:17:07 2025,193
Fri Feb 28 17:18:07 2025,196
Fri Feb 28 17:19:08 2025,198
Fri Feb 28 17:20:07 2025,200
Fri Feb 28 17:21:07 2025,200
Fri Feb 28 17:22:07 2025,205
Fri Feb 28 17:23:07 2025,206
Fri Feb 28 17:24:08 2025,204
Fri Feb 28 17:25:07 2025,200
Fri Feb 28 17:26:07 2025,198
Fri Feb 28 17:27:07 2025,199
Fri Feb 28 17:28:07 2025,199
Fri Feb 28 17:29:07 2025,200
Fri Feb 28 17:30:07 2025,202
Fri Feb 28 17:31:07 2025,202
Fri Feb 28 17:32:07 2025,203
Fri Feb 28 17:33:07 2025,200
Fri Feb 28 17:34:07 2025,197
Fri Feb 28 17:35:07 2025,196
Fri Feb 28 17:36:07 2025,194
Fri Feb 28 17:37:07 2025,194
Fri Feb 28 17:38:08 2025,197
Fri Feb 28 17:39:07 2025,196
Fri Feb 28 17:40:07 2025,199
Fri Feb 28 17:41:07 2025,200
Fri Feb 28 17:42:07 2025,201
Fri Feb 28 17:43:07 2025,199
Fri Feb 28 17:44:07 2025,203
Fri Feb 28 17:45:07 2025,200
Fri Feb 28 17:46:08 2025,199
Fri Feb 28 17:47:07 2025,201
Fri Feb 28 17:48:07 2025,201
Fri Feb 28 17:49:07 2025,201
Fri Feb 28 17:50:07 2025,201
Fri Feb 28 17:51:07 2025,203
Fri Feb 28 17:52:07 2025,208
Fri Feb 28 17:53:07 2025,206
Fri Feb 28 17:54:07 2025,205
Fri Feb 28 17:55:07 2025,209
Sat Mar  1 22:37:05 2025,2
Sat Mar  1 22:38:07 2025,2
Sat Mar  1 22:39:07 2025,2
Sat Mar  1 22:42:09 2025,2
Sat Mar  1 22:43:07 2025,2
Sat Mar  1 22:44:07 2025,2
Sat Mar  1 22:45:07 2025,2
Sat Mar  1 22:46:07 2025,2
Sat Mar  1 22:47:07 2025,2
Sat Mar  1 22:48:07 2025,2
Sat Mar  1 22:49:07 2025,2
Sat Mar  1 22:50:07 2025,2
Sat Mar  1 22:51:07 2025,2
Sat Mar  1 22:52:07 2025,2
Sat Mar  1 22:53:07 2025,2
Sat Mar  1 22:54:07 2025,2
Sat Mar  1 22:55:07 2025,2
Sat Mar  1 22:56:07 2025,2
Sat Mar  1 22:57:07 2025,2
Sat Mar  1 22:58:07 2025,2
Sat Mar  1 22:59:07 2025,2
Sat Mar  1 23:00:07 2025,2
Sat Mar  1 23:01:07 2025,2
Sat Mar  1 23:02:07 2025,-
Sat Mar  1 23:03:07 2025,2
Sat Mar  1 23:04:07 2025,2
Sat Mar  1 23:05:07 2025,2
Sat Mar  1 23:06:07 2025,2
Sat Mar  1 23:07:07 2025,2
Sat Mar  1 23:08:07 2025,2
Sat Mar  1 23:20:14 2025,2
Sun Mar  2 12:53:08 2025,131
Sun Mar  2 12:54:07 2025,127
Sun Mar  2 12:55:07 2025,127
Sun Mar  2 12:56:07 2025,125
Sun Mar  2 12:57:07 2025,121
Sun Mar  2 12:58:07 2025,119
Sun Mar  2 12:59:07 2025,122
Sun Mar  2 13:00:07 2025,120
Sun Mar  2 13:01:07 2025,120
Sun Mar  2 13:02:07 2025,119
Sun Mar  2 13:03:07 2025,121
Sun Mar  2 13:04:07 2025,123
Sun Mar  2 13:05:07 2025,122
Sun Mar  2 13:06:07 2025,123
Sun Mar  2 13:07:07 2025,122
Sun Mar  2 13:08:07 2025,123
Sun Mar  2 13:09:11 2025,123
Sun Mar  2 13:10:07 2025,125
Sun Mar  2 13:11:07 2025,125
Sun Mar  2 13:12:07 2025,122
Sun Mar  2 13:13:07 2025,122
Sun Mar  2 13:14:07 2025,121
Sun Mar  2 13:15:07 2025,116
Sun Mar  2 13:16:07 2025,118
Sun Mar  2 13:17:07 2025,118
Sun Mar  2 13:18:07 2025,116
Sun Mar  2 13:19:07 2025,113
Sun Mar  2 13:20:07 2025,115
Sun Mar  2 13:21:07 2025,115
Sun Mar  2 13:22:07 2025,114
Sun Mar  2 13:23:07 2025,113
Sun Mar  2 13:24:08 2025,113
Sun Mar  2 13:25:07 2025,113
Sun Mar  2 13:26:07 2025,110
Sun Mar  2 13:27:07 2025,111
Sun Mar  2 13:28:07 2025,112
Sun Mar  2 13:29:07 2025,114
Sun Mar  2 13:30:07 2025,117
Sun Mar  2 13:31:08 2025,117
Sun Mar  2 13:32:07 2025,115
Sun Mar  2 13:33:07 2025,116
Sun Mar  2 13:34:07 2025,116
Sun Mar  2 13:35:07 2025,117
Sun Mar  2 13:36:13 2025,120
Sun Mar  2 13:37:06 2025,122
Sun Mar  2 13:38:07 2025,124
Sun Mar  2 13:39:07 2025,120
Sun Mar  2 13:40:07 2025,120
Sun Mar  2 13:41:07 2025,121
Sun Mar  2 13:42:07 2025,119
Sun Mar  2 13:43:07 2025,119
Sun Mar  2 13:44:07 2025,119
Sun Mar  2 13:45:07 2025,119
Sun Mar  2 13:46:07 2025,114
Sun Mar  2 13:47:06 2025,114
Sun Mar  2 13:48:07 2025,109
Sun Mar  2 13:49:08 2025,109
Sun Mar  2 13:50:07 2025,106
Sun Mar  2 13:52:07 2025,110
Sun Mar  2 13:53:08 2025,111
Sun Mar  2 13:54:07 2025,110
Sun Mar  2 13:55:07 2025,108
Sun Mar  2 13:56:07 2025,109
Sun Mar  2 13:57:07 2025,108
Sun Mar  2 13:58:07 2025,108
Sun Mar  2 13:59:07 2025,105
Sun Mar  2 14:00:07 2025,-
Sun Mar  2 14:01:07 2025,104
Sun Mar  2 14:02:07 2025,104
Sun Mar  2 14:03:07 2025,106
Sun Mar  2 14:04:07 2025,107
Sun Mar  2 14:05:07 2025,103
Sun Mar  2 14:06:07 2025,104
Sun Mar  2 14:07:07 2025,104
Sun Mar  2 14:08:07 2025,106
Sun Mar  2 14:09:07 2025,104
Sun Mar  2 14:10:07 2025,103
Sun Mar  2 14:11:07 2025,108
Sun Mar  2 14:12:08 2025,106
Sun Mar  2 14:13:07 2025,104
Sun Mar  2 14:14:07 2025,105
Sun Mar  2 14:15:07 2025,105
Sun Mar  2 14:16:08 2025,104
Sun Mar  2 14:17:07 2025,104
Sun Mar  2 14:18:07 2025,104
Sun Mar  2 14:19:07 2025,103
Sun Mar  2 14:20:07 2025,102
Sun Mar  2 14:21:07 2025,105
Sun Mar  2 14:22:07 2025,106
Sun Mar  2 14:23:07 2025,103
Sun Mar  2 14:24:07 2025,104
Sun Mar  2 14:25:07 2025,101
Sun Mar  2 14:26:07 2025,101
Sun Mar  2 14:27:07 2025,99
Sun Mar  2 14:28:07 2025,99
Sun Mar  2 14:29:07 2025,103
Sun Mar  2 14:30:07 2025,103
Sun Mar  2 14:31:07 2025,101
Sun Mar  2 14:32:07 2025,98
Sun Mar  2 14:33:07 2025,98
Sun Mar  2 14:34:07 2025,98
Sun Mar  2 14:35:09 2025,96
Sun Mar  2 14:36:07 2025,92
Sun Mar  2 14:37:07 2025,91
Sun Mar  2 14:38:07 2025,89
Sun Mar  2 14:39:07 2025,88
Sun Mar  2 14:40:07 2025,87
Sun Mar  2 14:41:07 2025,86
Mon Mar  3 09:07:04 2025,126
Mon Mar  3 09:08:07 2025,129
Mon Mar  3 09:09:07 2025,128
Mon Mar  3 09:10:07 2025,127
Mon Mar  3 09:11:07 2025,129
Mon Mar  3 09:12:08 2025,127
Mon Mar  3 09:13:09 2025,129
Mon Mar  3 09:14:08 2025,131
Mon Mar  3 09:15:07 2025,132
Mon Mar  3 09:16:07 2025,132
Mon Mar  3 09:17:08 2025,133
Mon Mar  3 09:18:07 2025,130
Mon Mar  3 09:19:07 2025,132
Mon Mar  3 09:20:07 2025,133
Mon Mar  3 09:21:07 2025,127
Mon Mar  3 09:22:07 2025,121
Mon Mar  3 09:23:07 2025,122
Mon Mar  3 09:24:07 2025,103
Mon Mar  3 09:25:07 2025,-
Mon Mar  3 09:26:07 2025,106
Mon Mar  3 09:27:07 2025,102
Mon Mar  3 09:28:07 2025,105
Mon Mar  3 09:29:07 2025,103
Mon Mar  3 09:30:07 2025,106
Mon Mar  3 09:31:07 2025,106
Mon Mar  3 09:32:07 2025,106
Mon Mar  3 09:33:07 2025,107
Mon Mar  3 09:34:07 2025,112
Mon Mar  3 09:35:07 2025,112
Mon Mar  3 09:36:07 2025,-
Mon Mar  3 09:37:07 2025,114
Mon Mar  3 09:38:07 2025,113
Mon Mar  3 09:39:07 2025,113
Mon Mar  3 09:40:07 2025,114
Mon Mar  3 09:41:07 2025,115
Mon Mar  3 09:42:07 2025,115
Mon Mar  3 09:43:07 2025,115
Mon Mar  3 09:44:07 2025,114
Mon Mar  3 09:45:07 2025,114
Mon Mar  3 09:46:07 2025,117
Mon Mar  3 09:47:07 2025,117
Mon Mar  3 09:48:07 2025,116
Mon Mar  3 09:49:07 2025,116
Mon Mar  3 09:50:07 2025,118
Mon Mar  3 09:51:07 2025,128
Mon Mar  3 09:52:07 2025,127
Mon Mar  3 09:53:07 2025,130
Mon Mar  3 09:54:07 2025,126
Mon Mar  3 09:55:18 2025,127
Mon Mar  3 09:56:07 2025,125
Mon Mar  3 09:57:07 2025,127
Mon Mar  3 09:58:07 2025,127
Mon Mar  3 09:59:08 2025,127
Mon Mar  3 10:00:07 2025,-
Mon Mar  3 10:01:07 2025,129
Mon Mar  3 10:02:07 2025,130
Mon Mar  3 10:03:07 2025,130
Mon Mar  3 10:04:07 2025,132
Mon Mar  3 10:05:07 2025,154
Mon Mar  3 10:06:08 2025,157
Mon Mar  3 10:07:07 2025,157
Mon Mar  3 10:08:07 2025,158
Mon Mar  3 10:09:07 2025,157
Mon Mar  3 10:10:07 2025,152
Mon Mar  3 10:11:08 2025,155
Mon Mar  3 10:12:07 2025,154
Mon Mar  3 10:13:08 2025,151
Mon Mar  3 10:14:07 2025,149
Mon Mar  3 10:15:07 2025,137
Mon Mar  3 10:16:07 2025,136
Mon Mar  3 10:17:07 2025,135
Mon Mar  3 10:18:07 2025,133
Mon Mar  3 10:19:08 2025,134
Mon Mar  3 10:20:07 2025,133
Mon Mar  3 10:21:07 2025,132
Mon Mar  3 10:22:07 2025,132
Mon Mar  3 10:23:08 2025,130
Mon Mar  3 10:24:07 2025,124
Mon Mar  3 10:25:07 2025,122
Mon Mar  3 10:26:08 2025,124
Mon Mar  3 10:27:07 2025,124
Mon Mar  3 10:28:07 2025,124
Mon Mar  3 10:29:07 2025,124
Mon Mar  3 10:30:07 2025,123
Mon Mar  3 10:31:07 2025,123
Mon Mar  3 10:32:07 2025,123
Mon Mar  3 10:33:07 2025,124
Mon Mar  3 10:34:07 2025,124
Mon Mar  3 10:35:07 2025,124
Mon Mar  3 10:36:07 2025,125
Mon Mar  3 10:37:07 2025,124
Mon Mar  3 10:38:07 2025,126
Mon Mar  3 10:39:07 2025,128
Mon Mar  3 10:40:08 2025,128
Mon Mar  3 10:41:07 2025,129
Mon Mar  3 10:42:07 2025,129
Mon Mar  3 10:43:07 2025,129
Mon Mar  3 10:44:07 2025,130
Mon Mar  3 10:45:09 2025,130
Mon Mar  3 10:46:07 2025,131
Mon Mar  3 10:47:07 2025,128
Mon Mar  3 10:48:07 2025,129
Mon Mar  3 10:49:07 2025,127
Mon Mar  3 10:50:07 2025,127
Mon Mar  3 10:51:07 2025,125
Mon Mar  3 10:52:08 2025,126
Mon Mar  3 10:53:07 2025,127
Mon Mar  3 10:54:07 2025,126
Mon Mar  3 10:55:07 2025,126
Mon Mar  3 10:56:07 2025,125
Mon Mar  3 10:57:07 2025,126
Mon Mar  3 10:58:07 2025,125
Mon Mar  3 10:59:07 2025,137
Mon Mar  3 11:00:07 2025,-
Mon Mar  3 11:01:07 2025,141
Mon Mar  3 11:02:08 2025,155
Mon Mar  3 11:03:07 2025,154
Mon Mar  3 11:04:07 2025,150
Mon Mar  3 11:05:07 2025,144
Mon Mar  3 11:06:07 2025,142
Mon Mar  3 11:07:07 2025,142
Mon Mar  3 11:08:07 2025,141
Mon Mar  3 11:09:07 2025,137
Mon Mar  3 11:10:07 2025,136
Mon Mar  3 11:11:07 2025,138
Mon Mar  3 11:12:07 2025,142
Mon Mar  3 11:13:07 2025,143
Mon Mar  3 11:14:07 2025,143
Mon Mar  3 11:15:07 2025,145
Mon Mar  3 11:16:07 2025,146
Mon Mar  3 11:17:07 2025,124
Mon Mar  3 11:18:07 2025,120
Mon Mar  3 11:19:07 2025,121
Mon Mar  3 11:20:07 2025,117
Mon Mar  3 11:21:07 2025,109
Mon Mar  3 11:22:07 2025,107
Mon Mar  3 11:23:07 2025,107
Mon Mar  3 11:24:07 2025,107
Mon Mar  3 11:25:08 2025,108
Mon Mar  3 11:26:14 2025,109
Mon Mar  3 11:27:07 2025,109
Mon Mar  3 11:28:07 2025,113
Mon Mar  3 11:29:07 2025,114
Mon Mar  3 11:30:07 2025,115
Mon Mar  3 11:31:07 2025,116
Mon Mar  3 11:32:08 2025,116
Mon Mar  3 11:33:07 2025,118
Mon Mar  3 11:34:07 2025,121
Mon Mar  3 11:35:07 2025,122
Mon Mar  3 11:36:07 2025,123
Mon Mar  3 11:37:08 2025,128
Mon Mar  3 11:38:07 2025,126
Mon Mar  3 11:39:07 2025,128
Mon Mar  3 11:40:07 2025,128
Mon Mar  3 11:41:08 2025,127
Mon Mar  3 11:42:07 2025,125
Mon Mar  3 11:43:07 2025,124
Mon Mar  3 11:44:08 2025,124
Mon Mar  3 11:45:08 2025,125
Mon Mar  3 11:46:08 2025,126
Mon Mar  3 11:47:07 2025,127
Mon Mar  3 11:48:07 2025,125
Mon Mar  3 11:49:07 2025,126
Mon Mar  3 11:50:07 2025,128
Mon Mar  3 11:51:07 2025,128
Mon Mar  3 11:52:07 2025,129
Mon Mar  3 11:53:07 2025,133
Mon Mar  3 11:54:07 2025,136
Mon Mar  3 11:55:08 2025,138
Mon Mar  3 11:56:08 2025,144
Mon Mar  3 11:57:08 2025,148
Mon Mar  3 11:58:07 2025,148
Mon Mar  3 11:59:07 2025,147
Mon Mar  3 12:00:07 2025,-
Mon Mar  3 12:01:07 2025,150
Mon Mar  3 12:02:07 2025,154
Mon Mar  3 12:03:07 2025,158
Mon Mar  3 12:04:07 2025,157
Mon Mar  3 12:05:07 2025,161
Mon Mar  3 12:49:52 2025,147
Mon Mar  3 12:50:07 2025,153
Mon Mar  3 12:51:08 2025,153
Mon Mar  3 12:52:07 2025,153
Mon Mar  3 12:53:07 2025,153
Mon Mar  3 12:54:07 2025,150
Mon Mar  3 12:55:07 2025,153
Mon Mar  3 12:56:07 2025,151
Mon Mar  3 12:57:07 2025,149
Mon Mar  3 12:58:07 2025,151
Mon Mar  3 12:59:07 2025,150
Mon Mar  3 13:00:07 2025,-
Mon Mar  3 13:01:09 2025,152
Mon Mar  3 13:02:07 2025,149
Mon Mar  3 13:03:07 2025,149
Mon Mar  3 13:04:07 2025,149
Mon Mar  3 13:05:07 2025,146
Mon Mar  3 13:06:07 2025,144
Mon Mar  3 13:07:07 2025,147
Mon Mar  3 13:08:08 2025,145
Mon Mar  3 13:09:07 2025,144
Mon Mar  3 13:10:10 2025,145
Mon Mar  3 13:11:07 2025,143
Mon Mar  3 13:12:07 2025,142
Mon Mar  3 13:13:08 2025,143
Mon Mar  3 13:14:07 2025,145
Mon Mar  3 13:15:07 2025,146
Mon Mar  3 13:16:07 2025,146
Mon Mar  3 13:17:08 2025,144
Mon Mar  3 13:18:07 2025,144
Mon Mar  3 13:19:07 2025,144
Mon Mar  3 13:20:07 2025,143
Mon Mar  3 13:21:07 2025,144
Mon Mar  3 13:22:07 2025,143
Mon Mar  3 13:23:07 2025,138
Mon Mar  3 13:24:07 2025,138
Mon Mar  3 13:25:07 2025,139
Mon Mar  3 13:26:07 2025,138
Mon Mar  3 13:27:07 2025,138
Mon Mar  3 13:28:07 2025,139
Mon Mar  3 13:29:07 2025,136
Mon Mar  3 13:30:07 2025,133
Mon Mar  3 13:31:07 2025,131
Mon Mar  3 13:32:07 2025,131
Mon Mar  3 13:33:07 2025,131
Mon Mar  3 13:34:07 2025,128
Mon Mar  3 13:35:07 2025,129
Mon Mar  3 13:36:07 2025,132
Mon Mar  3 13:37:08 2025,129
Mon Mar  3 13:38:13 2025,127
Mon Mar  3 13:39:07 2025,126
Mon Mar  3 13:40:07 2025,125
Mon Mar  3 13:41:07 2025,144
Mon Mar  3 13:42:07 2025,146
Mon Mar  3 13:43:07 2025,142
Mon Mar  3 13:44:07 2025,141
Mon Mar  3 13:45:07 2025,140
Mon Mar  3 13:46:07 2025,143
Mon Mar  3 13:47:07 2025,141
Mon Mar  3 13:48:07 2025,142
Mon Mar  3 13:49:07 2025,141
Mon Mar  3 13:50:07 2025,139
Mon Mar  3 13:51:07 2025,135
Mon Mar  3 13:52:07 2025,137
Mon Mar  3 13:53:07 2025,135
Mon Mar  3 13:54:07 2025,134
Mon Mar  3 13:55:07 2025,131
Mon Mar  3 13:56:07 2025,132
Mon Mar  3 13:57:07 2025,129
Mon Mar  3 13:58:07 2025,129
Mon Mar  3 13:59:07 2025,127
Mon Mar  3 14:00:07 2025,-
Mon Mar  3 14:01:07 2025,130
Mon Mar  3 14:02:07 2025,132
Mon Mar  3 14:03:07 2025,137
Mon Mar  3 14:04:07 2025,142
Mon Mar  3 14:05:07 2025,141
Mon Mar  3 14:06:07 2025,143
Mon Mar  3 14:07:07 2025,142
Mon Mar  3 14:08:07 2025,142
Mon Mar  3 14:09:07 2025,140
Mon Mar  3 14:10:07 2025,148
Mon Mar  3 14:11:07 2025,149
Mon Mar  3 14:12:07 2025,148
Mon Mar  3 14:13:07 2025,160
Mon Mar  3 14:14:07 2025,161
Mon Mar  3 14:15:07 2025,159
Mon Mar  3 14:16:07 2025,173
Mon Mar  3 14:17:07 2025,173
Mon Mar  3 14:18:10 2025,174
Mon Mar  3 14:19:07 2025,176
Mon Mar  3 14:20:07 2025,175
Mon Mar  3 14:21:07 2025,177
Mon Mar  3 14:22:07 2025,175
Mon Mar  3 14:23:07 2025,175
Mon Mar  3 14:24:07 2025,175
Mon Mar  3 14:25:07 2025,173
Mon Mar  3 14:26:07 2025,175
Mon Mar  3 14:27:07 2025,175
Mon Mar  3 14:28:07 2025,176
Mon Mar  3 14:29:07 2025,174
Mon Mar  3 14:30:07 2025,190
Mon Mar  3 14:31:07 2025,186
Mon Mar  3 14:32:07 2025,185
Mon Mar  3 14:33:07 2025,183
Mon Mar  3 14:34:07 2025,180
Mon Mar  3 14:35:07 2025,182
Mon Mar  3 14:36:07 2025,181
Mon Mar  3 14:37:07 2025,180
Mon Mar  3 14:38:07 2025,177
Mon Mar  3 14:39:07 2025,177
Mon Mar  3 14:40:07 2025,181
Mon Mar  3 14:41:07 2025,180
Mon Mar  3 14:42:08 2025,179
Mon Mar  3 14:43:07 2025,181
Mon Mar  3 14:44:08 2025,162
Mon Mar  3 14:45:07 2025,162
Mon Mar  3 14:46:07 2025,164
Mon Mar  3 14:47:07 2025,164
Mon Mar  3 14:48:07 2025,164
Mon Mar  3 14:49:08 2025,163
Mon Mar  3 14:50:07 2025,164
Mon Mar  3 14:51:07 2025,-
Mon Mar  3 14:52:07 2025,165
Mon Mar  3 14:53:07 2025,166
Mon Mar  3 14:54:07 2025,164
Mon Mar  3 14:55:07 2025,165
Mon Mar  3 14:56:07 2025,164
Mon Mar  3 14:57:07 2025,164
Mon Mar  3 14:58:07 2025,164
Mon Mar  3 14:59:07 2025,164
Mon Mar  3 15:00:07 2025,-
Mon Mar  3 15:01:07 2025,167
Mon Mar  3 15:02:11 2025,180
Mon Mar  3 15:03:07 2025,191
Mon Mar  3 15:04:07 2025,192
Mon Mar  3 15:05:07 2025,191
Mon Mar  3 15:06:07 2025,190
Mon Mar  3 15:07:07 2025,190
Mon Mar  3 15:08:08 2025,189
Mon Mar  3 15:09:07 2025,193
Mon Mar  3 15:10:07 2025,193
Mon Mar  3 15:11:07 2025,191
Mon Mar  3 15:12:07 2025,195
Mon Mar  3 15:13:07 2025,195
Mon Mar  3 15:14:07 2025,189
Mon Mar  3 15:15:07 2025,188
Mon Mar  3 15:16:07 2025,187
Mon Mar  3 15:17:07 2025,186
Mon Mar  3 15:18:07 2025,189
Mon Mar  3 15:19:07 2025,189
Mon Mar  3 15:20:07 2025,191
Mon Mar  3 15:21:07 2025,189
Mon Mar  3 15:22:07 2025,190
Mon Mar  3 15:23:07 2025,189
Mon Mar  3 15:24:07 2025,190
Mon Mar  3 15:25:07 2025,187
Mon Mar  3 15:26:08 2025,-
Mon Mar  3 15:27:07 2025,184
Mon Mar  3 15:28:07 2025,202
Mon Mar  3 15:29:07 2025,199
Mon Mar  3 15:30:07 2025,199
Mon Mar  3 15:31:07 2025,201
Mon Mar  3 15:32:07 2025,199
Mon Mar  3 15:33:06 2025,199
Mon Mar  3 15:34:08 2025,196
Mon Mar  3 15:35:07 2025,196
Mon Mar  3 15:36:07 2025,192
Mon Mar  3 15:37:08 2025,176
Mon Mar  3 15:38:07 2025,161
Mon Mar  3 15:39:07 2025,157
Mon Mar  3 15:40:07 2025,158
Mon Mar  3 15:41:07 2025,156
Mon Mar  3 15:42:07 2025,155
Mon Mar  3 15:43:07 2025,153
Mon Mar  3 15:44:07 2025,152
Mon Mar  3 15:45:07 2025,153
Mon Mar  3 15:46:07 2025,154
Mon Mar  3 15:47:07 2025,151
Mon Mar  3 15:48:07 2025,152
Mon Mar  3 15:49:08 2025,150
Mon Mar  3 15:50:07 2025,150
Mon Mar  3 15:51:07 2025,151
Mon Mar  3 15:52:07 2025,150
Mon Mar  3 15:54:05 2025,159
Mon Mar  3 15:55:07 2025,161
Mon Mar  3 15:56:07 2025,158
Mon Mar  3 15:57:07 2025,157
Mon Mar  3 15:58:07 2025,147
Mon Mar  3 15:59:07 2025,143
Mon Mar  3 16:00:07 2025,-
Mon Mar  3 16:01:07 2025,142
Mon Mar  3 16:02:07 2025,145
Mon Mar  3 16:03:07 2025,144
Mon Mar  3 16:04:07 2025,150
Mon Mar  3 16:05:07 2025,151
Mon Mar  3 16:06:07 2025,151
Mon Mar  3 16:07:07 2025,154
Mon Mar  3 16:08:07 2025,153
Mon Mar  3 16:09:06 2025,155
Mon Mar  3 16:10:07 2025,155
Mon Mar  3 16:11:07 2025,159
Mon Mar  3 16:12:07 2025,158
Mon Mar  3 16:13:08 2025,156
Mon Mar  3 16:14:07 2025,153
Mon Mar  3 16:15:07 2025,152
Mon Mar  3 16:16:07 2025,155
Mon Mar  3 16:17:07 2025,160
Mon Mar  3 16:18:07 2025,163
Mon Mar  3 16:19:07 2025,148
Mon Mar  3 16:20:07 2025,145
Mon Mar  3 16:21:07 2025,149
Mon Mar  3 16:22:59 2025,156
Mon Mar  3 16:23:08 2025,156
Mon Mar  3 16:24:07 2025,156
Mon Mar  3 16:25:07 2025,157
Mon Mar  3 16:26:07 2025,157
Mon Mar  3 16:27:07 2025,159
Mon Mar  3 16:28:07 2025,159
Mon Mar  3 16:29:07 2025,158
Mon Mar  3 16:30:07 2025,157
Mon Mar  3 16:31:07 2025,159
Mon Mar  3 16:32:07 2025,157
Mon Mar  3 16:33:07 2025,159
Mon Mar  3 16:34:08 2025,159
Mon Mar  3 16:35:07 2025,157
Mon Mar  3 16:36:07 2025,157
Mon Mar  3 16:37:07 2025,141
Mon Mar  3 16:38:07 2025,147
Mon Mar  3 16:39:07 2025,147
Mon Mar  3 16:40:08 2025,150
Mon Mar  3 16:41:07 2025,153
Mon Mar  3 16:42:07 2025,152
Mon Mar  3 16:43:07 2025,154
Mon Mar  3 16:44:07 2025,156
Mon Mar  3 16:45:07 2025,151
Mon Mar  3 16:46:07 2025,150
Mon Mar  3 16:47:07 2025,150
Mon Mar  3 16:48:07 2025,148
Mon Mar  3 16:49:07 2025,152
Mon Mar  3 16:50:07 2025,151
Mon Mar  3 16:51:07 2025,152
Mon Mar  3 16:52:07 2025,154
Mon Mar  3 16:53:07 2025,154
Mon Mar  3 16:54:07 2025,153
Mon Mar  3 16:55:07 2025,153
Mon Mar  3 16:56:07 2025,152
Mon Mar  3 16:57:07 2025,152
Mon Mar  3 16:58:08 2025,153
Mon Mar  3 16:59:07 2025,153
Mon Mar  3 17:00:07 2025,-
Mon Mar  3 17:01:07 2025,150
Mon Mar  3 17:02:07 2025,150
Mon Mar  3 17:03:07 2025,150
Mon Mar  3 17:04:07 2025,149
Mon Mar  3 17:05:07 2025,150
Mon Mar  3 17:06:10 2025,150
Mon Mar  3 17:07:07 2025,151
Mon Mar  3 17:08:07 2025,155
Mon Mar  3 17:09:07 2025,154
Mon Mar  3 17:10:07 2025,156
Mon Mar  3 17:11:07 2025,149
Mon Mar  3 17:12:08 2025,151
Mon Mar  3 17:13:07 2025,155
Mon Mar  3 17:14:07 2025,149
Mon Mar  3 17:15:07 2025,145
Mon Mar  3 17:16:08 2025,147
Mon Mar  3 17:17:07 2025,144
Mon Mar  3 17:18:07 2025,147
Mon Mar  3 17:19:08 2025,148
Mon Mar  3 17:20:07 2025,148
Mon Mar  3 17:21:07 2025,144
Mon Mar  3 17:22:07 2025,148
Mon Mar  3 17:23:07 2025,152
Mon Mar  3 17:24:08 2025,158
Mon Mar  3 17:25:07 2025,159
Mon Mar  3 17:26:07 2025,162
Mon Mar  3 17:27:07 2025,161
Mon Mar  3 17:28:08 2025,162
Mon Mar  3 17:29:07 2025,163
Mon Mar  3 17:30:07 2025,162
Mon Mar  3 17:31:07 2025,163
Mon Mar  3 17:32:07 2025,166
Mon Mar  3 17:33:07 2025,168
Mon Mar  3 17:34:07 2025,171
Mon Mar  3 17:35:07 2025,169
Mon Mar  3 17:36:07 2025,169
Mon Mar  3 17:37:07 2025,168
Mon Mar  3 17:38:07 2025,167
Mon Mar  3 17:39:07 2025,164
Mon Mar  3 17:40:08 2025,164
Mon Mar  3 17:41:07 2025,163
Mon Mar  3 17:42:07 2025,162
Mon Mar  3 17:43:07 2025,163
Mon Mar  3 17:44:07 2025,164
Mon Mar  3 17:45:07 2025,165
Mon Mar  3 17:46:07 2025,162
Mon Mar  3 17:47:07 2025,160
Mon Mar  3 17:48:07 2025,158
Mon Mar  3 17:49:07 2025,156
Mon Mar  3 17:50:07 2025,153
Mon Mar  3 17:51:07 2025,154
Mon Mar  3 18:25:18 2025,166
Mon Mar  3 18:26:07 2025,168
Mon Mar  3 18:27:07 2025,160
Mon Mar  3 18:28:07 2025,159
Mon Mar  3 18:29:07 2025,154
Mon Mar  3 18:30:07 2025,153
Mon Mar  3 18:31:07 2025,152
Mon Mar  3 18:32:07 2025,154
Mon Mar  3 18:33:07 2025,156
Mon Mar  3 18:34:07 2025,155
Mon Mar  3 18:35:07 2025,158
Mon Mar  3 18:36:07 2025,160
Mon Mar  3 18:37:07 2025,159
Mon Mar  3 18:38:07 2025,160
Mon Mar  3 18:39:07 2025,160
Mon Mar  3 18:40:07 2025,161
Mon Mar  3 18:41:07 2025,161
Mon Mar  3 18:42:07 2025,163
Mon Mar  3 18:43:07 2025,164
Mon Mar  3 18:50:26 2025,163
Mon Mar  3 18:51:07 2025,162
Mon Mar  3 18:52:07 2025,166
Mon Mar  3 18:53:07 2025,163
Mon Mar  3 18:54:07 2025,167
Mon Mar  3 18:55:07 2025,168
Mon Mar  3 18:56:07 2025,170
Mon Mar  3 18:57:07 2025,172
Mon Mar  3 18:58:07 2025,169
Mon Mar  3 18:59:07 2025,169
Mon Mar  3 19:00:07 2025,-
Mon Mar  3 19:01:07 2025,165
Mon Mar  3 19:02:07 2025,167
Mon Mar  3 19:03:07 2025,169
Mon Mar  3 19:04:07 2025,171
Mon Mar  3 19:05:07 2025,171
Mon Mar  3 19:06:07 2025,170
Mon Mar  3 19:07:07 2025,173
Mon Mar  3 19:08:07 2025,173
Mon Mar  3 19:09:07 2025,173
Mon Mar  3 19:10:07 2025,170
Mon Mar  3 19:11:07 2025,171
Mon Mar  3 19:12:07 2025,172
Mon Mar  3 19:13:07 2025,171
Mon Mar  3 19:14:07 2025,170
Mon Mar  3 19:15:07 2025,170
Mon Mar  3 19:16:07 2025,171
Mon Mar  3 19:17:07 2025,170
Mon Mar  3 19:18:07 2025,169
Mon Mar  3 19:19:07 2025,166
Mon Mar  3 19:20:07 2025,166
Mon Mar  3 19:21:07 2025,168
Mon Mar  3 19:22:07 2025,167
Mon Mar  3 19:23:07 2025,165
Mon Mar  3 19:24:07 2025,164
Mon Mar  3 19:25:07 2025,161
Mon Mar  3 19:26:07 2025,157
Mon Mar  3 19:27:07 2025,156
Mon Mar  3 19:28:07 2025,155
Mon Mar  3 19:29:07 2025,156
Mon Mar  3 19:30:07 2025,153
Mon Mar  3 19:31:07 2025,153
Mon Mar  3 19:32:08 2025,156
Mon Mar  3 19:33:07 2025,160
Mon Mar  3 19:34:07 2025,162
Mon Mar  3 19:35:07 2025,161
Mon Mar  3 20:23:07 2025,141
Mon Mar  3 20:24:07 2025,141
Mon Mar  3 20:25:07 2025,141
Mon Mar  3 20:26:07 2025,139
Mon Mar  3 20:27:07 2025,141
Mon Mar  3 20:28:14 2025,142
Mon Mar  3 20:29:15 2025,141
Mon Mar  3 20:30:07 2025,135
Mon Mar  3 20:31:08 2025,136
Mon Mar  3 20:32:07 2025,136
Mon Mar  3 20:33:07 2025,136
Mon Mar  3 20:34:07 2025,135
Mon Mar  3 20:35:07 2025,134
Mon Mar  3 20:36:07 2025,135
Mon Mar  3 20:37:07 2025,137
Mon Mar  3 20:38:07 2025,140
Mon Mar  3 20:39:07 2025,138
Mon Mar  3 20:40:07 2025,136
Mon Mar  3 20:41:07 2025,137
Mon Mar  3 20:42:07 2025,141
Mon Mar  3 20:43:07 2025,141
Mon Mar  3 20:44:07 2025,143
Mon Mar  3 20:45:07 2025,143
Mon Mar  3 20:46:07 2025,141
Mon Mar  3 20:47:09 2025,139
Mon Mar  3 20:48:07 2025,137
Mon Mar  3 20:49:07 2025,135
Mon Mar  3 20:50:07 2025,135
Mon Mar  3 20:51:07 2025,131
Mon Mar  3 20:52:07 2025,131
Mon Mar  3 20:53:07 2025,131
Mon Mar  3 20:54:07 2025,128
Mon Mar  3 20:56:07 2025,125
Mon Mar  3 20:57:07 2025,124
Mon Mar  3 20:58:07 2025,121
Mon Mar  3 20:59:07 2025,122
Mon Mar  3 21:00:07 2025,-
Mon Mar  3 21:01:07 2025,120
Mon Mar  3 21:02:07 2025,122
Mon Mar  3 21:03:07 2025,122
Mon Mar  3 21:04:07 2025,117
Mon Mar  3 21:05:08 2025,115
Mon Mar  3 21:06:07 2025,112
Mon Mar  3 21:07:07 2025,114
Mon Mar  3 21:08:07 2025,111
Mon Mar  3 21:09:07 2025,110
Mon Mar  3 21:10:07 2025,111
Mon Mar  3 21:11:07 2025,108
Mon Mar  3 21:12:07 2025,109
Mon Mar  3 21:56:02 2025,-
Mon Mar  3 21:57:50 2025,43
Mon Mar  3 21:58:06 2025,39
Mon Mar  3 21:59:07 2025,38
Mon Mar  3 22:00:07 2025,-
Mon Mar  3 22:01:07 2025,30
Mon Mar  3 22:02:07 2025,27
Mon Mar  3 22:03:07 2025,24
Mon Mar  3 22:04:07 2025,22
Mon Mar  3 22:05:07 2025,20
Mon Mar  3 22:06:07 2025,15
Mon Mar  3 22:07:07 2025,13
Mon Mar  3 22:08:07 2025,12
Mon Mar  3 22:09:07 2025,9
Mon Mar  3 22:10:09 2025,6
Mon Mar  3 22:11:07 2025,1
Mon Mar  3 22:12:07 2025,0
Mon Mar  3 22:13:08 2025,0
Mon Mar  3 22:14:07 2025,0
Mon Mar  3 22:15:07 2025,0
Mon Mar  3 22:16:07 2025,0
Mon Mar  3 22:17:07 2025,1
Mon Mar  3 22:18:07 2025,1
Mon Mar  3 22:19:07 2025,0
Mon Mar  3 22:20:07 2025,0
Mon Mar  3 22:21:07 2025,1
Mon Mar  3 22:22:07 2025,1
Mon Mar  3 22:23:07 2025,1
Mon Mar  3 22:24:07 2025,1
Mon Mar  3 22:25:07 2025,1
Mon Mar  3 22:26:07 2025,1
Tue Mar  4 09:01:09 2025,144
Tue Mar  4 09:02:07 2025,142
Tue Mar  4 09:03:09 2025,142
Tue Mar  4 09:04:08 2025,142
Tue Mar  4 09:05:07 2025,142
Tue Mar  4 09:06:07 2025,141
Tue Mar  4 09:07:07 2025,138
Tue Mar  4 09:08:07 2025,138
Tue Mar  4 09:09:07 2025,139
Tue Mar  4 09:10:07 2025,143
Tue Mar  4 09:11:07 2025,140
Tue Mar  4 09:12:07 2025,137
Tue Mar  4 09:13:07 2025,136
Tue Mar  4 09:14:07 2025,136
Tue Mar  4 09:15:07 2025,133
Tue Mar  4 09:16:07 2025,134
Tue Mar  4 09:17:07 2025,135
Tue Mar  4 09:18:07 2025,134
Tue Mar  4 09:19:07 2025,135
Tue Mar  4 09:20:07 2025,135
Tue Mar  4 09:21:07 2025,137
Tue Mar  4 09:22:07 2025,135
Tue Mar  4 09:23:07 2025,135
Tue Mar  4 09:24:07 2025,136
Tue Mar  4 09:25:07 2025,130
Tue Mar  4 09:26:07 2025,118
Tue Mar  4 09:27:07 2025,119
Tue Mar  4 09:28:07 2025,119
Tue Mar  4 09:29:07 2025,121
Tue Mar  4 09:30:07 2025,122
Tue Mar  4 09:31:07 2025,125
Tue Mar  4 09:32:07 2025,125
Tue Mar  4 09:33:07 2025,125
Tue Mar  4 09:34:07 2025,124
Tue Mar  4 09:35:07 2025,123
Tue Mar  4 09:36:07 2025,123
Tue Mar  4 09:37:07 2025,121
Tue Mar  4 09:38:07 2025,121
Tue Mar  4 09:39:07 2025,122
Tue Mar  4 09:40:07 2025,124
Tue Mar  4 09:41:07 2025,121
Tue Mar  4 09:42:07 2025,121
Tue Mar  4 09:43:07 2025,121
Tue Mar  4 09:44:07 2025,121
Tue Mar  4 09:45:07 2025,122
Tue Mar  4 09:46:07 2025,123
Tue Mar  4 09:47:07 2025,123
Tue Mar  4 09:48:07 2025,119
Tue Mar  4 09:49:07 2025,122
Tue Mar  4 09:50:07 2025,122
Tue Mar  4 09:51:07 2025,122
Tue Mar  4 09:52:07 2025,124
Tue Mar  4 09:53:07 2025,126
Tue Mar  4 09:54:07 2025,146
Tue Mar  4 09:55:07 2025,144
Tue Mar  4 09:56:07 2025,144
Tue Mar  4 09:57:07 2025,143
Tue Mar  4 09:58:07 2025,145
Tue Mar  4 09:59:07 2025,146
Tue Mar  4 10:00:07 2025,-
Tue Mar  4 10:01:07 2025,146
Tue Mar  4 10:02:08 2025,148
Tue Mar  4 10:03:07 2025,145
Tue Mar  4 10:04:07 2025,145
Tue Mar  4 10:05:08 2025,146
Tue Mar  4 10:06:07 2025,147
Tue Mar  4 10:07:07 2025,144
Tue Mar  4 10:08:07 2025,139
Tue Mar  4 10:09:07 2025,140
Tue Mar  4 10:10:07 2025,139
Tue Mar  4 10:11:07 2025,139
Tue Mar  4 10:12:07 2025,138
Tue Mar  4 10:13:07 2025,138
Tue Mar  4 10:14:14 2025,139
Tue Mar  4 10:15:16 2025,140
Tue Mar  4 10:16:07 2025,141
Tue Mar  4 10:17:07 2025,141
Tue Mar  4 10:18:07 2025,141
Tue Mar  4 10:19:07 2025,139
Tue Mar  4 10:20:07 2025,139
Tue Mar  4 10:21:07 2025,138
Tue Mar  4 10:22:07 2025,139
Tue Mar  4 10:23:07 2025,137
Tue Mar  4 10:24:07 2025,143
Tue Mar  4 10:25:07 2025,147
Tue Mar  4 10:26:07 2025,167
Tue Mar  4 10:27:07 2025,164
Tue Mar  4 10:28:07 2025,165
Tue Mar  4 10:29:07 2025,162
Tue Mar  4 10:30:08 2025,139
Tue Mar  4 10:31:07 2025,140
Tue Mar  4 10:32:07 2025,142
Tue Mar  4 10:33:07 2025,141
Tue Mar  4 10:34:07 2025,141
Tue Mar  4 10:35:07 2025,143
Tue Mar  4 10:36:07 2025,141
Tue Mar  4 10:37:07 2025,144
Tue Mar  4 10:38:07 2025,144
Tue Mar  4 10:39:07 2025,142
Tue Mar  4 10:40:07 2025,156
Tue Mar  4 10:41:07 2025,165
Tue Mar  4 10:42:07 2025,164
Tue Mar  4 10:43:07 2025,163
Tue Mar  4 10:44:07 2025,161
Tue Mar  4 10:45:07 2025,161
Tue Mar  4 10:46:07 2025,160
Tue Mar  4 10:47:07 2025,159
Tue Mar  4 10:48:07 2025,162
Tue Mar  4 10:49:07 2025,162
Tue Mar  4 10:50:07 2025,161
Tue Mar  4 10:51:07 2025,162
Tue Mar  4 10:52:07 2025,162
Tue Mar  4 10:53:07 2025,164
Tue Mar  4 10:54:07 2025,164
Tue Mar  4 10:55:08 2025,164
Tue Mar  4 10:56:07 2025,164
Tue Mar  4 10:57:07 2025,166
Tue Mar  4 10:58:07 2025,165
Tue Mar  4 10:59:07 2025,165
Tue Mar  4 11:00:07 2025,-
Tue Mar  4 11:01:07 2025,166
Tue Mar  4 11:02:08 2025,166
Tue Mar  4 11:03:07 2025,170
Tue Mar  4 11:04:07 2025,171
Tue Mar  4 11:05:07 2025,171
Tue Mar  4 11:06:07 2025,173
Tue Mar  4 11:07:07 2025,169
Tue Mar  4 11:08:07 2025,169
Tue Mar  4 11:09:07 2025,168
Tue Mar  4 11:10:07 2025,169
Tue Mar  4 11:11:06 2025,155
Tue Mar  4 11:12:07 2025,146
Tue Mar  4 11:13:07 2025,143
Tue Mar  4 11:14:07 2025,143
Tue Mar  4 11:15:07 2025,143
Tue Mar  4 11:16:07 2025,143
Tue Mar  4 11:17:07 2025,141
Tue Mar  4 11:18:07 2025,139
Tue Mar  4 11:19:07 2025,141
Tue Mar  4 11:20:07 2025,139
Tue Mar  4 11:21:07 2025,138
Tue Mar  4 11:22:07 2025,135
Tue Mar  4 11:23:07 2025,134
Tue Mar  4 11:24:07 2025,128
Tue Mar  4 11:25:07 2025,124
Tue Mar  4 11:26:07 2025,124
Tue Mar  4 11:27:08 2025,124
Tue Mar  4 11:28:07 2025,124
Tue Mar  4 11:29:07 2025,124
Tue Mar  4 11:30:07 2025,123
Tue Mar  4 11:31:07 2025,125
Tue Mar  4 11:32:07 2025,126
Tue Mar  4 11:33:07 2025,127
Tue Mar  4 11:34:07 2025,124
Tue Mar  4 11:35:07 2025,126
Tue Mar  4 11:36:07 2025,123
Tue Mar  4 11:37:07 2025,127
Tue Mar  4 11:38:07 2025,128
Tue Mar  4 11:39:07 2025,129
Tue Mar  4 11:40:07 2025,125
Tue Mar  4 11:41:07 2025,125
Tue Mar  4 11:42:07 2025,122
Tue Mar  4 11:43:07 2025,122
Tue Mar  4 11:44:07 2025,122
Tue Mar  4 11:45:08 2025,122
Tue Mar  4 11:46:10 2025,125
Tue Mar  4 11:47:10 2025,131
Tue Mar  4 11:48:07 2025,133
Tue Mar  4 11:49:07 2025,134
Tue Mar  4 11:50:07 2025,131
Tue Mar  4 11:51:07 2025,133
Tue Mar  4 11:52:07 2025,133
Tue Mar  4 11:53:07 2025,137
Tue Mar  4 11:54:07 2025,140
Tue Mar  4 11:55:07 2025,140
Tue Mar  4 11:56:07 2025,141
Tue Mar  4 11:57:07 2025,141
Tue Mar  4 11:58:07 2025,126
Tue Mar  4 11:59:07 2025,107
Tue Mar  4 12:00:07 2025,-
Tue Mar  4 12:01:08 2025,108
Tue Mar  4 12:02:09 2025,109
Tue Mar  4 12:03:07 2025,110
Tue Mar  4 12:04:07 2025,109
Tue Mar  4 12:05:07 2025,110
Tue Mar  4 12:06:07 2025,111
Tue Mar  4 12:07:07 2025,113
Tue Mar  4 12:08:07 2025,117
Tue Mar  4 12:09:07 2025,119
Tue Mar  4 12:10:07 2025,121
Tue Mar  4 12:11:07 2025,121
Tue Mar  4 12:12:07 2025,123
Tue Mar  4 12:13:07 2025,124
Tue Mar  4 12:14:07 2025,126
Tue Mar  4 12:15:07 2025,126
Tue Mar  4 12:16:07 2025,125
Tue Mar  4 12:17:07 2025,125
Tue Mar  4 12:18:07 2025,123
Tue Mar  4 12:19:07 2025,123
Tue Mar  4 12:20:07 2025,124
Tue Mar  4 12:21:07 2025,122
Tue Mar  4 12:22:07 2025,122
Tue Mar  4 12:23:07 2025,123
Tue Mar  4 12:24:07 2025,125
Tue Mar  4 12:25:07 2025,123
Tue Mar  4 12:26:07 2025,123
Tue Mar  4 12:27:07 2025,120
Tue Mar  4 12:28:07 2025,119
Tue Mar  4 12:29:07 2025,122
Tue Mar  4 12:30:07 2025,120
Tue Mar  4 12:31:07 2025,121
Tue Mar  4 12:32:07 2025,121
Tue Mar  4 12:33:07 2025,122
Tue Mar  4 12:34:07 2025,125
Tue Mar  4 12:35:07 2025,124
Tue Mar  4 12:36:07 2025,126
Tue Mar  4 12:37:07 2025,123
Tue Mar  4 12:38:07 2025,125
Tue Mar  4 12:39:10 2025,121
Tue Mar  4 12:40:26 2025,122
Tue Mar  4 12:41:07 2025,122
Tue Mar  4 12:42:07 2025,121
Tue Mar  4 12:43:08 2025,121
Tue Mar  4 12:44:07 2025,118
Tue Mar  4 12:45:07 2025,123
Tue Mar  4 12:46:07 2025,122
Tue Mar  4 12:47:07 2025,124
Tue Mar  4 12:48:07 2025,126
Tue Mar  4 12:49:11 2025,126
Tue Mar  4 12:50:07 2025,123
Tue Mar  4 12:51:07 2025,121
Tue Mar  4 12:52:07 2025,120
Tue Mar  4 12:53:07 2025,121
Tue Mar  4 12:54:07 2025,120
Tue Mar  4 12:55:07 2025,121
Tue Mar  4 12:56:09 2025,121
Tue Mar  4 12:57:07 2025,119
Tue Mar  4 12:58:07 2025,119
Tue Mar  4 12:59:07 2025,119
Tue Mar  4 13:00:07 2025,-
Tue Mar  4 13:01:09 2025,114
Tue Mar  4 13:02:07 2025,116
Tue Mar  4 13:03:07 2025,118
Tue Mar  4 13:04:07 2025,114
Tue Mar  4 13:05:07 2025,109
Tue Mar  4 13:06:07 2025,113
Tue Mar  4 13:07:07 2025,113
Tue Mar  4 13:08:07 2025,112
Tue Mar  4 13:09:07 2025,109
Tue Mar  4 13:10:07 2025,110
Tue Mar  4 13:11:07 2025,112
Tue Mar  4 13:12:07 2025,111
Tue Mar  4 13:13:07 2025,109
Tue Mar  4 13:14:07 2025,105
Tue Mar  4 13:15:07 2025,105
Tue Mar  4 13:16:07 2025,104
Tue Mar  4 13:17:07 2025,105
Tue Mar  4 13:18:07 2025,102
Tue Mar  4 13:19:07 2025,103
Tue Mar  4 13:20:07 2025,102
Tue Mar  4 13:21:07 2025,100
Tue Mar  4 13:22:07 2025,96
Tue Mar  4 13:23:07 2025,116
Tue Mar  4 13:24:07 2025,116
Tue Mar  4 13:25:07 2025,117
Tue Mar  4 13:26:07 2025,113
Tue Mar  4 13:27:07 2025,112
Tue Mar  4 13:28:07 2025,110
Tue Mar  4 13:29:08 2025,107
Tue Mar  4 13:30:07 2025,106
Tue Mar  4 13:31:07 2025,102
Tue Mar  4 13:32:07 2025,100
Tue Mar  4 13:33:07 2025,100
Tue Mar  4 13:34:07 2025,101
Tue Mar  4 13:35:08 2025,100
Tue Mar  4 13:36:07 2025,101
Tue Mar  4 13:37:07 2025,103
Tue Mar  4 13:38:07 2025,103
Tue Mar  4 13:39:07 2025,104
Tue Mar  4 13:40:07 2025,104
Tue Mar  4 13:41:07 2025,104
Tue Mar  4 13:42:07 2025,102
Tue Mar  4 13:43:07 2025,101
Tue Mar  4 13:59:56 2025,103
Tue Mar  4 14:01:07 2025,107
Tue Mar  4 14:02:07 2025,109
Tue Mar  4 14:03:07 2025,111
Tue Mar  4 14:04:07 2025,109
Tue Mar  4 14:28:26 2025,121
Tue Mar  4 14:47:52 2025,-
Tue Mar  4 14:52:44 2025,112
Tue Mar  4 15:02:13 2025,109
Tue Mar  4 15:31:12 2025,134
Tue Mar  4 20:21:08 2025,154
Tue Mar  4 20:22:07 2025,158
Tue Mar  4 20:23:07 2025,154
Tue Mar  4 20:24:07 2025,157
Tue Mar  4 20:25:07 2025,156
Tue Mar  4 20:26:09 2025,158
Tue Mar  4 20:27:07 2025,156
Tue Mar  4 20:28:07 2025,154
Tue Mar  4 20:29:07 2025,156
Tue Mar  4 20:30:07 2025,155
Tue Mar  4 20:31:08 2025,153
Tue Mar  4 20:32:07 2025,150
Tue Mar  4 20:33:07 2025,150
Tue Mar  4 20:34:07 2025,149
Tue Mar  4 20:35:07 2025,147
Tue Mar  4 20:36:07 2025,145
Tue Mar  4 20:37:07 2025,138
Tue Mar  4 20:38:07 2025,134
Tue Mar  4 20:39:07 2025,134
Tue Mar  4 20:40:08 2025,136
Tue Mar  4 20:41:07 2025,134
Tue Mar  4 20:42:07 2025,136
Tue Mar  4 20:43:07 2025,136
Tue Mar  4 20:44:07 2025,136
Tue Mar  4 20:45:07 2025,137
Tue Mar  4 20:46:07 2025,135
Tue Mar  4 20:47:07 2025,133
Tue Mar  4 20:48:07 2025,133
Tue Mar  4 20:49:07 2025,128
Tue Mar  4 20:50:11 2025,129
Tue Mar  4 20:51:07 2025,129
Tue Mar  4 20:52:09 2025,128
Tue Mar  4 20:53:07 2025,128
Tue Mar  4 20:54:07 2025,127
Tue Mar  4 20:55:07 2025,124
Tue Mar  4 20:56:09 2025,122
Tue Mar  4 20:57:07 2025,122
Tue Mar  4 20:58:07 2025,121
Tue Mar  4 20:59:07 2025,119
Tue Mar  4 21:00:07 2025,-
Tue Mar  4 21:01:07 2025,116
Tue Mar  4 21:02:09 2025,114
Tue Mar  4 21:03:07 2025,115
Tue Mar  4 21:04:09 2025,114
Tue Mar  4 21:05:09 2025,112
Tue Mar  4 21:06:09 2025,108
Tue Mar  4 21:07:07 2025,110
Tue Mar  4 21:08:09 2025,110
Tue Mar  4 21:09:09 2025,109
Tue Mar  4 21:10:07 2025,109
Tue Mar  4 21:11:07 2025,105
Tue Mar  4 21:12:08 2025,104
Tue Mar  4 21:13:07 2025,102
Tue Mar  4 21:14:09 2025,102
Tue Mar  4 21:15:07 2025,100
Tue Mar  4 21:16:07 2025,99
Tue Mar  4 21:17:07 2025,98
Tue Mar  4 21:18:07 2025,98
Tue Mar  4 21:19:09 2025,95
Tue Mar  4 21:20:07 2025,93
Tue Mar  4 21:21:09 2025,88
Tue Mar  4 21:22:07 2025,87
Tue Mar  4 21:23:07 2025,85
Tue Mar  4 21:24:09 2025,84
Tue Mar  4 21:25:07 2025,85
Tue Mar  4 21:26:14 2025,84
Tue Mar  4 21:28:07 2025,81
Tue Mar  4 21:29:07 2025,81
Tue Mar  4 21:30:10 2025,79
Tue Mar  4 21:31:08 2025,77
Tue Mar  4 21:32:07 2025,77
Tue Mar  4 21:33:38 2025,76
Tue Mar  4 21:34:44 2025,75
Tue Mar  4 21:35:43 2025,73
Tue Mar  4 21:36:37 2025,73
Tue Mar  4 21:37:38 2025,-
Tue Mar  4 21:38:37 2025,73
Tue Mar  4 21:39:16 2025,71
Tue Mar  4 21:40:11 2025,70
Tue Mar  4 21:42:09 2025,66
Tue Mar  4 21:43:11 2025,-
Tue Mar  4 21:44:25 2025,61
Tue Mar  4 21:45:11 2025,61
Tue Mar  4 21:46:08 2025,
Tue Mar  4 21:47:10 2025,57
Tue Mar  4 21:48:41 2025,55
Tue Mar  4 21:49:14 2025,-
Tue Mar  4 21:51:11 2025,51
Tue Mar  4 21:54:05 2025,45
Tue Mar  4 21:56:06 2025,42
Tue Mar  4 21:57:07 2025,40
Tue Mar  4 21:58:07 2025,37
Tue Mar  4 21:59:09 2025,32
Tue Mar  4 22:00:08 2025,-
Tue Mar  4 22:01:09 2025,33
Tue Mar  4 22:02:08 2025,28
Tue Mar  4 22:03:07 2025,24
Tue Mar  4 22:04:07 2025,19
Tue Mar  4 22:05:07 2025,13
Tue Mar  4 22:06:07 2025,12
Tue Mar  4 22:07:07 2025,10
Tue Mar  4 22:08:07 2025,7
Tue Mar  4 22:09:07 2025,3
Tue Mar  4 22:10:07 2025,2
Tue Mar  4 22:11:09 2025,0
Tue Mar  4 22:12:07 2025,1
Tue Mar  4 22:13:07 2025,0
Tue Mar  4 22:14:07 2025,0
Tue Mar  4 22:15:07 2025,1
Tue Mar  4 22:16:07 2025,0
Tue Mar  4 22:17:07 2025,1
Tue Mar  4 22:18:07 2025,0
Tue Mar  4 22:19:07 2025,0
Tue Mar  4 22:20:07 2025,2
Tue Mar  4 22:21:08 2025,0
Tue Mar  4 22:22:07 2025,0
Tue Mar  4 22:23:07 2025,0
Tue Mar  4 22:24:07 2025,0
Tue Mar  4 22:25:07 2025,0
Tue Mar  4 22:26:07 2025,0
Tue Mar  4 22:27:07 2025,0
Tue Mar  4 22:28:07 2025,0
Tue Mar  4 22:29:09 2025,0
Tue Mar  4 22:30:09 2025,0
Tue Mar  4 22:31:08 2025,1
Tue Mar  4 22:32:07 2025,2
Tue Mar  4 22:33:08 2025,1
Tue Mar  4 22:34:08 2025,1
Tue Mar  4 22:35:08 2025,1
Tue Mar  4 22:36:07 2025,1
Tue Mar  4 22:37:08 2025,1
Tue Mar  4 22:38:07 2025,1
Tue Mar  4 22:39:08 2025,1
Tue Mar  4 22:40:07 2025,1
Tue Mar  4 22:41:07 2025,1
Tue Mar  4 22:42:07 2025,1
Tue Mar  4 22:43:07 2025,1
Tue Mar  4 22:44:08 2025,1
Tue Mar  4 22:45:07 2025,1
Tue Mar  4 22:46:09 2025,1
Tue Mar  4 22:47:09 2025,1
Tue Mar  4 22:48:08 2025,1
Tue Mar  4 22:49:07 2025,1
Tue Mar  4 22:50:07 2025,1
Wed Mar  5 09:44:21 2025,130
Wed Mar  5 09:45:07 2025,128
Wed Mar  5 09:46:07 2025,129
Wed Mar  5 09:47:07 2025,131
Wed Mar  5 09:48:07 2025,131
Wed Mar  5 09:49:07 2025,132
Wed Mar  5 09:50:07 2025,134
Wed Mar  5 09:51:07 2025,138
Wed Mar  5 09:52:07 2025,149
Wed Mar  5 09:53:07 2025,150
Wed Mar  5 09:54:07 2025,152
Wed Mar  5 09:55:07 2025,155
Wed Mar  5 09:56:07 2025,162
Wed Mar  5 09:57:07 2025,160
Wed Mar  5 09:58:09 2025,158
Wed Mar  5 09:59:07 2025,158
Wed Mar  5 10:00:07 2025,-
Wed Mar  5 10:01:07 2025,157
Wed Mar  5 10:02:07 2025,158
Wed Mar  5 10:03:07 2025,156
Wed Mar  5 10:04:07 2025,155
Wed Mar  5 10:05:07 2025,156
Wed Mar  5 10:06:07 2025,161
Wed Mar  5 10:07:07 2025,173
Wed Mar  5 10:08:07 2025,173
Wed Mar  5 10:09:07 2025,172
Wed Mar  5 10:10:07 2025,170
Wed Mar  5 10:11:07 2025,171
Wed Mar  5 10:12:07 2025,174
Wed Mar  5 10:13:07 2025,174
Wed Mar  5 10:14:08 2025,170
Wed Mar  5 10:15:07 2025,171
Wed Mar  5 10:16:07 2025,170
Wed Mar  5 10:17:07 2025,169
Wed Mar  5 10:18:07 2025,168
Wed Mar  5 10:19:07 2025,170
Wed Mar  5 10:20:07 2025,149
Wed Mar  5 10:21:07 2025,159
Wed Mar  5 10:22:07 2025,156
Wed Mar  5 10:23:07 2025,157
Wed Mar  5 10:24:07 2025,159
Wed Mar  5 10:25:07 2025,159
Wed Mar  5 10:26:07 2025,159
Wed Mar  5 10:27:07 2025,160
Wed Mar  5 10:28:07 2025,162
Wed Mar  5 10:29:07 2025,164
Wed Mar  5 10:30:09 2025,160
Wed Mar  5 10:31:07 2025,158
Wed Mar  5 10:32:07 2025,158
Wed Mar  5 10:33:07 2025,158
Wed Mar  5 10:34:07 2025,156
Wed Mar  5 10:35:08 2025,157
Wed Mar  5 10:36:07 2025,156
Wed Mar  5 10:37:07 2025,157
Wed Mar  5 10:38:07 2025,155
Wed Mar  5 10:39:07 2025,156
Wed Mar  5 10:40:07 2025,153
Wed Mar  5 10:41:07 2025,152
Wed Mar  5 10:42:07 2025,150
Wed Mar  5 10:43:07 2025,150
Wed Mar  5 10:44:07 2025,149
Wed Mar  5 10:45:11 2025,150
Wed Mar  5 10:46:07 2025,148
Wed Mar  5 10:47:08 2025,148
Wed Mar  5 10:48:08 2025,146
Wed Mar  5 10:49:07 2025,145
Wed Mar  5 10:50:07 2025,145
Wed Mar  5 10:51:07 2025,148
Wed Mar  5 10:52:07 2025,148
Wed Mar  5 10:53:07 2025,148
Wed Mar  5 10:54:07 2025,147
Wed Mar  5 10:55:07 2025,148
Wed Mar  5 10:56:07 2025,147
Wed Mar  5 10:57:07 2025,147
Wed Mar  5 10:58:07 2025,147
Wed Mar  5 10:59:07 2025,145
Wed Mar  5 11:00:07 2025,-
Wed Mar  5 11:01:07 2025,139
Wed Mar  5 11:02:07 2025,139
Wed Mar  5 11:03:07 2025,139
Wed Mar  5 11:04:07 2025,139
Wed Mar  5 11:05:07 2025,142
Wed Mar  5 11:06:07 2025,143
Wed Mar  5 11:07:07 2025,142
Wed Mar  5 11:08:07 2025,140
Wed Mar  5 11:09:07 2025,139
Wed Mar  5 11:10:08 2025,149
Wed Mar  5 11:33:52 2025,101
Wed Mar  5 11:34:06 2025,100
Wed Mar  5 11:35:07 2025,96
Wed Mar  5 11:36:07 2025,98
Wed Mar  5 11:37:07 2025,95
Wed Mar  5 11:38:07 2025,94
Wed Mar  5 11:39:06 2025,97
Wed Mar  5 11:40:08 2025,97
Wed Mar  5 11:41:07 2025,97
Wed Mar  5 11:42:07 2025,98
Wed Mar  5 11:43:07 2025,99
Wed Mar  5 11:44:07 2025,99
Wed Mar  5 11:45:06 2025,99
Wed Mar  5 11:46:07 2025,102
Wed Mar  5 11:47:07 2025,103
Wed Mar  5 11:48:07 2025,105
Wed Mar  5 11:49:07 2025,109
Wed Mar  5 11:50:07 2025,109
Wed Mar  5 11:51:07 2025,109
Wed Mar  5 11:52:07 2025,112
Wed Mar  5 11:53:07 2025,114
Wed Mar  5 11:54:07 2025,114
Wed Mar  5 11:55:08 2025,116
Wed Mar  5 11:56:07 2025,118
Wed Mar  5 11:57:07 2025,119
Wed Mar  5 11:58:07 2025,120
Wed Mar  5 11:59:07 2025,119
Wed Mar  5 12:00:07 2025,-
Wed Mar  5 12:01:07 2025,128
Wed Mar  5 12:02:08 2025,130
Wed Mar  5 12:03:07 2025,129
Wed Mar  5 12:04:07 2025,131
Wed Mar  5 12:05:07 2025,134
Wed Mar  5 12:06:07 2025,139
Wed Mar  5 12:07:07 2025,142
Wed Mar  5 12:08:07 2025,143
Wed Mar  5 12:09:07 2025,145
Wed Mar  5 12:10:07 2025,146
Wed Mar  5 12:11:07 2025,143
Wed Mar  5 12:12:07 2025,142
Wed Mar  5 12:13:07 2025,126
Wed Mar  5 12:14:07 2025,127
Wed Mar  5 12:15:07 2025,128
Wed Mar  5 12:16:07 2025,130
Wed Mar  5 12:17:07 2025,129
Wed Mar  5 12:18:07 2025,130
Wed Mar  5 12:19:07 2025,133
Wed Mar  5 12:20:07 2025,134
Wed Mar  5 12:21:07 2025,137
Wed Mar  5 12:22:07 2025,137
Wed Mar  5 12:23:07 2025,137
Wed Mar  5 12:24:07 2025,137
Wed Mar  5 12:25:07 2025,139
Wed Mar  5 12:26:07 2025,140
Wed Mar  5 12:27:07 2025,142
Wed Mar  5 12:28:07 2025,144
Wed Mar  5 12:29:07 2025,146
Wed Mar  5 12:30:07 2025,144
Wed Mar  5 12:31:07 2025,145
Wed Mar  5 12:32:07 2025,143
Wed Mar  5 12:33:07 2025,144
Wed Mar  5 12:34:07 2025,139
Wed Mar  5 12:35:07 2025,139
Wed Mar  5 12:36:07 2025,136
Wed Mar  5 12:37:07 2025,136
Wed Mar  5 12:38:07 2025,138
Wed Mar  5 12:39:07 2025,138
Wed Mar  5 12:40:08 2025,137
Wed Mar  5 12:41:07 2025,136
Wed Mar  5 12:42:07 2025,138
Wed Mar  5 12:43:07 2025,142
Wed Mar  5 12:44:07 2025,143
Wed Mar  5 12:45:07 2025,144
Wed Mar  5 12:46:07 2025,145
Wed Mar  5 12:47:07 2025,145
Wed Mar  5 12:48:07 2025,146
Wed Mar  5 12:49:07 2025,145
Wed Mar  5 12:50:08 2025,145
Wed Mar  5 12:51:07 2025,147
Wed Mar  5 12:52:07 2025,149
Wed Mar  5 12:53:07 2025,151
Wed Mar  5 12:54:07 2025,150
Wed Mar  5 12:55:07 2025,149
Wed Mar  5 12:56:07 2025,145
Wed Mar  5 12:57:07 2025,146
Wed Mar  5 12:58:07 2025,145
Wed Mar  5 12:59:07 2025,143
Wed Mar  5 13:00:08 2025,-
Wed Mar  5 13:01:07 2025,139
Wed Mar  5 13:02:07 2025,141
Wed Mar  5 13:03:06 2025,144
Wed Mar  5 13:04:07 2025,147
Wed Mar  5 13:05:07 2025,146
Wed Mar  5 13:06:07 2025,145
Wed Mar  5 13:07:07 2025,145
Wed Mar  5 13:08:07 2025,142
Wed Mar  5 13:09:07 2025,143
Wed Mar  5 13:10:07 2025,138
Wed Mar  5 13:11:07 2025,-
Wed Mar  5 13:12:07 2025,135
Wed Mar  5 13:13:07 2025,135
Wed Mar  5 13:14:07 2025,134
Wed Mar  5 13:15:08 2025,132
Wed Mar  5 13:16:07 2025,130
Wed Mar  5 13:17:07 2025,130
Wed Mar  5 13:18:07 2025,131
Wed Mar  5 13:19:07 2025,128
Wed Mar  5 13:20:07 2025,124
Wed Mar  5 13:21:07 2025,124
Wed Mar  5 13:22:07 2025,123
Wed Mar  5 13:23:07 2025,125
Wed Mar  5 13:24:07 2025,126
Wed Mar  5 13:25:07 2025,125
Wed Mar  5 13:26:07 2025,123
Wed Mar  5 13:27:07 2025,120
Wed Mar  5 13:28:07 2025,117
Wed Mar  5 13:29:07 2025,118
Wed Mar  5 13:30:07 2025,116
Wed Mar  5 13:31:07 2025,112
Wed Mar  5 13:32:07 2025,113
Wed Mar  5 13:33:08 2025,111
Wed Mar  5 13:34:07 2025,113
Wed Mar  5 13:35:07 2025,109
Wed Mar  5 13:36:07 2025,110
Wed Mar  5 13:37:07 2025,110
Wed Mar  5 13:38:07 2025,109
Wed Mar  5 13:39:09 2025,109
Wed Mar  5 14:16:57 2025,88
Wed Mar  5 14:17:06 2025,88
Wed Mar  5 14:18:07 2025,90
Wed Mar  5 14:19:06 2025,90
Wed Mar  5 14:20:07 2025,92
Wed Mar  5 14:21:08 2025,93
Wed Mar  5 14:22:07 2025,94
Wed Mar  5 14:23:07 2025,95
Wed Mar  5 14:24:07 2025,96
Wed Mar  5 14:25:09 2025,98
Wed Mar  5 14:26:06 2025,102
Wed Mar  5 14:27:07 2025,101
Wed Mar  5 14:28:06 2025,100
Wed Mar  5 14:29:06 2025,100
Wed Mar  5 14:30:07 2025,100
Wed Mar  5 14:31:07 2025,100
Wed Mar  5 14:32:07 2025,100
Wed Mar  5 14:33:07 2025,102
Wed Mar  5 14:34:06 2025,102
Wed Mar  5 14:35:07 2025,102
Wed Mar  5 14:36:07 2025,99
Wed Mar  5 14:37:07 2025,99
Wed Mar  5 14:38:06 2025,100
Wed Mar  5 14:39:07 2025,102
Wed Mar  5 14:40:07 2025,102
Wed Mar  5 14:41:07 2025,102
Wed Mar  5 14:42:07 2025,103
Wed Mar  5 14:43:07 2025,103
Wed Mar  5 14:44:07 2025,102
Wed Mar  5 14:45:08 2025,104
Wed Mar  5 14:46:07 2025,-
Wed Mar  5 14:47:21 2025,103
Wed Mar  5 14:48:06 2025,99
Wed Mar  5 14:49:07 2025,97
Wed Mar  5 14:50:08 2025,98
Wed Mar  5 14:51:06 2025,98
Wed Mar  5 14:52:07 2025,97
Wed Mar  5 14:53:06 2025,98
Wed Mar  5 14:54:07 2025,99
Wed Mar  5 14:55:06 2025,96
Wed Mar  5 14:56:07 2025,99
Wed Mar  5 14:57:07 2025,99
Wed Mar  5 14:58:06 2025,98
Wed Mar  5 14:59:07 2025,100
Wed Mar  5 15:00:07 2025,-
Wed Mar  5 15:01:06 2025,101
Wed Mar  5 15:02:07 2025,98
Wed Mar  5 15:03:07 2025,97
Wed Mar  5 15:04:07 2025,96
Wed Mar  5 15:05:07 2025,100
Wed Mar  5 15:06:06 2025,97
Wed Mar  5 15:07:07 2025,96
Wed Mar  5 15:08:07 2025,97
Wed Mar  5 15:09:07 2025,99
Wed Mar  5 15:10:11 2025,99
Wed Mar  5 15:11:06 2025,102
Wed Mar  5 15:12:07 2025,103
Wed Mar  5 15:13:06 2025,101
Wed Mar  5 15:14:07 2025,100
Wed Mar  5 15:15:06 2025,98
Wed Mar  5 15:16:07 2025,94
Wed Mar  5 15:17:07 2025,96
Wed Mar  5 15:18:06 2025,96
Wed Mar  5 15:19:07 2025,99
Wed Mar  5 15:20:06 2025,101
Wed Mar  5 15:21:07 2025,101
Wed Mar  5 15:22:07 2025,99
Wed Mar  5 15:23:06 2025,98
Wed Mar  5 15:24:38 2025,98
Wed Mar  5 15:25:08 2025,98
Wed Mar  5 15:26:07 2025,97
Wed Mar  5 15:27:07 2025,96
Wed Mar  5 15:28:07 2025,95
Wed Mar  5 15:29:07 2025,91
Wed Mar  5 15:30:08 2025,92
Wed Mar  5 15:31:07 2025,94
Wed Mar  5 15:32:07 2025,95
Wed Mar  5 15:33:07 2025,99
Wed Mar  5 15:34:07 2025,99
Wed Mar  5 15:35:07 2025,99
Wed Mar  5 15:36:07 2025,95
Wed Mar  5 15:37:07 2025,94
Wed Mar  5 15:38:07 2025,94
Wed Mar  5 15:39:07 2025,93
Wed Mar  5 15:40:07 2025,95
Wed Mar  5 15:41:07 2025,93
Wed Mar  5 15:42:08 2025,95
Wed Mar  5 15:43:07 2025,95
Wed Mar  5 15:44:07 2025,96
Wed Mar  5 15:45:08 2025,95
Wed Mar  5 15:46:07 2025,96
Wed Mar  5 15:47:07 2025,97
Wed Mar  5 15:48:08 2025,97
Wed Mar  5 15:49:07 2025,99
Wed Mar  5 15:50:07 2025,-
Wed Mar  5 15:51:07 2025,103
Wed Mar  5 15:52:07 2025,102
Wed Mar  5 15:53:07 2025,103
Wed Mar  5 15:54:07 2025,105
Wed Mar  5 15:55:07 2025,106
Thu Mar  6 09:13:52 2025,
Thu Mar  6 09:14:07 2025,100
Thu Mar  6 09:15:07 2025,100
Thu Mar  6 09:16:07 2025,101
Thu Mar  6 09:17:07 2025,100
Thu Mar  6 09:18:07 2025,99
Thu Mar  6 09:19:08 2025,99
Thu Mar  6 09:20:07 2025,100
Thu Mar  6 09:21:07 2025,98
Thu Mar  6 09:22:07 2025,97
Thu Mar  6 09:23:07 2025,98
Thu Mar  6 09:24:07 2025,101
Thu Mar  6 09:25:07 2025,103
Thu Mar  6 09:26:07 2025,103
Thu Mar  6 09:27:07 2025,86
Thu Mar  6 09:28:07 2025,85
Thu Mar  6 09:29:07 2025,87
Thu Mar  6 09:30:07 2025,88
Thu Mar  6 09:31:07 2025,89
Thu Mar  6 09:32:11 2025,90
Thu Mar  6 09:33:11 2025,91
Thu Mar  6 09:34:07 2025,90
Thu Mar  6 09:35:11 2025,88
Thu Mar  6 09:36:07 2025,87
Thu Mar  6 09:37:18 2025,87
Thu Mar  6 09:38:09 2025,86
Thu Mar  6 09:39:11 2025,86
Thu Mar  6 09:40:11 2025,84
Thu Mar  6 09:41:11 2025,85
Thu Mar  6 09:42:11 2025,87
Thu Mar  6 09:43:16 2025,-
Thu Mar  6 09:44:12 2025,87
Thu Mar  6 09:45:07 2025,86
Thu Mar  6 09:46:07 2025,82
Thu Mar  6 09:47:11 2025,82
Thu Mar  6 09:48:07 2025,81
Thu Mar  6 09:49:15 2025,80
Thu Mar  6 09:50:07 2025,77
Thu Mar  6 09:51:07 2025,76
Thu Mar  6 09:52:07 2025,78
Thu Mar  6 09:53:07 2025,78
Thu Mar  6 09:54:07 2025,81
Thu Mar  6 09:55:07 2025,81
Thu Mar  6 09:56:07 2025,82
Thu Mar  6 09:57:07 2025,82
Thu Mar  6 09:58:07 2025,82
Thu Mar  6 09:59:07 2025,81
Thu Mar  6 10:00:07 2025,-
Thu Mar  6 10:01:07 2025,84
Thu Mar  6 10:02:07 2025,86
Thu Mar  6 10:03:07 2025,87
Thu Mar  6 10:04:07 2025,87
Thu Mar  6 10:05:07 2025,89
Thu Mar  6 10:06:07 2025,91
Thu Mar  6 10:07:07 2025,107
Thu Mar  6 10:08:07 2025,111
Thu Mar  6 10:09:07 2025,112
Thu Mar  6 10:10:07 2025,114
Thu Mar  6 10:11:07 2025,114
Thu Mar  6 10:12:07 2025,115
Thu Mar  6 10:13:08 2025,113
Thu Mar  6 10:14:07 2025,112
Thu Mar  6 10:15:07 2025,111
Thu Mar  6 10:16:07 2025,111
Thu Mar  6 10:17:07 2025,112
Thu Mar  6 10:18:07 2025,112
Thu Mar  6 10:19:07 2025,115
Thu Mar  6 10:20:07 2025,113
Thu Mar  6 10:21:07 2025,113
Thu Mar  6 10:22:07 2025,113
Thu Mar  6 10:23:07 2025,101
Thu Mar  6 10:24:08 2025,102
Thu Mar  6 10:25:07 2025,107
Thu Mar  6 10:26:07 2025,107
Thu Mar  6 10:27:09 2025,107
Thu Mar  6 10:28:10 2025,107
Thu Mar  6 10:29:06 2025,108
Thu Mar  6 10:30:07 2025,108
Thu Mar  6 10:31:08 2025,108
Thu Mar  6 10:32:07 2025,110
Thu Mar  6 10:33:07 2025,110
Thu Mar  6 10:34:07 2025,109
Thu Mar  6 10:35:07 2025,110
Thu Mar  6 10:36:11 2025,110
Thu Mar  6 10:37:07 2025,111
Thu Mar  6 10:38:07 2025,121
Thu Mar  6 10:39:10 2025,123
Thu Mar  6 10:40:07 2025,123
Thu Mar  6 10:41:07 2025,123
Thu Mar  6 10:42:07 2025,119
Thu Mar  6 10:43:07 2025,118
Thu Mar  6 10:44:07 2025,119
Thu Mar  6 10:45:08 2025,116
Thu Mar  6 10:46:07 2025,117
Thu Mar  6 10:47:09 2025,115
Thu Mar  6 10:48:07 2025,115
Thu Mar  6 10:49:07 2025,117
Thu Mar  6 10:50:07 2025,116
Thu Mar  6 10:51:07 2025,116
Thu Mar  6 10:52:07 2025,115
Thu Mar  6 10:53:07 2025,115
Thu Mar  6 10:54:07 2025,113
Thu Mar  6 10:55:07 2025,111
Thu Mar  6 10:56:07 2025,114
Thu Mar  6 10:57:07 2025,111
Thu Mar  6 10:58:07 2025,111
Thu Mar  6 10:59:07 2025,110
Thu Mar  6 11:00:07 2025,-
Thu Mar  6 11:01:08 2025,105
Thu Mar  6 11:02:07 2025,107
Thu Mar  6 11:03:07 2025,108
Thu Mar  6 11:04:07 2025,110
Thu Mar  6 11:05:07 2025,109
Thu Mar  6 11:06:07 2025,108
Thu Mar  6 11:07:07 2025,110
Thu Mar  6 11:08:08 2025,110
Thu Mar  6 11:09:08 2025,113
Thu Mar  6 11:10:07 2025,113
Thu Mar  6 11:11:07 2025,112
Thu Mar  6 11:12:07 2025,113
Thu Mar  6 11:13:07 2025,110
Thu Mar  6 11:14:07 2025,109
Thu Mar  6 11:28:24 2025,95
Thu Mar  6 11:29:07 2025,95
Thu Mar  6 11:30:07 2025,94
Thu Mar  6 11:31:07 2025,94
Thu Mar  6 11:32:07 2025,84
Thu Mar  6 11:33:08 2025,86
Thu Mar  6 11:34:07 2025,88
Thu Mar  6 11:35:07 2025,86
Thu Mar  6 11:36:12 2025,85
Thu Mar  6 11:37:07 2025,86
Thu Mar  6 11:38:07 2025,86
Thu Mar  6 11:39:07 2025,86
Thu Mar  6 11:40:07 2025,86
Thu Mar  6 11:41:08 2025,84
Thu Mar  6 11:42:07 2025,84
Thu Mar  6 11:43:07 2025,85
Thu Mar  6 11:44:07 2025,86
Thu Mar  6 11:45:07 2025,85
Thu Mar  6 11:46:07 2025,85
Thu Mar  6 11:47:07 2025,85
Thu Mar  6 11:48:07 2025,86
Thu Mar  6 11:49:06 2025,83
Thu Mar  6 11:50:07 2025,84
Thu Mar  6 11:51:06 2025,87
Thu Mar  6 11:52:07 2025,87
Thu Mar  6 11:53:07 2025,89
Thu Mar  6 11:54:07 2025,94
Thu Mar  6 11:55:07 2025,96
Thu Mar  6 11:56:07 2025,96
Thu Mar  6 11:57:07 2025,100
Thu Mar  6 11:58:07 2025,102
Thu Mar  6 11:59:07 2025,104
Thu Mar  6 12:00:07 2025,-
Thu Mar  6 12:01:07 2025,104
Thu Mar  6 12:02:09 2025,104
Thu Mar  6 13:18:47 2025,80
Thu Mar  6 13:19:07 2025,81
Thu Mar  6 13:20:07 2025,88
Thu Mar  6 13:21:07 2025,90
Thu Mar  6 13:22:07 2025,88
Thu Mar  6 13:23:07 2025,87
Thu Mar  6 13:24:07 2025,90
Thu Mar  6 13:26:07 2025,90
Thu Mar  6 13:27:07 2025,90
Thu Mar  6 13:28:07 2025,89
Thu Mar  6 13:29:08 2025,84
Thu Mar  6 13:30:09 2025,85
Thu Mar  6 13:31:08 2025,87
Thu Mar  6 13:32:07 2025,86
Thu Mar  6 13:33:07 2025,86
Thu Mar  6 13:34:07 2025,87
Thu Mar  6 13:35:09 2025,86
Thu Mar  6 13:36:07 2025,84
Thu Mar  6 13:37:07 2025,84
Thu Mar  6 13:38:07 2025,86
Thu Mar  6 13:39:07 2025,85
Thu Mar  6 13:40:08 2025,84
Thu Mar  6 13:41:07 2025,79
Thu Mar  6 13:42:07 2025,80
Thu Mar  6 13:43:07 2025,82
Thu Mar  6 13:44:07 2025,81
Thu Mar  6 13:45:07 2025,-
Thu Mar  6 13:46:07 2025,80
Thu Mar  6 13:47:07 2025,83
Thu Mar  6 13:48:07 2025,83
Thu Mar  6 13:49:07 2025,81
Thu Mar  6 13:50:07 2025,80
Thu Mar  6 13:51:07 2025,81
Thu Mar  6 13:52:07 2025,81
Thu Mar  6 13:53:07 2025,83
Thu Mar  6 13:54:07 2025,85
Thu Mar  6 13:55:08 2025,85
Thu Mar  6 13:56:07 2025,85
Thu Mar  6 13:57:07 2025,83
Thu Mar  6 13:58:07 2025,81
Thu Mar  6 13:59:07 2025,80
Thu Mar  6 14:00:07 2025,-
Thu Mar  6 14:01:08 2025,95
Thu Mar  6 14:02:07 2025,94
Thu Mar  6 14:03:23 2025,93
Thu Mar  6 14:32:36 2025,93
Thu Mar  6 14:33:08 2025,96
Thu Mar  6 14:34:08 2025,93
Thu Mar  6 14:35:07 2025,-
Thu Mar  6 14:36:07 2025,93
Thu Mar  6 14:37:07 2025,94
Thu Mar  6 14:38:07 2025,88
Thu Mar  6 14:39:07 2025,89
Thu Mar  6 14:40:08 2025,86
Thu Mar  6 14:41:07 2025,87
Thu Mar  6 14:42:07 2025,85
Thu Mar  6 14:43:07 2025,85
Thu Mar  6 14:44:07 2025,86
Thu Mar  6 14:45:07 2025,85
Thu Mar  6 14:46:07 2025,83
Thu Mar  6 14:47:07 2025,84
Thu Mar  6 14:48:07 2025,81
Thu Mar  6 14:50:07 2025,78
Thu Mar  6 14:51:07 2025,80
Thu Mar  6 14:52:08 2025,80
Thu Mar  6 14:53:07 2025,78
Thu Mar  6 14:54:07 2025,78
Thu Mar  6 14:55:07 2025,80
Thu Mar  6 14:56:07 2025,79
Thu Mar  6 14:57:07 2025,94
Thu Mar  6 14:58:07 2025,94
Thu Mar  6 14:59:07 2025,92
Thu Mar  6 15:00:07 2025,-
Thu Mar  6 15:01:08 2025,77
Thu Mar  6 15:02:07 2025,75
Thu Mar  6 15:03:07 2025,75
Thu Mar  6 15:04:07 2025,75
Thu Mar  6 15:05:07 2025,78
Thu Mar  6 15:06:08 2025,77
Thu Mar  6 15:07:07 2025,78
Thu Mar  6 15:08:08 2025,76
Thu Mar  6 15:09:07 2025,77
Thu Mar  6 15:10:07 2025,73
Thu Mar  6 15:11:07 2025,73
Thu Mar  6 15:12:07 2025,71
Thu Mar  6 15:13:07 2025,70
Thu Mar  6 15:14:07 2025,68
Thu Mar  6 15:15:07 2025,68
Thu Mar  6 15:16:07 2025,66
Thu Mar  6 15:17:07 2025,69
Thu Mar  6 15:43:55 2025,-
Thu Mar  6 15:44:07 2025,77
Thu Mar  6 15:45:07 2025,78
Thu Mar  6 15:46:08 2025,80
Thu Mar  6 15:47:09 2025,81
Thu Mar  6 15:48:07 2025,80
Thu Mar  6 15:49:07 2025,80
Thu Mar  6 15:50:07 2025,83
Thu Mar  6 15:51:07 2025,83
Thu Mar  6 15:52:07 2025,84
Thu Mar  6 15:53:07 2025,84
Thu Mar  6 15:54:07 2025,87
Thu Mar  6 15:55:07 2025,90
Thu Mar  6 15:56:07 2025,89
Thu Mar  6 15:57:07 2025,90
Thu Mar  6 15:58:07 2025,89
Thu Mar  6 15:59:08 2025,88
Thu Mar  6 16:00:07 2025,-
Thu Mar  6 16:01:07 2025,90
Thu Mar  6 16:02:07 2025,93
Thu Mar  6 16:03:07 2025,94
Thu Mar  6 16:04:07 2025,94
Thu Mar  6 16:05:07 2025,96
Thu Mar  6 16:06:08 2025,97
Thu Mar  6 16:07:07 2025,102
Thu Mar  6 16:08:07 2025,101
Thu Mar  6 16:09:07 2025,101
Thu Mar  6 16:10:07 2025,102
Thu Mar  6 16:11:07 2025,101
Thu Mar  6 16:12:07 2025,101
Thu Mar  6 16:13:07 2025,84
Thu Mar  6 16:14:07 2025,81
Thu Mar  6 16:15:07 2025,81
Thu Mar  6 16:16:07 2025,79
Thu Mar  6 16:17:07 2025,82
Thu Mar  6 16:18:07 2025,84
Thu Mar  6 16:19:07 2025,87
Thu Mar  6 16:20:07 2025,83
Thu Mar  6 16:21:07 2025,82
Thu Mar  6 16:22:08 2025,81
Thu Mar  6 16:23:09 2025,82
Thu Mar  6 16:24:07 2025,83
Thu Mar  6 16:25:07 2025,84
Thu Mar  6 16:26:07 2025,91
Thu Mar  6 16:27:07 2025,89
Thu Mar  6 16:28:07 2025,90
Thu Mar  6 16:29:07 2025,92
Thu Mar  6 16:30:07 2025,95
Thu Mar  6 16:31:07 2025,97
Thu Mar  6 16:32:07 2025,97
Thu Mar  6 16:33:07 2025,97
Thu Mar  6 16:34:07 2025,99
Thu Mar  6 16:35:08 2025,100
Thu Mar  6 16:36:07 2025,100
Thu Mar  6 16:37:07 2025,102
Thu Mar  6 16:38:07 2025,101
Thu Mar  6 16:39:07 2025,99
Thu Mar  6 16:40:07 2025,100
Thu Mar  6 16:41:07 2025,99
Thu Mar  6 16:42:07 2025,103
Thu Mar  6 16:43:07 2025,103
Thu Mar  6 16:44:07 2025,-
Thu Mar  6 16:45:08 2025,105
Thu Mar  6 16:46:07 2025,106
Thu Mar  6 16:47:07 2025,104
Thu Mar  6 16:48:07 2025,104
Thu Mar  6 16:49:07 2025,108
Thu Mar  6 16:50:07 2025,110
Thu Mar  6 16:51:07 2025,111
Thu Mar  6 16:52:07 2025,114
Thu Mar  6 16:53:07 2025,115
Thu Mar  6 16:54:07 2025,120
Thu Mar  6 16:55:07 2025,119
Thu Mar  6 16:56:07 2025,119
Thu Mar  6 16:57:07 2025,122
Thu Mar  6 16:58:07 2025,122
Thu Mar  6 16:59:07 2025,120
Thu Mar  6 17:00:07 2025,-
Thu Mar  6 17:01:07 2025,122
Thu Mar  6 17:02:07 2025,122
Fri Mar  7 09:03:25 2025,142
Fri Mar  7 09:13:17 2025,151
Fri Mar  7 09:26:48 2025,157
Fri Mar  7 09:27:07 2025,156
Fri Mar  7 09:28:08 2025,153
Fri Mar  7 09:29:07 2025,152
Fri Mar  7 09:31:20 2025,127
Fri Mar  7 09:32:08 2025,126
Fri Mar  7 09:33:07 2025,128
Fri Mar  7 09:34:08 2025,123
Fri Mar  7 09:35:07 2025,120
Fri Mar  7 09:36:07 2025,122
Fri Mar  7 09:37:07 2025,122
Fri Mar  7 09:38:07 2025,122
Fri Mar  7 09:39:07 2025,124
Fri Mar  7 09:40:08 2025,130
Fri Mar  7 09:41:08 2025,128
Fri Mar  7 09:42:07 2025,129
Fri Mar  7 09:43:08 2025,130
Fri Mar  7 09:44:07 2025,132
Fri Mar  7 09:45:07 2025,133
Fri Mar  7 09:46:07 2025,135
Fri Mar  7 09:47:07 2025,134
Fri Mar  7 09:48:12 2025,133
Fri Mar  7 09:49:06 2025,132
Fri Mar  7 09:50:07 2025,132
Fri Mar  7 09:51:08 2025,133
Fri Mar  7 09:52:07 2025,134
Fri Mar  7 09:53:08 2025,131
Fri Mar  7 09:54:07 2025,131
Fri Mar  7 09:55:08 2025,131
Fri Mar  7 09:56:08 2025,133
Fri Mar  7 09:57:07 2025,132
Fri Mar  7 09:58:07 2025,129
Fri Mar  7 09:59:10 2025,131
Fri Mar  7 10:00:07 2025,-
Fri Mar  7 10:01:07 2025,145
Fri Mar  7 10:02:07 2025,146
Fri Mar  7 10:03:07 2025,146
Fri Mar  7 10:04:08 2025,149
Fri Mar  7 10:05:06 2025,150
Fri Mar  7 10:06:07 2025,151
Fri Mar  7 10:07:07 2025,150
Fri Mar  7 10:08:07 2025,150
Fri Mar  7 10:09:07 2025,150
Fri Mar  7 10:10:07 2025,152
Fri Mar  7 10:11:07 2025,152
Fri Mar  7 10:12:07 2025,169
Fri Mar  7 10:13:07 2025,164
Fri Mar  7 10:14:07 2025,162
Fri Mar  7 10:15:07 2025,158
Fri Mar  7 10:16:07 2025,147
Fri Mar  7 10:17:07 2025,145
Fri Mar  7 10:18:07 2025,146
Fri Mar  7 10:19:07 2025,142
Fri Mar  7 10:20:08 2025,140
Fri Mar  7 10:21:07 2025,139
Fri Mar  7 10:22:07 2025,140
Fri Mar  7 10:23:07 2025,135
Fri Mar  7 10:24:07 2025,132
Fri Mar  7 10:25:07 2025,132
Fri Mar  7 10:26:07 2025,132
Fri Mar  7 10:27:08 2025,132
Fri Mar  7 10:28:07 2025,134
Fri Mar  7 10:29:07 2025,123
Fri Mar  7 10:30:07 2025,123
Fri Mar  7 10:31:07 2025,121
Fri Mar  7 10:32:07 2025,120
Fri Mar  7 10:33:07 2025,121
Fri Mar  7 10:34:07 2025,123
Fri Mar  7 10:35:07 2025,124
Fri Mar  7 10:36:06 2025,119
Fri Mar  7 10:37:08 2025,119
Fri Mar  7 10:38:09 2025,118
Fri Mar  7 10:39:07 2025,117
Fri Mar  7 10:40:07 2025,-
Fri Mar  7 10:41:07 2025,-
Fri Mar  7 10:42:07 2025,115
Fri Mar  7 10:43:07 2025,115
Fri Mar  7 10:44:07 2025,-
Fri Mar  7 10:45:08 2025,111
Fri Mar  7 10:46:07 2025,113
Fri Mar  7 10:47:07 2025,112
Fri Mar  7 10:48:07 2025,-
Fri Mar  7 10:49:07 2025,-
Fri Mar  7 10:50:08 2025,133
Fri Mar  7 10:51:07 2025,-
Fri Mar  7 10:52:07 2025,-
Fri Mar  7 10:53:08 2025,134
Fri Mar  7 10:54:07 2025,139
Fri Mar  7 10:55:08 2025,140
Fri Mar  7 10:56:08 2025,139
Fri Mar  7 10:57:08 2025,138
Fri Mar  7 10:58:07 2025,-
Fri Mar  7 10:59:07 2025,-
Fri Mar  7 11:00:08 2025,-
Fri Mar  7 11:01:08 2025,136
Fri Mar  7 11:02:07 2025,138
Fri Mar  7 11:03:07 2025,-
Fri Mar  7 11:04:07 2025,-
Fri Mar  7 11:05:07 2025,-
Fri Mar  7 11:06:07 2025,133
Fri Mar  7 11:07:07 2025,-
Fri Mar  7 11:08:08 2025,144
Fri Mar  7 11:09:07 2025,-
Fri Mar  7 11:10:08 2025,145
Fri Mar  7 11:11:10 2025,149
Fri Mar  7 11:12:06 2025,-
Fri Mar  7 11:13:08 2025,150
Fri Mar  7 11:14:07 2025,-
Fri Mar  7 11:15:09 2025,150
Fri Mar  7 11:16:09 2025,150
Fri Mar  7 11:17:07 2025,151
Fri Mar  7 11:18:07 2025,130
Fri Mar  7 11:19:07 2025,-
Fri Mar  7 11:20:08 2025,126
Fri Mar  7 11:21:07 2025,-
Fri Mar  7 11:22:07 2025,-
Fri Mar  7 11:23:07 2025,104
Fri Mar  7 11:24:07 2025,-
Fri Mar  7 11:25:07 2025,-
Fri Mar  7 11:26:07 2025,104
Fri Mar  7 11:27:08 2025,105
Fri Mar  7 11:28:07 2025,107
Fri Mar  7 11:29:09 2025,105
Fri Mar  7 11:30:07 2025,106
Fri Mar  7 11:31:07 2025,-
Fri Mar  7 11:32:07 2025,104
Fri Mar  7 11:33:07 2025,105
Fri Mar  7 11:34:07 2025,107
Fri Mar  7 11:35:08 2025,110
Fri Mar  7 11:50:52 2025,122
Fri Mar  7 11:51:06 2025,-
Fri Mar  7 11:52:07 2025,123
Fri Mar  7 11:53:07 2025,125
Fri Mar  7 11:54:07 2025,-
Fri Mar  7 11:55:07 2025,129
Fri Mar  7 11:56:07 2025,130
Fri Mar  7 11:57:07 2025,133
Fri Mar  7 11:58:07 2025,-
Fri Mar  7 11:59:07 2025,139
Fri Mar  7 12:00:08 2025,-
Fri Mar  7 12:01:07 2025,142
Fri Mar  7 12:02:07 2025,-
Fri Mar  7 12:03:06 2025,123
Fri Mar  7 12:04:07 2025,-
Fri Mar  7 12:05:07 2025,125
Fri Mar  7 12:06:07 2025,-
Fri Mar  7 12:07:07 2025,121
Fri Mar  7 12:08:07 2025,-
Fri Mar  7 12:09:07 2025,-
Fri Mar  7 12:10:07 2025,122
Fri Mar  7 12:26:11 2025,139
Fri Mar  7 12:43:52 2025,131
Fri Mar  7 12:44:06 2025,-
Fri Mar  7 12:45:07 2025,133
Fri Mar  7 12:46:07 2025,135
Fri Mar  7 12:47:07 2025,135
Fri Mar  7 12:48:07 2025,136
Fri Mar  7 12:49:07 2025,139
Fri Mar  7 12:50:07 2025,-
Fri Mar  7 12:51:07 2025,135
Fri Mar  7 12:52:07 2025,-
Fri Mar  7 12:53:07 2025,137
Fri Mar  7 12:54:09 2025,137
Fri Mar  7 12:55:07 2025,138
Fri Mar  7 12:56:07 2025,137
Fri Mar  7 12:57:07 2025,139
Fri Mar  7 12:58:07 2025,144
Fri Mar  7 12:59:07 2025,145
Fri Mar  7 13:00:09 2025,-
Fri Mar  7 13:01:07 2025,-
Fri Mar  7 13:02:08 2025,142
Fri Mar  7 13:03:07 2025,-
Fri Mar  7 13:04:07 2025,-
Fri Mar  7 13:05:07 2025,-
Fri Mar  7 13:06:12 2025,144
Fri Mar  7 13:07:07 2025,-
Fri Mar  7 13:08:07 2025,-
Fri Mar  7 13:09:07 2025,-
Fri Mar  7 13:10:07 2025,-
Fri Mar  7 13:11:07 2025,145
Fri Mar  7 13:12:07 2025,-
Fri Mar  7 13:13:06 2025,-
Fri Mar  7 13:14:07 2025,138
Fri Mar  7 13:15:07 2025,-
Fri Mar  7 13:16:07 2025,-
Fri Mar  7 13:17:08 2025,136
Fri Mar  7 13:18:07 2025,-
Fri Mar  7 13:19:07 2025,135
Fri Mar  7 13:20:08 2025,135
Fri Mar  7 13:21:07 2025,-
Fri Mar  7 13:22:07 2025,133
Fri Mar  7 13:23:08 2025,131
Fri Mar  7 13:24:07 2025,132
Fri Mar  7 13:25:08 2025,135
Fri Mar  7 13:26:07 2025,-
Fri Mar  7 13:27:07 2025,134
Fri Mar  7 13:28:07 2025,-
Fri Mar  7 13:29:07 2025,133
Fri Mar  7 13:30:07 2025,-
Fri Mar  7 13:31:07 2025,128
Fri Mar  7 13:32:07 2025,125
Fri Mar  7 13:33:33 2025,147
Fri Mar  7 13:34:07 2025,-
Fri Mar  7 13:35:07 2025,147
Fri Mar  7 13:36:07 2025,145
Fri Mar  7 13:37:08 2025,150
Fri Mar  7 13:38:12 2025,-
Fri Mar  7 13:39:07 2025,156
Fri Mar  7 13:40:07 2025,-
Fri Mar  7 13:41:07 2025,157
Fri Mar  7 13:42:07 2025,161
Fri Mar  7 13:43:07 2025,160
Fri Mar  7 13:44:07 2025,159
Fri Mar  7 13:45:07 2025,157
Fri Mar  7 13:46:07 2025,-
Fri Mar  7 13:47:07 2025,157
Fri Mar  7 13:48:07 2025,157
Fri Mar  7 13:49:07 2025,-
Fri Mar  7 13:50:08 2025,155
Fri Mar  7 13:51:07 2025,155
Fri Mar  7 13:52:07 2025,151
Fri Mar  7 13:53:07 2025,-
Fri Mar  7 13:54:07 2025,-
Fri Mar  7 13:55:09 2025,149
Fri Mar  7 13:56:08 2025,149
Fri Mar  7 13:57:07 2025,148
Fri Mar  7 13:58:07 2025,-
Fri Mar  7 13:59:07 2025,146
Fri Mar  7 14:00:07 2025,-
Fri Mar  7 14:01:07 2025,148
Fri Mar  7 14:02:07 2025,-
Fri Mar  7 14:03:08 2025,-
Fri Mar  7 14:04:07 2025,-
Fri Mar  7 14:05:07 2025,-
Fri Mar  7 14:06:07 2025,-
Fri Mar  7 14:07:07 2025,-
Fri Mar  7 14:08:07 2025,147
Fri Mar  7 14:09:07 2025,-
Fri Mar  7 14:10:07 2025,-
Fri Mar  7 14:11:08 2025,146
Fri Mar  7 14:12:07 2025,143
Fri Mar  7 14:13:10 2025,140
Fri Mar  7 14:14:07 2025,-
Fri Mar  7 14:15:07 2025,-
Fri Mar  7 14:16:07 2025,-
Fri Mar  7 14:17:07 2025,-
Fri Mar  7 14:18:07 2025,-
Fri Mar  7 14:19:08 2025,127
Fri Mar  7 14:20:08 2025,127
Fri Mar  7 14:21:07 2025,127
Fri Mar  7 14:22:07 2025,-
Fri Mar  7 14:23:08 2025,128
Fri Mar  7 14:24:07 2025,-
Fri Mar  7 14:25:07 2025,-
Fri Mar  7 14:26:08 2025,172
Fri Mar  7 14:27:07 2025,170
Fri Mar  7 14:28:07 2025,-
Fri Mar  7 14:29:07 2025,-
Fri Mar  7 14:30:07 2025,-
Fri Mar  7 14:31:07 2025,-
Fri Mar  7 14:32:07 2025,-
Fri Mar  7 14:33:07 2025,-
Fri Mar  7 14:34:07 2025,166
Fri Mar  7 14:35:07 2025,166
Fri Mar  7 14:36:07 2025,-
Fri Mar  7 14:37:07 2025,169
Fri Mar  7 14:38:07 2025,170
Fri Mar  7 14:39:07 2025,174
Fri Mar  7 14:40:08 2025,172
Fri Mar  7 14:41:07 2025,173
Fri Mar  7 14:42:07 2025,175
Fri Mar  7 14:43:07 2025,177
Fri Mar  7 14:44:07 2025,175
Fri Mar  7 14:45:07 2025,177
Fri Mar  7 14:46:08 2025,174
Fri Mar  7 14:47:07 2025,153
Fri Mar  7 14:48:07 2025,-
Fri Mar  7 14:49:07 2025,155
Fri Mar  7 14:50:07 2025,-
Fri Mar  7 14:51:07 2025,134
Fri Mar  7 14:52:07 2025,134
Fri Mar  7 14:53:07 2025,132
Fri Mar  7 14:54:07 2025,130
Fri Mar  7 14:55:07 2025,-
Fri Mar  7 14:56:07 2025,-
Fri Mar  7 14:57:07 2025,-
Fri Mar  7 14:58:07 2025,134
Fri Mar  7 14:59:07 2025,134
Fri Mar  7 15:00:07 2025,-
Fri Mar  7 15:01:07 2025,133
Fri Mar  7 15:02:07 2025,-
Fri Mar  7 15:03:08 2025,132
Fri Mar  7 15:04:07 2025,133
Fri Mar  7 15:05:11 2025,133
Fri Mar  7 15:06:08 2025,130
Fri Mar  7 15:07:08 2025,130
Fri Mar  7 15:08:07 2025,132
Fri Mar  7 15:09:08 2025,150
Fri Mar  7 15:10:07 2025,-
Fri Mar  7 15:11:06 2025,-
Fri Mar  7 15:12:07 2025,152
Fri Mar  7 15:13:07 2025,-
Fri Mar  7 15:14:07 2025,-
Fri Mar  7 15:15:09 2025,162
Fri Mar  7 15:16:07 2025,162
Fri Mar  7 15:17:07 2025,-
Fri Mar  7 15:18:10 2025,174
Fri Mar  7 15:19:07 2025,176
Fri Mar  7 15:20:08 2025,175
Fri Mar  7 15:21:07 2025,-
Fri Mar  7 15:22:07 2025,-
Fri Mar  7 15:23:07 2025,-
Fri Mar  7 15:24:14 2025,175
Fri Mar  7 15:25:07 2025,172
Fri Mar  7 15:26:08 2025,171
Fri Mar  7 15:27:07 2025,169
Fri Mar  7 15:28:07 2025,-
Fri Mar  7 15:29:07 2025,166
Fri Mar  7 15:30:07 2025,167
Fri Mar  7 15:31:07 2025,-
Fri Mar  7 15:32:08 2025,168
Fri Mar  7 15:33:07 2025,168
Fri Mar  7 15:34:07 2025,168
Fri Mar  7 15:35:07 2025,170
Fri Mar  7 15:36:07 2025,170
Fri Mar  7 15:37:09 2025,170
Fri Mar  7 15:38:07 2025,168
Fri Mar  7 15:39:07 2025,-
Fri Mar  7 15:40:07 2025,-
Fri Mar  7 15:41:07 2025,142
Fri Mar  7 15:42:07 2025,139
Fri Mar  7 15:43:07 2025,-
Fri Mar  7 15:44:08 2025,135
Fri Mar  7 15:45:08 2025,136
Fri Mar  7 15:46:07 2025,136
Fri Mar  7 15:47:07 2025,-
Fri Mar  7 15:48:07 2025,141
Fri Mar  7 15:49:10 2025,141
Fri Mar  7 15:50:07 2025,-
Fri Mar  7 15:51:07 2025,143
Fri Mar  7 15:52:07 2025,143
Fri Mar  7 15:53:07 2025,142
Fri Mar  7 15:54:07 2025,-
Fri Mar  7 15:55:08 2025,143
Fri Mar  7 15:56:07 2025,141
Fri Mar  7 15:57:07 2025,135
Fri Mar  7 15:58:07 2025,132
Fri Mar  7 15:59:07 2025,133
Fri Mar  7 16:00:07 2025,-
Fri Mar  7 16:01:09 2025,141
Fri Mar  7 16:02:07 2025,142
Fri Mar  7 16:03:07 2025,143
Fri Mar  7 16:04:07 2025,142
Fri Mar  7 16:05:07 2025,148
Fri Mar  7 16:06:08 2025,148
Fri Mar  7 16:07:07 2025,-
Fri Mar  7 16:08:07 2025,150
Fri Mar  7 16:09:07 2025,151
Fri Mar  7 16:25:06 2025,159
Fri Mar  7 16:26:07 2025,161
Fri Mar  7 16:27:07 2025,-
Fri Mar  7 16:28:07 2025,162
Fri Mar  7 16:29:07 2025,164
Fri Mar  7 16:30:08 2025,165
Fri Mar  7 16:31:08 2025,164
Fri Mar  7 16:32:07 2025,167
Fri Mar  7 16:33:09 2025,170
Fri Mar  7 16:34:09 2025,175
Fri Mar  7 16:35:09 2025,175
Fri Mar  7 16:36:07 2025,175
Fri Mar  7 16:37:07 2025,182
Fri Mar  7 16:38:08 2025,181
Fri Mar  7 16:39:07 2025,183
Fri Mar  7 16:40:08 2025,182
Fri Mar  7 16:41:07 2025,182
Fri Mar  7 16:42:06 2025,182
Fri Mar  7 16:43:07 2025,184
Fri Mar  7 16:44:07 2025,183
Fri Mar  7 16:45:07 2025,183
Fri Mar  7 16:46:07 2025,181
Fri Mar  7 16:47:07 2025,181
Fri Mar  7 16:48:07 2025,188
Fri Mar  7 16:49:07 2025,188
Fri Mar  7 16:50:10 2025,189
Fri Mar  7 16:51:07 2025,190
Fri Mar  7 16:52:07 2025,193
Fri Mar  7 16:53:07 2025,196
Fri Mar  7 16:54:07 2025,198
Fri Mar  7 16:55:07 2025,204
Fri Mar  7 16:56:07 2025,203
Fri Mar  7 16:57:07 2025,202
Fri Mar  7 16:58:07 2025,206
Fri Mar  7 16:59:07 2025,205
Fri Mar  7 17:00:07 2025,-
Fri Mar  7 17:01:07 2025,212
Fri Mar  7 17:02:07 2025,213
Fri Mar  7 17:03:07 2025,212
Fri Mar  7 17:04:07 2025,206
Fri Mar  7 17:05:07 2025,204
Fri Mar  7 17:06:08 2025,205
Fri Mar  7 17:07:07 2025,203
Fri Mar  7 17:08:06 2025,198
Fri Mar  7 17:09:08 2025,197
Fri Mar  7 17:10:07 2025,197
Fri Mar  7 17:11:07 2025,196
Fri Mar  7 17:12:06 2025,197
Fri Mar  7 17:13:06 2025,197
Fri Mar  7 17:14:08 2025,192
Fri Mar  7 17:15:07 2025,188
Fri Mar  7 17:16:07 2025,187
Fri Mar  7 17:17:06 2025,186
Fri Mar  7 17:18:07 2025,187
Fri Mar  7 17:36:00 2025,185
Fri Mar  7 17:53:47 2025,206
Fri Mar  7 17:54:08 2025,208
Fri Mar  7 18:11:54 2025,193
Fri Mar  7 18:27:12 2025,176
Fri Mar  7 18:43:18 2025,179
Fri Mar  7 19:42:07 2025,142
Fri Mar  7 19:43:07 2025,141
Fri Mar  7 19:44:07 2025,139
Fri Mar  7 19:45:07 2025,139
Fri Mar  7 19:46:07 2025,137
Fri Mar  7 19:47:07 2025,137
Fri Mar  7 19:48:07 2025,136
Fri Mar  7 19:49:07 2025,137
Fri Mar  7 19:50:07 2025,135
Fri Mar  7 19:51:07 2025,135
Fri Mar  7 19:52:07 2025,137
Fri Mar  7 19:53:08 2025,137
Fri Mar  7 19:54:07 2025,136
Fri Mar  7 19:55:07 2025,133
Fri Mar  7 19:56:08 2025,128
Fri Mar  7 19:57:07 2025,128
Fri Mar  7 19:58:07 2025,126
Fri Mar  7 19:59:07 2025,125
Fri Mar  7 20:00:07 2025,-
Fri Mar  7 20:01:07 2025,122
Fri Mar  7 20:02:07 2025,120
Fri Mar  7 20:03:07 2025,121
Fri Mar  7 20:04:07 2025,121
Fri Mar  7 20:05:07 2025,118
Fri Mar  7 20:06:07 2025,116
Fri Mar  7 20:07:07 2025,113
Fri Mar  7 20:08:07 2025,113
Fri Mar  7 20:09:07 2025,112
Fri Mar  7 20:10:07 2025,111
Fri Mar  7 20:11:07 2025,108
Fri Mar  7 20:12:07 2025,108
Fri Mar  7 20:13:07 2025,108
Fri Mar  7 20:14:07 2025,108
Fri Mar  7 20:15:07 2025,102
Fri Mar  7 20:16:07 2025,103
Fri Mar  7 20:17:07 2025,102
Fri Mar  7 20:18:07 2025,103
Fri Mar  7 20:19:07 2025,101
Fri Mar  7 20:20:07 2025,102
Fri Mar  7 20:21:07 2025,104
Fri Mar  7 20:22:07 2025,101
Fri Mar  7 20:23:07 2025,101
Fri Mar  7 20:24:06 2025,98
Fri Mar  7 20:25:08 2025,100
Fri Mar  7 20:26:07 2025,97
Fri Mar  7 20:27:07 2025,98
Fri Mar  7 20:28:07 2025,98
Fri Mar  7 20:29:07 2025,98
Fri Mar  7 20:30:07 2025,96
Fri Mar  7 20:31:07 2025,95
Fri Mar  7 20:32:07 2025,94
Fri Mar  7 20:33:07 2025,94
Fri Mar  7 20:34:07 2025,96
Fri Mar  7 20:35:07 2025,96
Fri Mar  7 20:36:07 2025,97
Fri Mar  7 20:37:07 2025,98
Fri Mar  7 20:38:07 2025,98
Fri Mar  7 20:39:07 2025,98
Fri Mar  7 20:40:07 2025,98
Fri Mar  7 20:41:07 2025,-
Fri Mar  7 20:42:08 2025,102
Fri Mar  7 20:43:07 2025,101
Fri Mar  7 20:44:07 2025,100
Fri Mar  7 20:45:07 2025,99
Fri Mar  7 20:46:07 2025,97
Fri Mar  7 20:47:07 2025,95
Fri Mar  7 20:48:07 2025,96
Fri Mar  7 20:49:07 2025,93
Fri Mar  7 20:50:07 2025,93
Fri Mar  7 20:51:07 2025,89
Fri Mar  7 20:52:07 2025,86
Fri Mar  7 20:53:07 2025,85
Fri Mar  7 20:54:07 2025,84
Fri Mar  7 20:55:07 2025,83
Fri Mar  7 20:56:07 2025,83
Fri Mar  7 20:57:17 2025,78
Fri Mar  7 20:58:18 2025,77
Fri Mar  7 20:59:07 2025,75
Fri Mar  7 21:00:07 2025,-
Fri Mar  7 21:01:07 2025,75
Fri Mar  7 21:02:06 2025,74
Fri Mar  7 21:03:07 2025,74
Fri Mar  7 21:04:07 2025,70
Fri Mar  7 21:05:07 2025,69
Fri Mar  7 21:06:07 2025,69
Fri Mar  7 21:07:07 2025,69
Fri Mar  7 21:08:07 2025,69
Fri Mar  7 21:09:07 2025,69
Fri Mar  7 21:10:07 2025,68
Fri Mar  7 21:11:07 2025,68
Fri Mar  7 21:12:07 2025,68
Fri Mar  7 21:13:07 2025,69
Fri Mar  7 21:14:07 2025,66
Fri Mar  7 21:15:07 2025,66
Fri Mar  7 21:16:07 2025,65
Fri Mar  7 21:17:07 2025,64
Fri Mar  7 21:18:07 2025,65
Fri Mar  7 21:19:07 2025,63
Fri Mar  7 21:20:07 2025,62
Fri Mar  7 21:21:07 2025,63
Fri Mar  7 21:22:07 2025,63
Fri Mar  7 21:23:07 2025,61
Fri Mar  7 21:24:07 2025,62
Fri Mar  7 21:25:07 2025,62
Fri Mar  7 21:26:07 2025,61
Fri Mar  7 21:27:07 2025,61
Fri Mar  7 21:28:07 2025,60
Fri Mar  7 21:29:07 2025,59
Fri Mar  7 21:30:07 2025,59
Fri Mar  7 21:31:07 2025,59
Fri Mar  7 21:32:07 2025,60
Fri Mar  7 21:33:07 2025,58
Fri Mar  7 21:34:07 2025,55
Fri Mar  7 21:35:07 2025,53
Fri Mar  7 21:36:07 2025,52
Fri Mar  7 21:37:07 2025,-
Fri Mar  7 21:38:07 2025,51
Fri Mar  7 21:39:07 2025,51
Fri Mar  7 21:40:07 2025,47
Fri Mar  7 21:41:07 2025,44
Fri Mar  7 21:42:07 2025,44
Fri Mar  7 21:43:07 2025,44
Fri Mar  7 21:44:07 2025,42
Fri Mar  7 21:45:07 2025,41
Fri Mar  7 21:46:07 2025,41
Fri Mar  7 21:47:07 2025,40
Fri Mar  7 21:48:07 2025,38
Fri Mar  7 21:49:07 2025,33
Fri Mar  7 21:50:07 2025,30
Fri Mar  7 21:51:07 2025,29
Fri Mar  7 21:52:07 2025,27
Fri Mar  7 21:53:07 2025,25
Fri Mar  7 21:54:07 2025,23
Fri Mar  7 21:55:07 2025,24
Fri Mar  7 21:56:07 2025,23
Fri Mar  7 21:57:07 2025,22
Fri Mar  7 21:58:07 2025,21
Fri Mar  7 21:59:07 2025,21
Fri Mar  7 22:00:07 2025,-
Fri Mar  7 22:01:07 2025,18
Fri Mar  7 22:02:07 2025,15
Fri Mar  7 22:03:07 2025,14
Fri Mar  7 22:04:07 2025,14
Fri Mar  7 22:05:07 2025,11
Fri Mar  7 22:06:07 2025,10
Fri Mar  7 22:07:07 2025,9
Fri Mar  7 22:08:07 2025,7
Fri Mar  7 22:09:07 2025,5
Fri Mar  7 22:39:31 2025,0
Fri Mar  7 22:40:07 2025,0
Fri Mar  7 22:41:07 2025,0
Fri Mar  7 22:42:07 2025,0
Fri Mar  7 22:43:08 2025,0
Fri Mar  7 22:44:07 2025,0
Fri Mar  7 22:45:07 2025,0
Fri Mar  7 22:46:07 2025,0
Fri Mar  7 22:47:07 2025,1
Fri Mar  7 22:48:07 2025,0
Fri Mar  7 22:49:07 2025,3
Fri Mar  7 22:50:08 2025,2
Fri Mar  7 22:51:07 2025,3
Fri Mar  7 22:52:07 2025,2
Fri Mar  7 22:53:06 2025,2
Fri Mar  7 22:54:07 2025,2
Fri Mar  7 22:55:07 2025,2
Fri Mar  7 22:56:07 2025,2
Fri Mar  7 22:57:07 2025,2
Fri Mar  7 22:58:07 2025,2
Fri Mar  7 22:59:07 2025,2
Fri Mar  7 23:00:07 2025,-
Fri Mar  7 23:01:07 2025,2
Fri Mar  7 23:02:07 2025,2
Fri Mar  7 23:03:08 2025,2
Fri Mar  7 23:04:07 2025,2
Fri Mar  7 23:05:07 2025,2
Fri Mar  7 23:06:07 2025,2
Fri Mar  7 23:07:07 2025,2
Fri Mar  7 23:08:07 2025,2
Sat Mar  8 21:14:22 2025,32
Sat Mar  8 21:15:07 2025,32
Sat Mar  8 21:16:07 2025,30
Sat Mar  8 21:17:07 2025,29
Sat Mar  8 21:18:07 2025,29
Sat Mar  8 21:19:07 2025,25
Sat Mar  8 21:20:07 2025,26
Sat Mar  8 21:21:08 2025,26
Sat Mar  8 21:22:07 2025,25
Sat Mar  8 21:23:07 2025,23
Sat Mar  8 21:24:07 2025,22
Sat Mar  8 21:25:07 2025,22
Sat Mar  8 21:26:07 2025,22
Sat Mar  8 21:27:07 2025,20
Sat Mar  8 21:28:07 2025,18
Sat Mar  8 21:29:07 2025,22
Sat Mar  8 21:30:07 2025,19
Sat Mar  8 21:31:07 2025,19
Sat Mar  8 21:32:07 2025,20
Sat Mar  8 21:33:07 2025,17
Sat Mar  8 21:34:07 2025,17
Sat Mar  8 21:35:07 2025,16
Sat Mar  8 21:36:07 2025,15
Sat Mar  8 21:37:07 2025,14
Sat Mar  8 21:38:07 2025,14
Sat Mar  8 21:39:07 2025,13
Sat Mar  8 21:40:07 2025,13
Sat Mar  8 21:41:07 2025,11
Sat Mar  8 21:42:07 2025,10
Sat Mar  8 21:43:07 2025,10
Sat Mar  8 21:44:07 2025,9
Sat Mar  8 21:45:07 2025,6
Sat Mar  8 21:46:07 2025,6
Sat Mar  8 21:47:07 2025,5
Sat Mar  8 21:48:07 2025,4
Sat Mar  8 21:49:07 2025,3
Sat Mar  8 21:50:07 2025,1
Sat Mar  8 21:51:07 2025,0
Sat Mar  8 21:52:07 2025,0
Sat Mar  8 21:53:07 2025,0
Sat Mar  8 21:54:07 2025,0
Sat Mar  8 21:55:07 2025,0
Sat Mar  8 21:56:07 2025,0
Sat Mar  8 21:57:07 2025,0
Sun Mar  9 17:18:10 2025,134
Sun Mar  9 17:19:07 2025,135
Sun Mar  9 17:20:07 2025,133
Sun Mar  9 17:21:07 2025,136
Sun Mar  9 17:22:07 2025,137
Sun Mar  9 17:23:07 2025,142
Sun Mar  9 17:24:07 2025,141
Sun Mar  9 17:25:07 2025,140
Sun Mar  9 17:26:07 2025,144
Sun Mar  9 17:27:07 2025,143
Sun Mar  9 17:28:07 2025,142
Sun Mar  9 17:29:07 2025,141
Sun Mar  9 17:30:07 2025,140
Sun Mar  9 17:31:07 2025,141
Sun Mar  9 17:32:07 2025,145
Sun Mar  9 17:33:07 2025,143
Sun Mar  9 17:34:07 2025,143
Sun Mar  9 17:35:07 2025,140
Sun Mar  9 17:36:07 2025,138
Sun Mar  9 17:37:07 2025,139
Sun Mar  9 17:38:07 2025,136
Sun Mar  9 17:39:07 2025,137
Sun Mar  9 17:40:07 2025,138
Sun Mar  9 17:41:07 2025,142
Sun Mar  9 17:42:07 2025,141
Sun Mar  9 17:43:07 2025,142
Sun Mar  9 17:44:07 2025,142
Sun Mar  9 17:45:07 2025,139
Sun Mar  9 17:46:07 2025,142
Sun Mar  9 17:47:07 2025,143
Sun Mar  9 17:48:07 2025,142
Sun Mar  9 17:49:07 2025,145
Sun Mar  9 17:50:07 2025,146
Sun Mar  9 17:51:07 2025,139
Sun Mar  9 17:52:07 2025,138
Sun Mar  9 17:53:07 2025,138
Sun Mar  9 17:54:07 2025,139
Sun Mar  9 17:55:07 2025,138
Sun Mar  9 17:56:07 2025,136
Sun Mar  9 17:57:07 2025,136
Sun Mar  9 17:58:07 2025,134
Sun Mar  9 17:59:07 2025,133
Sun Mar  9 18:00:07 2025,-
Sun Mar  9 18:01:08 2025,139
Sun Mar  9 18:02:07 2025,142
Sun Mar  9 18:03:07 2025,141
Sun Mar  9 18:04:07 2025,142
Sun Mar  9 18:05:08 2025,143
Sun Mar  9 18:06:07 2025,144
Sun Mar  9 18:07:07 2025,145
Sun Mar  9 18:08:07 2025,146
Sun Mar  9 18:09:07 2025,142
Sun Mar  9 18:10:07 2025,141
Sun Mar  9 18:11:07 2025,140
Sun Mar  9 18:12:08 2025,140
Sun Mar  9 18:13:07 2025,140
Sun Mar  9 18:14:07 2025,141
Sun Mar  9 18:15:07 2025,139
Sun Mar  9 18:16:07 2025,138
Sun Mar  9 18:17:07 2025,139
Sun Mar  9 18:41:08 2025,136
Sun Mar  9 18:42:07 2025,136
Sun Mar  9 18:43:07 2025,138
Sun Mar  9 18:44:07 2025,123
Sun Mar  9 18:45:07 2025,122
Sun Mar  9 18:46:07 2025,119
Sun Mar  9 18:47:07 2025,119
Sun Mar  9 18:48:09 2025,119
Sun Mar  9 18:49:07 2025,121
Sun Mar  9 18:50:07 2025,122
Sun Mar  9 18:51:07 2025,122
Sun Mar  9 18:52:07 2025,122
Sun Mar  9 18:53:07 2025,121
Sun Mar  9 18:54:07 2025,121
Sun Mar  9 18:55:07 2025,120
Sun Mar  9 18:56:07 2025,122
Sun Mar  9 18:57:07 2025,120
Sun Mar  9 18:58:09 2025,118
Sun Mar  9 19:05:09 2025,123
Sun Mar  9 19:06:07 2025,126
Sun Mar  9 19:07:06 2025,124
Sun Mar  9 19:08:07 2025,123
Sun Mar  9 19:09:06 2025,122
Sun Mar  9 19:10:07 2025,123
Sun Mar  9 19:11:07 2025,122
Sun Mar  9 19:12:07 2025,123
Sun Mar  9 19:13:07 2025,122
Sun Mar  9 19:14:07 2025,122
Sun Mar  9 19:16:44 2025,117
Sun Mar  9 19:17:07 2025,115
Sun Mar  9 19:18:09 2025,111
Sun Mar  9 19:19:07 2025,108
Sun Mar  9 19:20:07 2025,108
Sun Mar  9 19:21:07 2025,109
Sun Mar  9 19:22:07 2025,112
Sun Mar  9 19:23:09 2025,112
Sun Mar  9 19:24:07 2025,111
Sun Mar  9 19:25:07 2025,109
Sun Mar  9 19:26:07 2025,111
Sun Mar  9 19:27:07 2025,109
Sun Mar  9 19:28:07 2025,108
Sun Mar  9 19:29:07 2025,108
Sun Mar  9 19:30:08 2025,108
Sun Mar  9 19:31:07 2025,109
Sun Mar  9 19:32:07 2025,109
Sun Mar  9 19:33:08 2025,108
Sun Mar  9 19:34:07 2025,108
Sun Mar  9 19:35:07 2025,108
Sun Mar  9 19:36:07 2025,108
Sun Mar  9 19:37:07 2025,106
Sun Mar  9 19:38:07 2025,102
Sun Mar  9 19:39:08 2025,99
Sun Mar  9 19:40:07 2025,93
Sun Mar  9 19:41:07 2025,93
Sun Mar  9 19:42:09 2025,88
Sun Mar  9 19:43:07 2025,87
Sun Mar  9 19:44:07 2025,88
Sun Mar  9 19:45:07 2025,87
Sun Mar  9 19:46:08 2025,84
Sun Mar  9 19:47:07 2025,84
Sun Mar  9 19:48:07 2025,81
Sun Mar  9 19:49:07 2025,81
Sun Mar  9 19:50:07 2025,78
Sun Mar  9 19:51:07 2025,76
Sun Mar  9 19:52:07 2025,76
Sun Mar  9 19:53:07 2025,74
Sun Mar  9 19:54:07 2025,74
Sun Mar  9 19:55:08 2025,76
Sun Mar  9 19:56:07 2025,75
Sun Mar  9 19:57:07 2025,76
Sun Mar  9 19:58:07 2025,75
Sun Mar  9 19:59:07 2025,74
Sun Mar  9 20:00:07 2025,-
Sun Mar  9 20:01:07 2025,74
Sun Mar  9 20:02:07 2025,73
Sun Mar  9 20:03:07 2025,72
Sun Mar  9 20:04:07 2025,70
Sun Mar  9 20:05:07 2025,71
Sun Mar  9 20:06:07 2025,72
Sun Mar  9 20:07:07 2025,70
Sun Mar  9 20:08:07 2025,70
Sun Mar  9 20:09:07 2025,70
Sun Mar  9 20:10:07 2025,69
Sun Mar  9 20:11:07 2025,69
Sun Mar  9 20:12:07 2025,68
Sun Mar  9 20:13:07 2025,69
Sun Mar  9 20:14:07 2025,71
Sun Mar  9 20:15:07 2025,73
Sun Mar  9 20:16:07 2025,75
Sun Mar  9 20:17:07 2025,76
Sun Mar  9 20:18:07 2025,76
Sun Mar  9 20:19:07 2025,75
Sun Mar  9 20:20:07 2025,73
Sun Mar  9 20:21:07 2025,73
Sun Mar  9 20:22:07 2025,73
Sun Mar  9 20:23:07 2025,71
Sun Mar  9 20:24:07 2025,73
Sun Mar  9 20:25:07 2025,74
Sun Mar  9 20:26:08 2025,74
Sun Mar  9 20:27:07 2025,72
Sun Mar  9 20:28:07 2025,73
Sun Mar  9 20:29:07 2025,71
Sun Mar  9 20:30:07 2025,72
Sun Mar  9 20:31:07 2025,72
Sun Mar  9 20:32:07 2025,70
Sun Mar  9 20:33:07 2025,71
Sun Mar  9 20:34:07 2025,70
Sun Mar  9 20:35:07 2025,71
Sun Mar  9 20:36:07 2025,72
Sun Mar  9 20:37:07 2025,73
Sun Mar  9 20:38:07 2025,74
Sun Mar  9 20:39:07 2025,74
Sun Mar  9 20:40:07 2025,72
Sun Mar  9 20:41:11 2025,74
Sun Mar  9 20:42:07 2025,74
Sun Mar  9 20:43:08 2025,73
Sun Mar  9 20:44:07 2025,74
Sun Mar  9 20:45:08 2025,76
Sun Mar  9 20:46:07 2025,76
Sun Mar  9 20:47:07 2025,77
Sun Mar  9 20:48:07 2025,77
Sun Mar  9 20:49:07 2025,76
Sun Mar  9 20:50:08 2025,78
Sun Mar  9 20:51:08 2025,78
Sun Mar  9 20:52:07 2025,78
Sun Mar  9 20:53:07 2025,78
Sun Mar  9 20:54:07 2025,76
Sun Mar  9 20:55:07 2025,76
Sun Mar  9 20:56:07 2025,75
Sun Mar  9 20:57:07 2025,74
Sun Mar  9 20:58:10 2025,75
Sun Mar  9 20:59:07 2025,73
Sun Mar  9 21:00:07 2025,-
Sun Mar  9 21:01:07 2025,75
Sun Mar  9 21:02:07 2025,74
Sun Mar  9 21:03:07 2025,75
Sun Mar  9 21:04:06 2025,74
Sun Mar  9 21:05:07 2025,74
Sun Mar  9 21:06:07 2025,73
Sun Mar  9 21:07:08 2025,72
Sun Mar  9 21:08:07 2025,67
Sun Mar  9 21:09:07 2025,67
Sun Mar  9 21:10:08 2025,67
Sun Mar  9 21:11:07 2025,69
Sun Mar  9 21:12:07 2025,68
Sun Mar  9 21:13:07 2025,68
Sun Mar  9 21:14:07 2025,64
Sun Mar  9 21:15:07 2025,63
Sun Mar  9 21:16:07 2025,61
Mon Mar 10 09:02:40 2025,109
Mon Mar 10 09:12:42 2025,126
Mon Mar 10 09:13:08 2025,125
Mon Mar 10 09:14:07 2025,124
Mon Mar 10 09:15:08 2025,123
Mon Mar 10 09:16:07 2025,121
Mon Mar 10 09:17:07 2025,118
Mon Mar 10 09:18:07 2025,119
Mon Mar 10 09:19:07 2025,123
Mon Mar 10 09:20:07 2025,123
Mon Mar 10 09:21:07 2025,122
Mon Mar 10 09:22:07 2025,122
Mon Mar 10 09:23:07 2025,122
Mon Mar 10 09:24:07 2025,121
Mon Mar 10 09:25:07 2025,121
Mon Mar 10 09:26:07 2025,98
Mon Mar 10 09:27:07 2025,99
Mon Mar 10 09:28:07 2025,99
Mon Mar 10 09:29:07 2025,98
Mon Mar 10 09:30:08 2025,98
Mon Mar 10 09:31:07 2025,101
Mon Mar 10 09:32:07 2025,100
Mon Mar 10 09:33:10 2025,97
Mon Mar 10 09:34:07 2025,96
Mon Mar 10 09:35:07 2025,97
Mon Mar 10 09:36:07 2025,97
Mon Mar 10 09:37:08 2025,96
Mon Mar 10 09:38:07 2025,96
Mon Mar 10 09:39:07 2025,95
Mon Mar 10 09:40:07 2025,95
Mon Mar 10 09:41:07 2025,100
Mon Mar 10 09:42:07 2025,100
Mon Mar 10 09:43:07 2025,101
Mon Mar 10 09:44:07 2025,102
Mon Mar 10 09:45:07 2025,102
Mon Mar 10 09:46:07 2025,101
Mon Mar 10 09:47:07 2025,100
Mon Mar 10 09:48:07 2025,100
Mon Mar 10 09:49:07 2025,100
Mon Mar 10 09:50:07 2025,100
Mon Mar 10 09:51:08 2025,103
Mon Mar 10 09:52:07 2025,101
Mon Mar 10 09:53:07 2025,101
Mon Mar 10 09:54:07 2025,101
Mon Mar 10 09:55:08 2025,100
Mon Mar 10 09:56:07 2025,98
Mon Mar 10 09:57:08 2025,99
Mon Mar 10 09:58:07 2025,99
Mon Mar 10 09:59:07 2025,98
Mon Mar 10 10:00:07 2025,-
Mon Mar 10 10:01:10 2025,103
Mon Mar 10 10:02:07 2025,103
Mon Mar 10 10:03:09 2025,104
Mon Mar 10 10:04:07 2025,102
Mon Mar 10 10:05:07 2025,102
Mon Mar 10 10:06:07 2025,101
Mon Mar 10 10:07:07 2025,102
Mon Mar 10 10:08:07 2025,123
Mon Mar 10 10:09:08 2025,120
Mon Mar 10 10:10:07 2025,119
Mon Mar 10 10:11:07 2025,121
Mon Mar 10 10:12:07 2025,119
Mon Mar 10 10:13:08 2025,121
Mon Mar 10 10:14:07 2025,121
Mon Mar 10 10:15:07 2025,119
Mon Mar 10 10:16:07 2025,107
Mon Mar 10 10:17:07 2025,109
Mon Mar 10 10:18:07 2025,109
Mon Mar 10 10:19:07 2025,108
Mon Mar 10 10:20:07 2025,106
Mon Mar 10 10:21:07 2025,107
Mon Mar 10 10:22:07 2025,107
Mon Mar 10 10:23:08 2025,106
Mon Mar 10 10:24:07 2025,104
Mon Mar 10 10:25:07 2025,105
Mon Mar 10 10:26:07 2025,104
Mon Mar 10 10:27:07 2025,104
Mon Mar 10 10:28:07 2025,106
Mon Mar 10 10:29:07 2025,108
Mon Mar 10 10:30:07 2025,111
Mon Mar 10 10:31:10 2025,111
Mon Mar 10 10:32:07 2025,109
Mon Mar 10 10:33:07 2025,105
Mon Mar 10 10:34:08 2025,106
Mon Mar 10 10:35:07 2025,104
Mon Mar 10 10:36:07 2025,105
Mon Mar 10 10:37:07 2025,102
Mon Mar 10 10:38:07 2025,106
Mon Mar 10 10:39:07 2025,107
Mon Mar 10 10:40:07 2025,108
Mon Mar 10 10:41:09 2025,112
Mon Mar 10 10:42:07 2025,112
Mon Mar 10 10:43:08 2025,112
Mon Mar 10 10:44:07 2025,110
Mon Mar 10 10:45:07 2025,112
Mon Mar 10 10:46:07 2025,114
Mon Mar 10 10:47:07 2025,113
Mon Mar 10 10:48:07 2025,113
Mon Mar 10 10:49:07 2025,112
Mon Mar 10 10:50:07 2025,109
Mon Mar 10 10:51:07 2025,110
Mon Mar 10 10:52:07 2025,110
Mon Mar 10 10:53:07 2025,109
Mon Mar 10 10:54:07 2025,108
Mon Mar 10 10:55:07 2025,107
Mon Mar 10 10:56:07 2025,108
Mon Mar 10 10:57:08 2025,110
Mon Mar 10 10:58:07 2025,111
Mon Mar 10 10:59:07 2025,112
Mon Mar 10 11:00:07 2025,-
Mon Mar 10 11:01:07 2025,131
Mon Mar 10 11:02:08 2025,131
Mon Mar 10 11:03:07 2025,130
Mon Mar 10 11:04:07 2025,133
Mon Mar 10 11:05:07 2025,133
Mon Mar 10 11:06:07 2025,130
Mon Mar 10 11:07:07 2025,129
Mon Mar 10 11:08:07 2025,130
Mon Mar 10 11:09:07 2025,130
Mon Mar 10 11:10:07 2025,130
Mon Mar 10 11:11:07 2025,130
Mon Mar 10 11:12:07 2025,131
Mon Mar 10 11:13:07 2025,131
Mon Mar 10 11:14:07 2025,130
Mon Mar 10 11:15:07 2025,130
Mon Mar 10 11:16:07 2025,129
Mon Mar 10 11:17:07 2025,128
Mon Mar 10 11:18:07 2025,126
Mon Mar 10 11:19:09 2025,106
Mon Mar 10 11:20:07 2025,103
Mon Mar 10 11:21:07 2025,103
Mon Mar 10 11:22:07 2025,103
Mon Mar 10 11:23:07 2025,103
Mon Mar 10 11:24:07 2025,104
Mon Mar 10 11:25:07 2025,104
Mon Mar 10 11:26:07 2025,104
Mon Mar 10 11:27:07 2025,102
Mon Mar 10 11:28:07 2025,102
Mon Mar 10 11:29:07 2025,103
Mon Mar 10 11:30:07 2025,102
Mon Mar 10 11:31:07 2025,100
Mon Mar 10 11:32:08 2025,98
Mon Mar 10 11:33:07 2025,100
Mon Mar 10 11:34:07 2025,99
Mon Mar 10 11:35:08 2025,98
Mon Mar 10 11:36:08 2025,97
Mon Mar 10 11:37:07 2025,96
Mon Mar 10 11:38:07 2025,98
Mon Mar 10 11:39:09 2025,97
Mon Mar 10 11:40:07 2025,98
Mon Mar 10 11:41:07 2025,97
Mon Mar 10 11:42:07 2025,100
Mon Mar 10 11:43:07 2025,103
Mon Mar 10 11:44:07 2025,105
Mon Mar 10 11:45:08 2025,107
Mon Mar 10 11:46:07 2025,113
Mon Mar 10 11:47:07 2025,111
Mon Mar 10 11:48:08 2025,111
Mon Mar 10 11:49:07 2025,110
Mon Mar 10 11:50:07 2025,113
Mon Mar 10 11:51:08 2025,115
Mon Mar 10 11:52:07 2025,118
Mon Mar 10 11:53:07 2025,117
Mon Mar 10 11:54:07 2025,122
Mon Mar 10 11:55:07 2025,125
Mon Mar 10 11:56:07 2025,127
Mon Mar 10 11:57:07 2025,127
Mon Mar 10 11:58:07 2025,132
Mon Mar 10 11:59:07 2025,133
Mon Mar 10 12:00:07 2025,-
Mon Mar 10 12:01:07 2025,138
Mon Mar 10 12:02:07 2025,136
Mon Mar 10 12:03:07 2025,131
Mon Mar 10 12:04:07 2025,134
Mon Mar 10 12:05:07 2025,135
Mon Mar 10 12:06:08 2025,138
Mon Mar 10 12:07:07 2025,140
Mon Mar 10 12:08:07 2025,138
Mon Mar 10 12:09:07 2025,140
Mon Mar 10 12:26:11 2025,159
Mon Mar 10 12:27:07 2025,161
Mon Mar 10 12:28:07 2025,160
Mon Mar 10 12:29:07 2025,162
Mon Mar 10 12:30:07 2025,-
Mon Mar 10 12:31:07 2025,165
Mon Mar 10 12:32:07 2025,163
Mon Mar 10 12:33:07 2025,162
Mon Mar 10 12:34:08 2025,163
Mon Mar 10 12:35:07 2025,162
Mon Mar 10 12:36:07 2025,165
Mon Mar 10 12:37:07 2025,164
Mon Mar 10 12:38:07 2025,165
Mon Mar 10 12:39:07 2025,164
Mon Mar 10 12:40:07 2025,166
Mon Mar 10 12:41:07 2025,168
Mon Mar 10 12:42:07 2025,169
Mon Mar 10 12:43:07 2025,169
Mon Mar 10 12:44:07 2025,170
Mon Mar 10 12:45:07 2025,171
Mon Mar 10 12:46:07 2025,171
Mon Mar 10 12:47:07 2025,172
Mon Mar 10 12:48:07 2025,173
Mon Mar 10 12:49:08 2025,176
Mon Mar 10 12:50:07 2025,175
Mon Mar 10 12:51:07 2025,177
Mon Mar 10 12:52:07 2025,171
Mon Mar 10 12:53:07 2025,170
Mon Mar 10 12:54:07 2025,167
Mon Mar 10 12:55:11 2025,167
Mon Mar 10 12:56:07 2025,166
Mon Mar 10 12:57:07 2025,165
Mon Mar 10 12:58:08 2025,163
Mon Mar 10 12:59:07 2025,163
Mon Mar 10 13:00:07 2025,-
Mon Mar 10 13:01:07 2025,158
Mon Mar 10 13:02:07 2025,156
Mon Mar 10 13:03:07 2025,155
Mon Mar 10 13:04:11 2025,157
Mon Mar 10 13:05:07 2025,153
Mon Mar 10 13:06:07 2025,153
Mon Mar 10 13:07:08 2025,149
Mon Mar 10 13:08:07 2025,148
Mon Mar 10 13:09:07 2025,145
Mon Mar 10 13:10:07 2025,141
Mon Mar 10 13:11:07 2025,139
Mon Mar 10 13:12:07 2025,135
Mon Mar 10 13:13:07 2025,135
Mon Mar 10 13:14:07 2025,132
Mon Mar 10 13:15:07 2025,131
Mon Mar 10 13:16:08 2025,132
Mon Mar 10 13:17:07 2025,131
Mon Mar 10 13:18:09 2025,132
Mon Mar 10 13:19:07 2025,132
Mon Mar 10 13:20:08 2025,129
Mon Mar 10 13:21:07 2025,129
Mon Mar 10 13:22:07 2025,128
Mon Mar 10 13:23:07 2025,127
Mon Mar 10 13:24:07 2025,143
Mon Mar 10 13:25:07 2025,146
Mon Mar 10 13:26:09 2025,143
Mon Mar 10 13:27:07 2025,139
Mon Mar 10 13:28:07 2025,134
Mon Mar 10 13:29:07 2025,133
Mon Mar 10 13:30:07 2025,132
Mon Mar 10 13:31:07 2025,130
Mon Mar 10 13:32:07 2025,129
Mon Mar 10 13:33:07 2025,128
Mon Mar 10 13:34:07 2025,120
Mon Mar 10 13:35:07 2025,120
Mon Mar 10 13:36:22 2025,117
Mon Mar 10 13:37:07 2025,117
Mon Mar 10 13:38:07 2025,115
Mon Mar 10 13:39:07 2025,112
Mon Mar 10 13:40:07 2025,111
Mon Mar 10 13:41:07 2025,114
Mon Mar 10 13:42:07 2025,131
Mon Mar 10 13:43:08 2025,128
Mon Mar 10 13:44:07 2025,122
Mon Mar 10 13:45:07 2025,124
Mon Mar 10 13:46:08 2025,128
Mon Mar 10 13:47:07 2025,123
Mon Mar 10 13:48:07 2025,121
Mon Mar 10 13:49:07 2025,123
Mon Mar 10 13:50:07 2025,123
Mon Mar 10 13:51:08 2025,121
Mon Mar 10 13:52:07 2025,122
Mon Mar 10 13:53:07 2025,120
Mon Mar 10 13:54:07 2025,118
Mon Mar 10 13:55:07 2025,115
Mon Mar 10 13:56:07 2025,114
Mon Mar 10 13:57:07 2025,119
Mon Mar 10 13:58:07 2025,122
Mon Mar 10 13:59:07 2025,121
Mon Mar 10 14:00:07 2025,-
Mon Mar 10 14:01:08 2025,121
Mon Mar 10 14:02:07 2025,120
Mon Mar 10 14:03:07 2025,123
Mon Mar 10 14:04:07 2025,123
Mon Mar 10 14:05:08 2025,123
Mon Mar 10 14:06:07 2025,124
Mon Mar 10 14:07:08 2025,124
Mon Mar 10 14:08:08 2025,125
Mon Mar 10 14:09:07 2025,123
Mon Mar 10 14:10:07 2025,141
Mon Mar 10 14:11:07 2025,143
Mon Mar 10 14:12:07 2025,142
Mon Mar 10 14:13:08 2025,146
Mon Mar 10 14:14:07 2025,147
Mon Mar 10 14:15:07 2025,150
Mon Mar 10 14:16:07 2025,151
Mon Mar 10 14:17:08 2025,150
Mon Mar 10 14:18:07 2025,155
Mon Mar 10 14:19:07 2025,155
Mon Mar 10 14:20:07 2025,155
Mon Mar 10 14:21:08 2025,157
Mon Mar 10 14:22:07 2025,157
Mon Mar 10 14:23:07 2025,158
Mon Mar 10 14:24:07 2025,158
Mon Mar 10 14:25:07 2025,162
Mon Mar 10 14:26:07 2025,164
Mon Mar 10 14:27:08 2025,164
Mon Mar 10 14:28:08 2025,177
Mon Mar 10 14:29:08 2025,178
Mon Mar 10 14:30:07 2025,177
Mon Mar 10 14:31:07 2025,176
Mon Mar 10 14:32:07 2025,171
Mon Mar 10 14:33:07 2025,172
Mon Mar 10 14:34:08 2025,160
Mon Mar 10 14:35:08 2025,159
Mon Mar 10 14:36:07 2025,159
Mon Mar 10 14:37:08 2025,162
Mon Mar 10 14:38:07 2025,162
Mon Mar 10 14:39:10 2025,164
Mon Mar 10 14:40:07 2025,163
Mon Mar 10 14:41:08 2025,159
Mon Mar 10 14:42:07 2025,159
Mon Mar 10 14:43:07 2025,143
Mon Mar 10 14:44:08 2025,137
Mon Mar 10 14:45:06 2025,136
Mon Mar 10 14:46:07 2025,134
Mon Mar 10 14:47:07 2025,134
Mon Mar 10 14:48:07 2025,135
Mon Mar 10 14:49:07 2025,137
Mon Mar 10 14:50:07 2025,135
Mon Mar 10 14:51:07 2025,138
Mon Mar 10 14:52:07 2025,138
Mon Mar 10 14:53:07 2025,138
Mon Mar 10 14:54:07 2025,137
Mon Mar 10 14:55:08 2025,137
Mon Mar 10 14:56:07 2025,138
Mon Mar 10 14:57:07 2025,139
Mon Mar 10 14:58:07 2025,138
Mon Mar 10 14:59:08 2025,134
Mon Mar 10 15:00:07 2025,-
Mon Mar 10 15:01:07 2025,134
Mon Mar 10 15:02:07 2025,132
Mon Mar 10 15:03:07 2025,152
Mon Mar 10 15:04:07 2025,153
Mon Mar 10 15:05:07 2025,150
Mon Mar 10 15:06:07 2025,148
Mon Mar 10 15:07:07 2025,149
Mon Mar 10 15:08:07 2025,149
Mon Mar 10 15:09:07 2025,153
Mon Mar 10 15:10:07 2025,153
Mon Mar 10 15:11:07 2025,152
Mon Mar 10 15:12:07 2025,151
Mon Mar 10 15:13:07 2025,150
Mon Mar 10 15:14:07 2025,153
Mon Mar 10 15:15:07 2025,151
Mon Mar 10 15:16:07 2025,154
Mon Mar 10 15:17:07 2025,155
Mon Mar 10 15:18:07 2025,155
Mon Mar 10 15:19:07 2025,154
Mon Mar 10 15:20:07 2025,152
Mon Mar 10 15:21:08 2025,151
Mon Mar 10 15:22:07 2025,153
Mon Mar 10 15:23:07 2025,161
Mon Mar 10 15:24:07 2025,174
Mon Mar 10 15:25:07 2025,173
Mon Mar 10 15:26:07 2025,173
Mon Mar 10 15:27:07 2025,151
Mon Mar 10 15:28:07 2025,147
Mon Mar 10 15:29:07 2025,134
Mon Mar 10 15:30:07 2025,134
Mon Mar 10 15:31:07 2025,134
Mon Mar 10 15:32:07 2025,135
Mon Mar 10 15:33:07 2025,137
Mon Mar 10 15:34:07 2025,138
Mon Mar 10 15:35:07 2025,135
Mon Mar 10 15:36:07 2025,137
Mon Mar 10 15:37:07 2025,130
Mon Mar 10 15:38:07 2025,129
Mon Mar 10 15:39:07 2025,128
Mon Mar 10 15:40:07 2025,123
Mon Mar 10 15:41:09 2025,124
Mon Mar 10 15:42:07 2025,124
Mon Mar 10 15:43:07 2025,125
Mon Mar 10 15:44:08 2025,125
Mon Mar 10 15:45:08 2025,124
Mon Mar 10 15:46:07 2025,128
Mon Mar 10 15:47:07 2025,126
Mon Mar 10 15:48:07 2025,128
Mon Mar 10 15:49:07 2025,115
Mon Mar 10 15:50:07 2025,115
Mon Mar 10 15:51:07 2025,113
Mon Mar 10 15:52:07 2025,115
Mon Mar 10 15:53:07 2025,118
Mon Mar 10 15:54:07 2025,120
Mon Mar 10 15:55:07 2025,120
Mon Mar 10 15:56:07 2025,121
Mon Mar 10 15:57:07 2025,124
Mon Mar 10 15:58:07 2025,122
Mon Mar 10 15:59:07 2025,128
Mon Mar 10 16:00:08 2025,-
Mon Mar 10 16:01:07 2025,137
Mon Mar 10 16:02:07 2025,136
Mon Mar 10 16:03:07 2025,-
Mon Mar 10 16:04:07 2025,135
Mon Mar 10 16:05:08 2025,137
Mon Mar 10 16:06:07 2025,137
Mon Mar 10 16:07:07 2025,137
Mon Mar 10 16:08:07 2025,138
Mon Mar 10 16:09:07 2025,137
Mon Mar 10 16:10:07 2025,135
Mon Mar 10 16:11:07 2025,135
Mon Mar 10 16:12:07 2025,141
Mon Mar 10 16:13:07 2025,142
Mon Mar 10 16:14:07 2025,125
Mon Mar 10 16:15:07 2025,126
Mon Mar 10 16:16:07 2025,128
Mon Mar 10 16:17:07 2025,129
Mon Mar 10 16:18:07 2025,128
Mon Mar 10 16:19:08 2025,131
Mon Mar 10 16:20:07 2025,133
Mon Mar 10 16:21:07 2025,141
Mon Mar 10 16:22:07 2025,143
Mon Mar 10 16:23:08 2025,145
Mon Mar 10 16:24:07 2025,144
Mon Mar 10 16:25:07 2025,146
Mon Mar 10 16:26:10 2025,147
Mon Mar 10 16:27:08 2025,144
Mon Mar 10 16:28:07 2025,148
Mon Mar 10 16:29:07 2025,128
Mon Mar 10 16:30:07 2025,128
Mon Mar 10 16:31:07 2025,129
Mon Mar 10 16:32:07 2025,131
Mon Mar 10 16:33:07 2025,131
Mon Mar 10 16:34:07 2025,128
Mon Mar 10 16:35:07 2025,129
Mon Mar 10 16:36:07 2025,127
Mon Mar 10 16:37:07 2025,124
Mon Mar 10 16:38:07 2025,125
Mon Mar 10 16:39:07 2025,127
Mon Mar 10 16:40:07 2025,129
Mon Mar 10 16:41:07 2025,129
Mon Mar 10 16:42:07 2025,131
Mon Mar 10 16:43:07 2025,135
Mon Mar 10 16:44:07 2025,136
Mon Mar 10 16:45:09 2025,137
Mon Mar 10 16:46:07 2025,136
Mon Mar 10 16:47:07 2025,135
Mon Mar 10 16:48:07 2025,135
Mon Mar 10 16:49:07 2025,136
Mon Mar 10 16:50:09 2025,137
Mon Mar 10 16:51:08 2025,137
Mon Mar 10 16:52:09 2025,137
Mon Mar 10 16:53:07 2025,136
Mon Mar 10 16:54:07 2025,137
Mon Mar 10 16:55:07 2025,138
Mon Mar 10 16:56:08 2025,138
Mon Mar 10 16:57:07 2025,139
Mon Mar 10 16:58:07 2025,136
Mon Mar 10 16:59:07 2025,135
Mon Mar 10 17:00:07 2025,-
Mon Mar 10 17:01:07 2025,135
Mon Mar 10 17:02:07 2025,135
Mon Mar 10 17:03:08 2025,133
Mon Mar 10 17:04:07 2025,132
Mon Mar 10 17:05:08 2025,131
Mon Mar 10 17:06:07 2025,138
Mon Mar 10 17:07:07 2025,139
Mon Mar 10 17:08:07 2025,140
Mon Mar 10 17:09:07 2025,141
Mon Mar 10 17:10:07 2025,141
Mon Mar 10 17:11:06 2025,140
Mon Mar 10 17:12:07 2025,140
Mon Mar 10 17:13:07 2025,140
Mon Mar 10 17:14:07 2025,139
Mon Mar 10 17:15:07 2025,142
Mon Mar 10 17:16:07 2025,140
Mon Mar 10 17:17:07 2025,141
Mon Mar 10 17:18:07 2025,143
Mon Mar 10 17:19:07 2025,143
Mon Mar 10 17:20:08 2025,139
Mon Mar 10 17:21:07 2025,140
Mon Mar 10 17:22:07 2025,141
Mon Mar 10 17:23:07 2025,138
Mon Mar 10 17:24:07 2025,140
Mon Mar 10 17:25:07 2025,143
Mon Mar 10 17:26:07 2025,138
Mon Mar 10 17:27:07 2025,139
Mon Mar 10 17:28:07 2025,141
Mon Mar 10 17:29:10 2025,141
Mon Mar 10 17:30:07 2025,138
Mon Mar 10 17:31:07 2025,137
Mon Mar 10 17:32:07 2025,139
Mon Mar 10 17:33:07 2025,138
Mon Mar 10 17:34:07 2025,144
Mon Mar 10 17:35:07 2025,139
Mon Mar 10 17:36:07 2025,137
Mon Mar 10 17:37:07 2025,135
Mon Mar 10 17:38:07 2025,135
Mon Mar 10 17:39:07 2025,138
Mon Mar 10 17:40:07 2025,139
Mon Mar 10 17:41:07 2025,137
Mon Mar 10 17:43:00 2025,140
Mon Mar 10 18:10:50 2025,161
Mon Mar 10 18:11:07 2025,161
Mon Mar 10 18:12:07 2025,156
Mon Mar 10 18:13:07 2025,155
Mon Mar 10 18:14:07 2025,156
Mon Mar 10 18:15:09 2025,158
Mon Mar 10 18:16:07 2025,159
Mon Mar 10 18:17:07 2025,158
Mon Mar 10 18:18:07 2025,160
Mon Mar 10 18:19:07 2025,166
Mon Mar 10 18:20:07 2025,166
Mon Mar 10 18:21:07 2025,167
Mon Mar 10 18:22:07 2025,166
Mon Mar 10 18:23:07 2025,170
Mon Mar 10 18:24:07 2025,171
Mon Mar 10 18:25:07 2025,173
Mon Mar 10 18:26:07 2025,174
Mon Mar 10 18:27:07 2025,174
Mon Mar 10 18:28:07 2025,175
Mon Mar 10 18:29:07 2025,175
Mon Mar 10 18:46:42 2025,167
Mon Mar 10 18:47:30 2025,166
Mon Mar 10 18:48:07 2025,169
Mon Mar 10 18:49:07 2025,171
Mon Mar 10 18:50:07 2025,171
Mon Mar 10 18:51:07 2025,178
Mon Mar 10 18:52:07 2025,178
Mon Mar 10 18:53:07 2025,177
Mon Mar 10 18:54:07 2025,183
Mon Mar 10 18:55:07 2025,184
Mon Mar 10 18:56:07 2025,186
Mon Mar 10 18:57:07 2025,189
Mon Mar 10 18:58:07 2025,197
Mon Mar 10 18:59:07 2025,196
Mon Mar 10 19:00:06 2025,-
Mon Mar 10 19:01:07 2025,198
Mon Mar 10 19:02:07 2025,199
Mon Mar 10 19:03:07 2025,198
Mon Mar 10 19:04:07 2025,196
Mon Mar 10 19:05:07 2025,196
Mon Mar 10 19:06:07 2025,196
Mon Mar 10 19:07:08 2025,197
Mon Mar 10 19:08:07 2025,195
Mon Mar 10 19:09:07 2025,197
Mon Mar 10 19:18:40 2025,183
Mon Mar 10 19:19:07 2025,182
Mon Mar 10 19:20:07 2025,184
Mon Mar 10 19:21:07 2025,182
Mon Mar 10 19:22:07 2025,184
Mon Mar 10 19:23:06 2025,183
Mon Mar 10 19:24:07 2025,184
Mon Mar 10 19:25:07 2025,181
Mon Mar 10 19:26:07 2025,176
Mon Mar 10 19:27:07 2025,172
Mon Mar 10 19:28:07 2025,173
Mon Mar 10 19:32:19 2025,170
Mon Mar 10 19:33:07 2025,170
Mon Mar 10 19:34:07 2025,171
Mon Mar 10 19:35:07 2025,170
Mon Mar 10 19:36:07 2025,170
Mon Mar 10 23:06:54 2025,2
Mon Mar 10 23:07:06 2025,2
Mon Mar 10 23:08:07 2025,2
Mon Mar 10 23:09:07 2025,2
Mon Mar 10 23:10:07 2025,2
Mon Mar 10 23:11:07 2025,2
Mon Mar 10 23:12:07 2025,2
Mon Mar 10 23:13:07 2025,2
Mon Mar 10 23:14:07 2025,-
Mon Mar 10 23:15:07 2025,2
Mon Mar 10 23:16:07 2025,2
Mon Mar 10 23:17:07 2025,2
Mon Mar 10 23:18:07 2025,2
Mon Mar 10 23:19:07 2025,2
Mon Mar 10 23:20:07 2025,2
Mon Mar 10 23:21:07 2025,2
Mon Mar 10 23:22:07 2025,2
Mon Mar 10 23:23:07 2025,2
Mon Mar 10 23:24:07 2025,2
Mon Mar 10 23:25:07 2025,2
Mon Mar 10 23:26:07 2025,2
Mon Mar 10 23:27:07 2025,2
Mon Mar 10 23:28:07 2025,2
Mon Mar 10 23:29:07 2025,2
Mon Mar 10 23:30:07 2025,2
Mon Mar 10 23:31:07 2025,2
Mon Mar 10 23:32:07 2025,2
Mon Mar 10 23:33:07 2025,2
Mon Mar 10 23:34:07 2025,2
Mon Mar 10 23:35:07 2025,2
Mon Mar 10 23:36:07 2025,2
Mon Mar 10 23:37:07 2025,2
Mon Mar 10 23:38:07 2025,2
Mon Mar 10 23:39:07 2025,2
Mon Mar 10 23:40:14 2025,2
Mon Mar 10 23:41:07 2025,2
Mon Mar 10 23:42:07 2025,2
Mon Mar 10 23:43:07 2025,2
Mon Mar 10 23:44:07 2025,2
Mon Mar 10 23:45:07 2025,2
Mon Mar 10 23:46:07 2025,2
Mon Mar 10 23:47:07 2025,2
Mon Mar 10 23:48:07 2025,2
Mon Mar 10 23:49:07 2025,2
Mon Mar 10 23:50:08 2025,2
Mon Mar 10 23:51:07 2025,2
Mon Mar 10 23:52:07 2025,2
Mon Mar 10 23:53:07 2025,2
Mon Mar 10 23:54:07 2025,2
Mon Mar 10 23:55:07 2025,2
Mon Mar 10 23:56:07 2025,2
Mon Mar 10 23:57:10 2025,2
Mon Mar 10 23:58:07 2025,2
Mon Mar 10 23:59:07 2025,2
Tue Mar 11 00:00:07 2025,-
Tue Mar 11 00:01:06 2025,2
Tue Mar 11 00:02:07 2025,2
Tue Mar 11 00:03:07 2025,2
Tue Mar 11 00:04:07 2025,2
Tue Mar 11 00:05:07 2025,2
Tue Mar 11 00:06:07 2025,2
Tue Mar 11 00:07:09 2025,2
Tue Mar 11 00:08:07 2025,2
Tue Mar 11 00:09:07 2025,2
Tue Mar 11 00:10:08 2025,2
Tue Mar 11 00:11:07 2025,2
Tue Mar 11 00:12:08 2025,2
Tue Mar 11 00:13:07 2025,2
Tue Mar 11 00:15:10 2025,2
Tue Mar 11 00:16:13 2025,2
Tue Mar 11 00:17:07 2025,2
Tue Mar 11 00:18:07 2025,2
Tue Mar 11 00:19:07 2025,2
Tue Mar 11 00:20:07 2025,2
Tue Mar 11 00:21:08 2025,2
Tue Mar 11 00:22:08 2025,2
Tue Mar 11 00:23:07 2025,2
Tue Mar 11 00:24:07 2025,2
Tue Mar 11 00:25:07 2025,2
Tue Mar 11 00:26:07 2025,2
Tue Mar 11 00:27:07 2025,2
Tue Mar 11 00:28:07 2025,2
Tue Mar 11 00:29:07 2025,2
Tue Mar 11 00:30:09 2025,2
Tue Mar 11 00:33:07 2025,2
Tue Mar 11 00:34:07 2025,2
Tue Mar 11 00:35:08 2025,2
Tue Mar 11 00:36:07 2025,2
Tue Mar 11 00:37:07 2025,2
Tue Mar 11 00:38:07 2025,2
Tue Mar 11 00:39:07 2025,2
Tue Mar 11 00:40:07 2025,2
Tue Mar 11 00:41:07 2025,2
Tue Mar 11 00:42:07 2025,2
Tue Mar 11 00:43:07 2025,2
Tue Mar 11 00:44:07 2025,2
Tue Mar 11 00:45:07 2025,2
Tue Mar 11 00:46:07 2025,2
Tue Mar 11 00:47:06 2025,2
Tue Mar 11 00:48:07 2025,2
Tue Mar 11 00:49:07 2025,2
Tue Mar 11 00:50:07 2025,2
Tue Mar 11 00:51:07 2025,2
Tue Mar 11 00:52:07 2025,2
Tue Mar 11 00:53:07 2025,2
Tue Mar 11 00:54:07 2025,2
Tue Mar 11 00:55:07 2025,2
Tue Mar 11 00:56:07 2025,2
Tue Mar 11 00:57:07 2025,2
Tue Mar 11 00:58:07 2025,2
Tue Mar 11 00:59:07 2025,2
Tue Mar 11 01:00:07 2025,-
Tue Mar 11 01:01:07 2025,2
Tue Mar 11 01:02:07 2025,2
Tue Mar 11 01:03:07 2025,2
Tue Mar 11 01:04:07 2025,2
Tue Mar 11 01:05:07 2025,2
Tue Mar 11 01:06:07 2025,2
Tue Mar 11 01:07:07 2025,2
Tue Mar 11 01:08:07 2025,2
Tue Mar 11 01:09:07 2025,2
Tue Mar 11 01:10:08 2025,2
Tue Mar 11 01:11:07 2025,2
Tue Mar 11 01:12:07 2025,2
Tue Mar 11 01:13:07 2025,2
Tue Mar 11 01:14:07 2025,2
Tue Mar 11 01:15:08 2025,2
Tue Mar 11 01:16:07 2025,2
Tue Mar 11 01:17:07 2025,2
Tue Mar 11 01:18:07 2025,2
Tue Mar 11 01:19:07 2025,2
Tue Mar 11 01:20:07 2025,2
Tue Mar 11 01:21:08 2025,2
Tue Mar 11 01:22:07 2025,2
Tue Mar 11 01:23:07 2025,2
Tue Mar 11 01:24:07 2025,2
Tue Mar 11 01:25:07 2025,2
Tue Mar 11 01:26:07 2025,2
Tue Mar 11 01:27:07 2025,2
Tue Mar 11 01:28:09 2025,2
Tue Mar 11 01:29:07 2025,2
Tue Mar 11 01:30:07 2025,2
Tue Mar 11 01:31:07 2025,2
Tue Mar 11 01:32:07 2025,2
Tue Mar 11 01:33:07 2025,2
Tue Mar 11 01:34:07 2025,2
Tue Mar 11 01:35:07 2025,2
Tue Mar 11 01:36:07 2025,2
Tue Mar 11 01:37:07 2025,2
Tue Mar 11 01:38:07 2025,2
Tue Mar 11 01:39:07 2025,2
Tue Mar 11 01:40:07 2025,2
Tue Mar 11 01:41:07 2025,2
Tue Mar 11 01:42:07 2025,2
Tue Mar 11 01:43:07 2025,2
Tue Mar 11 01:44:07 2025,2
Tue Mar 11 01:45:07 2025,2
Tue Mar 11 01:46:07 2025,2
Tue Mar 11 01:47:07 2025,2
Tue Mar 11 01:48:07 2025,2
Tue Mar 11 01:49:07 2025,2
Tue Mar 11 01:50:07 2025,2
Tue Mar 11 01:51:07 2025,2
Tue Mar 11 01:52:07 2025,2
Tue Mar 11 01:53:07 2025,2
Tue Mar 11 01:54:07 2025,2
Tue Mar 11 01:55:07 2025,2
Tue Mar 11 01:56:07 2025,2
Tue Mar 11 01:57:07 2025,2
Tue Mar 11 01:58:07 2025,2
Tue Mar 11 01:59:07 2025,2
Tue Mar 11 02:00:07 2025,-
Tue Mar 11 02:01:07 2025,2
Tue Mar 11 02:02:07 2025,2
Tue Mar 11 02:03:07 2025,2
Tue Mar 11 02:04:07 2025,2
Tue Mar 11 02:05:08 2025,2
Tue Mar 11 02:06:07 2025,2
Tue Mar 11 02:07:07 2025,2
Tue Mar 11 02:08:07 2025,2
Tue Mar 11 02:09:07 2025,2
Tue Mar 11 02:10:07 2025,2
Tue Mar 11 02:11:07 2025,2
Tue Mar 11 02:12:07 2025,2
Tue Mar 11 02:13:07 2025,2
Tue Mar 11 02:14:07 2025,2
Tue Mar 11 02:15:07 2025,2
Tue Mar 11 02:16:07 2025,2
Tue Mar 11 02:17:07 2025,2
Tue Mar 11 02:18:07 2025,2
Tue Mar 11 02:19:07 2025,2
Tue Mar 11 02:20:07 2025,2
Tue Mar 11 02:21:07 2025,2
Tue Mar 11 02:22:07 2025,2
Tue Mar 11 02:23:07 2025,2
Tue Mar 11 02:24:07 2025,2
Tue Mar 11 02:26:39 2025,2
Tue Mar 11 02:27:07 2025,2
Tue Mar 11 02:28:08 2025,2
Tue Mar 11 02:29:07 2025,2
Tue Mar 11 02:30:07 2025,2
Tue Mar 11 02:31:07 2025,2
Tue Mar 11 02:32:07 2025,2
Tue Mar 11 02:33:07 2025,2
Tue Mar 11 02:34:06 2025,2
Tue Mar 11 02:35:07 2025,2
Tue Mar 11 02:36:07 2025,2
Tue Mar 11 02:37:07 2025,2
Tue Mar 11 02:38:07 2025,2
Tue Mar 11 02:39:07 2025,2
Tue Mar 11 02:40:08 2025,2
Tue Mar 11 02:41:06 2025,2
Tue Mar 11 02:42:07 2025,2
Tue Mar 11 02:43:07 2025,2
Tue Mar 11 02:44:07 2025,2
Tue Mar 11 02:45:07 2025,2
Tue Mar 11 02:46:07 2025,2
Tue Mar 11 02:47:07 2025,2
Tue Mar 11 02:48:06 2025,2
Tue Mar 11 02:49:06 2025,2
Tue Mar 11 02:50:07 2025,2
Tue Mar 11 02:51:07 2025,2
Tue Mar 11 02:52:07 2025,2
Tue Mar 11 02:53:07 2025,2
Tue Mar 11 02:54:07 2025,2
Tue Mar 11 02:55:07 2025,2
Tue Mar 11 02:56:07 2025,2
Tue Mar 11 02:57:07 2025,2
Tue Mar 11 02:58:07 2025,2
Tue Mar 11 02:59:07 2025,2
Tue Mar 11 03:00:07 2025,-
Tue Mar 11 03:01:07 2025,2
Tue Mar 11 03:02:07 2025,2
Tue Mar 11 03:03:07 2025,2
Tue Mar 11 03:04:07 2025,2
Tue Mar 11 03:05:07 2025,2
Tue Mar 11 03:06:07 2025,2
Tue Mar 11 03:07:07 2025,2
Tue Mar 11 03:08:07 2025,2
Tue Mar 11 03:09:07 2025,2
Tue Mar 11 03:10:07 2025,2
Tue Mar 11 03:11:07 2025,2
Tue Mar 11 03:12:07 2025,2
Tue Mar 11 03:13:06 2025,2
Tue Mar 11 03:14:07 2025,2
Tue Mar 11 03:15:07 2025,2
Tue Mar 11 03:16:07 2025,2
Tue Mar 11 03:17:07 2025,2
Tue Mar 11 03:18:06 2025,2
Tue Mar 11 03:19:07 2025,2
Tue Mar 11 03:20:09 2025,2
Tue Mar 11 03:21:07 2025,2
Tue Mar 11 03:22:07 2025,2
Tue Mar 11 03:23:07 2025,2
Tue Mar 11 03:24:07 2025,2
Tue Mar 11 03:25:07 2025,2
Tue Mar 11 03:26:07 2025,2
Tue Mar 11 03:27:07 2025,2
Tue Mar 11 03:28:07 2025,2
Tue Mar 11 03:29:07 2025,2
Tue Mar 11 03:30:08 2025,2
Tue Mar 11 03:31:07 2025,2
Tue Mar 11 03:32:07 2025,2
Tue Mar 11 03:33:07 2025,2
Tue Mar 11 03:34:07 2025,2
Tue Mar 11 03:35:06 2025,2
Tue Mar 11 03:36:07 2025,2
Tue Mar 11 03:37:07 2025,2
Tue Mar 11 03:38:07 2025,2
Tue Mar 11 03:39:07 2025,2
Tue Mar 11 03:40:07 2025,2
Tue Mar 11 03:41:07 2025,2
Tue Mar 11 03:42:07 2025,2
Tue Mar 11 03:43:07 2025,2
Tue Mar 11 03:44:07 2025,2
Tue Mar 11 03:45:07 2025,2
Tue Mar 11 03:46:07 2025,2
Tue Mar 11 03:47:07 2025,2
Tue Mar 11 03:48:07 2025,2
Tue Mar 11 03:49:07 2025,2
Tue Mar 11 03:50:07 2025,2
Tue Mar 11 03:51:07 2025,2
Tue Mar 11 03:52:07 2025,2
Tue Mar 11 03:53:07 2025,2
Tue Mar 11 03:54:07 2025,2
Tue Mar 11 03:55:07 2025,2
Tue Mar 11 03:56:07 2025,2
Tue Mar 11 03:57:07 2025,2
Tue Mar 11 03:58:07 2025,2
Tue Mar 11 03:59:07 2025,2
Tue Mar 11 04:00:07 2025,-
Tue Mar 11 04:01:07 2025,2
Tue Mar 11 04:02:07 2025,2
Tue Mar 11 04:03:07 2025,2
Tue Mar 11 04:04:07 2025,2
Tue Mar 11 04:05:07 2025,2
Tue Mar 11 04:06:07 2025,2
Tue Mar 11 04:07:06 2025,2
Tue Mar 11 04:08:07 2025,2
Tue Mar 11 04:09:07 2025,2
Tue Mar 11 04:10:10 2025,2
Tue Mar 11 04:11:07 2025,2
Tue Mar 11 04:12:07 2025,2
Tue Mar 11 04:13:07 2025,2
Tue Mar 11 04:14:06 2025,2
Tue Mar 11 04:15:07 2025,2
Tue Mar 11 04:16:07 2025,2
Tue Mar 11 04:17:07 2025,2
Tue Mar 11 04:18:07 2025,2
Tue Mar 11 04:19:07 2025,2
Tue Mar 11 04:20:07 2025,2
Tue Mar 11 04:21:07 2025,2
Tue Mar 11 04:22:07 2025,2
Tue Mar 11 04:23:07 2025,2
Tue Mar 11 04:24:07 2025,2
Tue Mar 11 04:25:07 2025,2
Tue Mar 11 04:26:07 2025,2
Tue Mar 11 04:27:07 2025,2
Tue Mar 11 04:28:07 2025,2
Tue Mar 11 04:29:07 2025,2
Tue Mar 11 04:30:07 2025,2
Tue Mar 11 04:31:07 2025,2
Tue Mar 11 04:32:07 2025,2
Tue Mar 11 04:33:07 2025,2
Tue Mar 11 04:34:07 2025,2
Tue Mar 11 04:35:08 2025,2
Tue Mar 11 04:36:07 2025,2
Tue Mar 11 04:37:07 2025,2
Tue Mar 11 04:38:07 2025,2
Tue Mar 11 04:39:13 2025,2
Tue Mar 11 04:40:13 2025,2
Tue Mar 11 04:41:07 2025,2
Tue Mar 11 04:42:08 2025,2
Tue Mar 11 04:43:07 2025,2
Tue Mar 11 04:44:07 2025,2
Tue Mar 11 04:45:08 2025,2
Tue Mar 11 04:46:07 2025,2
Tue Mar 11 04:47:07 2025,2
Tue Mar 11 04:48:07 2025,2
Tue Mar 11 04:49:07 2025,2
Tue Mar 11 04:50:07 2025,2
Tue Mar 11 04:51:07 2025,2
Tue Mar 11 04:52:07 2025,2
Tue Mar 11 04:53:07 2025,2
Tue Mar 11 04:54:07 2025,2
Tue Mar 11 04:55:07 2025,2
Tue Mar 11 04:56:07 2025,2
Tue Mar 11 04:57:07 2025,2
Tue Mar 11 04:58:07 2025,2
Tue Mar 11 04:59:07 2025,2
Tue Mar 11 05:00:07 2025,-
Tue Mar 11 05:01:07 2025,0
Tue Mar 11 05:02:07 2025,0
Tue Mar 11 05:03:07 2025,0
Tue Mar 11 05:04:07 2025,0
Tue Mar 11 05:05:07 2025,0
Tue Mar 11 05:06:07 2025,0
Tue Mar 11 05:07:07 2025,0
Tue Mar 11 05:08:07 2025,0
Tue Mar 11 05:09:07 2025,0
Tue Mar 11 05:10:07 2025,0
Tue Mar 11 05:11:07 2025,0
Tue Mar 11 05:12:07 2025,0
Tue Mar 11 05:13:07 2025,0
Tue Mar 11 05:14:06 2025,0
Tue Mar 11 05:15:06 2025,0
Tue Mar 11 05:16:07 2025,0
Tue Mar 11 05:17:07 2025,0
Tue Mar 11 05:18:07 2025,0
Tue Mar 11 05:19:07 2025,0
Tue Mar 11 05:20:08 2025,0
Tue Mar 11 05:21:07 2025,0
Tue Mar 11 05:22:07 2025,0
Tue Mar 11 05:23:07 2025,0
Tue Mar 11 05:24:07 2025,0
Tue Mar 11 05:25:07 2025,0
Tue Mar 11 05:26:07 2025,0
Tue Mar 11 05:27:07 2025,0
Tue Mar 11 05:28:07 2025,0
Tue Mar 11 05:29:07 2025,0
Tue Mar 11 05:30:07 2025,0
Tue Mar 11 05:31:07 2025,0
Tue Mar 11 05:32:07 2025,1
Tue Mar 11 05:33:07 2025,1
Tue Mar 11 05:34:07 2025,1
Tue Mar 11 05:35:08 2025,1
Tue Mar 11 05:36:07 2025,2
Tue Mar 11 05:37:07 2025,2
Tue Mar 11 05:38:07 2025,2
Tue Mar 11 05:39:07 2025,1
Tue Mar 11 05:40:07 2025,1
Tue Mar 11 05:41:07 2025,1
Tue Mar 11 05:42:08 2025,1
Tue Mar 11 05:43:07 2025,1
Tue Mar 11 05:44:07 2025,-
Tue Mar 11 05:45:07 2025,-
Tue Mar 11 05:46:07 2025,1
Tue Mar 11 05:47:07 2025,1
Tue Mar 11 05:48:07 2025,2
Tue Mar 11 05:49:07 2025,2
Tue Mar 11 05:50:07 2025,2
Tue Mar 11 05:51:07 2025,2
Tue Mar 11 05:52:07 2025,2
Tue Mar 11 05:53:07 2025,2
Tue Mar 11 05:54:07 2025,1
Tue Mar 11 05:55:07 2025,1
Tue Mar 11 05:56:07 2025,1
Tue Mar 11 05:57:07 2025,1
Tue Mar 11 05:58:07 2025,1
Tue Mar 11 05:59:07 2025,1
Tue Mar 11 06:00:07 2025,-
Tue Mar 11 06:01:07 2025,29
Tue Mar 11 06:02:07 2025,35
Tue Mar 11 06:03:07 2025,40
Tue Mar 11 06:04:07 2025,43
Tue Mar 11 06:05:07 2025,46
Tue Mar 11 06:06:07 2025,51
Tue Mar 11 06:07:07 2025,55
Tue Mar 11 06:08:07 2025,57
Tue Mar 11 06:09:06 2025,60
Tue Mar 11 06:10:06 2025,63
Tue Mar 11 06:11:08 2025,65
Tue Mar 11 06:12:07 2025,65
Tue Mar 11 06:13:07 2025,65
Tue Mar 11 06:14:07 2025,67
Tue Mar 11 06:15:07 2025,67
Tue Mar 11 06:16:07 2025,68
Tue Mar 11 06:17:07 2025,71
Tue Mar 11 06:18:07 2025,74
Tue Mar 11 06:19:07 2025,74
Tue Mar 11 06:20:07 2025,76
Tue Mar 11 06:21:07 2025,78
Tue Mar 11 06:22:07 2025,81
Tue Mar 11 06:23:07 2025,82
Tue Mar 11 06:24:07 2025,83
Tue Mar 11 06:25:07 2025,87
Tue Mar 11 06:26:07 2025,87
Tue Mar 11 06:27:07 2025,88
Tue Mar 11 06:28:07 2025,92
Tue Mar 11 06:29:07 2025,92
Tue Mar 11 06:30:07 2025,-
Tue Mar 11 06:31:07 2025,95
Tue Mar 11 06:32:07 2025,98
Tue Mar 11 06:33:07 2025,98
Tue Mar 11 06:34:07 2025,98
Tue Mar 11 06:35:07 2025,99
Tue Mar 11 06:36:07 2025,99
Tue Mar 11 06:37:07 2025,99
Tue Mar 11 06:38:07 2025,99
Tue Mar 11 06:39:07 2025,99
Tue Mar 11 06:40:07 2025,99
Tue Mar 11 06:41:07 2025,101
Tue Mar 11 06:42:07 2025,105
Tue Mar 11 06:43:08 2025,106
Tue Mar 11 06:44:07 2025,107
Tue Mar 11 06:45:07 2025,108
Tue Mar 11 06:46:07 2025,110
Tue Mar 11 06:47:07 2025,112
Tue Mar 11 06:48:07 2025,112
Tue Mar 11 06:49:07 2025,113
Tue Mar 11 06:50:07 2025,110
Tue Mar 11 06:51:07 2025,110
Tue Mar 11 06:52:07 2025,111
Tue Mar 11 06:53:07 2025,113
Tue Mar 11 06:54:07 2025,113
Tue Mar 11 06:55:07 2025,109
Tue Mar 11 06:56:07 2025,112
Tue Mar 11 06:57:07 2025,114
Tue Mar 11 06:58:07 2025,117
Tue Mar 11 06:59:23 2025,119
Tue Mar 11 07:00:07 2025,-
Tue Mar 11 07:01:07 2025,123
Tue Mar 11 07:02:07 2025,125
Tue Mar 11 07:03:07 2025,128
Tue Mar 11 07:04:07 2025,129
Tue Mar 11 07:05:07 2025,129
Tue Mar 11 07:06:07 2025,130
Tue Mar 11 07:07:07 2025,128
Tue Mar 11 07:08:07 2025,129
Tue Mar 11 07:09:07 2025,130
Tue Mar 11 07:10:07 2025,132
Tue Mar 11 07:11:07 2025,131
Tue Mar 11 07:12:07 2025,132
Tue Mar 11 07:13:06 2025,133
Tue Mar 11 07:14:07 2025,134
Tue Mar 11 07:15:07 2025,133
Tue Mar 11 07:16:07 2025,133
Tue Mar 11 07:17:07 2025,134
Tue Mar 11 07:18:07 2025,135
Tue Mar 11 07:19:07 2025,137
Tue Mar 11 07:20:07 2025,138
Tue Mar 11 07:21:07 2025,137
Tue Mar 11 07:22:07 2025,137
Tue Mar 11 07:23:07 2025,135
Tue Mar 11 07:24:07 2025,134
Tue Mar 11 07:25:07 2025,134
Tue Mar 11 07:26:07 2025,134
Tue Mar 11 07:27:07 2025,133
Tue Mar 11 07:28:06 2025,131
Tue Mar 11 07:29:07 2025,130
Tue Mar 11 07:30:07 2025,131
Tue Mar 11 07:31:07 2025,130
Tue Mar 11 07:32:07 2025,131
Tue Mar 11 07:33:07 2025,129
Tue Mar 11 07:34:07 2025,131
Tue Mar 11 07:35:07 2025,128
Tue Mar 11 07:36:07 2025,129
Tue Mar 11 07:37:07 2025,126
Tue Mar 11 07:38:07 2025,124
Tue Mar 11 07:39:07 2025,123
Tue Mar 11 07:40:07 2025,122
Tue Mar 11 07:41:07 2025,121
Tue Mar 11 07:42:07 2025,120
Tue Mar 11 07:43:07 2025,119
Tue Mar 11 07:44:07 2025,118
Tue Mar 11 07:45:08 2025,116
Tue Mar 11 07:46:07 2025,117
Tue Mar 11 07:47:07 2025,114
Tue Mar 11 07:48:07 2025,114
Tue Mar 11 09:05:48 2025,145
Tue Mar 11 09:06:07 2025,145
Tue Mar 11 09:07:07 2025,144
Tue Mar 11 09:08:07 2025,143
Tue Mar 11 09:09:07 2025,142
Tue Mar 11 09:10:07 2025,140
Tue Mar 11 09:11:07 2025,141
Tue Mar 11 09:12:07 2025,144
Tue Mar 11 09:13:07 2025,143
Tue Mar 11 09:14:07 2025,142
Tue Mar 11 09:15:07 2025,139
Tue Mar 11 09:16:07 2025,139
Tue Mar 11 09:17:07 2025,140
Tue Mar 11 09:18:07 2025,139
Tue Mar 11 09:19:07 2025,138
Tue Mar 11 09:20:07 2025,140
Tue Mar 11 09:21:07 2025,143
Tue Mar 11 09:22:06 2025,144
Tue Mar 11 09:23:07 2025,143
Tue Mar 11 09:24:07 2025,143
Tue Mar 11 09:25:07 2025,140
Tue Mar 11 09:26:07 2025,138
Tue Mar 11 09:27:07 2025,120
Tue Mar 11 09:28:07 2025,120
Tue Mar 11 09:29:07 2025,122
Tue Mar 11 09:30:07 2025,121
Tue Mar 11 09:31:14 2025,117
Tue Mar 11 09:32:07 2025,119
Tue Mar 11 09:33:07 2025,119
Tue Mar 11 09:34:07 2025,119
Tue Mar 11 09:35:07 2025,119
Tue Mar 11 09:36:07 2025,119
Tue Mar 11 09:37:07 2025,119
Tue Mar 11 09:38:07 2025,118
Tue Mar 11 09:39:07 2025,119
Tue Mar 11 09:40:07 2025,119
Tue Mar 11 09:41:07 2025,117
Tue Mar 11 09:42:07 2025,116
Tue Mar 11 09:43:07 2025,117
Tue Mar 11 09:44:07 2025,117
Tue Mar 11 09:45:07 2025,118
Tue Mar 11 09:46:07 2025,117
Tue Mar 11 09:47:07 2025,120
Tue Mar 11 09:48:07 2025,122
Tue Mar 11 09:49:07 2025,122
Tue Mar 11 09:50:07 2025,124
Tue Mar 11 09:51:07 2025,133
Tue Mar 11 09:52:07 2025,132
Tue Mar 11 09:53:07 2025,133
Tue Mar 11 09:54:07 2025,138
Tue Mar 11 09:55:07 2025,154
Tue Mar 11 09:56:06 2025,152
Tue Mar 11 09:57:07 2025,152
Tue Mar 11 09:58:06 2025,153
Tue Mar 11 09:59:25 2025,154
Tue Mar 11 10:00:07 2025,-
Tue Mar 11 10:01:07 2025,152
Tue Mar 11 10:02:07 2025,151
Tue Mar 11 10:03:07 2025,150
Tue Mar 11 10:04:08 2025,149
Tue Mar 11 10:05:07 2025,149
Tue Mar 11 10:06:09 2025,151
Tue Mar 11 10:07:07 2025,147
Tue Mar 11 10:08:07 2025,144
Tue Mar 11 10:09:07 2025,142
Tue Mar 11 10:10:07 2025,142
Tue Mar 11 10:11:07 2025,142
Tue Mar 11 10:12:07 2025,140
Tue Mar 11 10:13:07 2025,139
Tue Mar 11 10:14:07 2025,138
Tue Mar 11 10:15:07 2025,140
Tue Mar 11 10:16:07 2025,139
Tue Mar 11 10:17:07 2025,141
Tue Mar 11 10:18:07 2025,142
Tue Mar 11 10:19:07 2025,143
Tue Mar 11 10:20:09 2025,139
Tue Mar 11 10:21:07 2025,139
Tue Mar 11 10:22:07 2025,141
Tue Mar 11 10:23:07 2025,139
Tue Mar 11 10:24:07 2025,144
Tue Mar 11 10:25:07 2025,144
Tue Mar 11 10:26:08 2025,148
Tue Mar 11 10:27:07 2025,150
Tue Mar 11 10:28:07 2025,150
Tue Mar 11 10:29:09 2025,151
Tue Mar 11 10:30:07 2025,130
Tue Mar 11 10:31:07 2025,143
Tue Mar 11 10:32:07 2025,143
Tue Mar 11 10:33:07 2025,143
Tue Mar 11 10:34:07 2025,142
Tue Mar 11 10:35:07 2025,143
Tue Mar 11 10:36:08 2025,141
Tue Mar 11 10:37:07 2025,140
Tue Mar 11 10:38:07 2025,141
Tue Mar 11 10:39:08 2025,163
Tue Mar 11 10:40:07 2025,163
Tue Mar 11 10:41:07 2025,165
Tue Mar 11 10:42:07 2025,163
Tue Mar 11 10:43:07 2025,163
Tue Mar 11 10:44:07 2025,162
Tue Mar 11 10:45:07 2025,164
Tue Mar 11 10:46:07 2025,164
Tue Mar 11 10:47:07 2025,163
Tue Mar 11 10:48:07 2025,163
Tue Mar 11 10:49:07 2025,163
Tue Mar 11 10:50:07 2025,165
Tue Mar 11 10:51:07 2025,163
Tue Mar 11 10:52:07 2025,164
Tue Mar 11 10:53:07 2025,164
Tue Mar 11 10:54:09 2025,167
Tue Mar 11 10:55:07 2025,168
Tue Mar 11 10:56:07 2025,168
Tue Mar 11 10:57:07 2025,165
Tue Mar 11 10:58:07 2025,165
Tue Mar 11 10:59:07 2025,164
Tue Mar 11 11:00:07 2025,-
Tue Mar 11 11:01:07 2025,166
Tue Mar 11 11:02:07 2025,166
Tue Mar 11 11:03:07 2025,167
Tue Mar 11 11:04:07 2025,162
Tue Mar 11 11:05:07 2025,162
Tue Mar 11 11:06:08 2025,153
Tue Mar 11 11:07:07 2025,147
Tue Mar 11 11:08:06 2025,143
Tue Mar 11 11:09:07 2025,127
Tue Mar 11 11:10:08 2025,125
Tue Mar 11 11:11:07 2025,127
Tue Mar 11 11:12:07 2025,127
Tue Mar 11 11:13:07 2025,128
Tue Mar 11 11:14:07 2025,126
Tue Mar 11 11:15:08 2025,125
Tue Mar 11 11:16:07 2025,124
Tue Mar 11 11:17:07 2025,123
Tue Mar 11 11:18:07 2025,124
Tue Mar 11 11:19:07 2025,125
Tue Mar 11 11:20:07 2025,125
Tue Mar 11 11:21:07 2025,125
Tue Mar 11 11:22:07 2025,125
Tue Mar 11 11:23:07 2025,124
Tue Mar 11 11:24:07 2025,122
Tue Mar 11 11:25:10 2025,-
Tue Mar 11 11:26:07 2025,125
Tue Mar 11 11:27:07 2025,124
Tue Mar 11 11:28:08 2025,126
Tue Mar 11 11:29:07 2025,123
Tue Mar 11 11:30:09 2025,121
Tue Mar 11 11:31:07 2025,121
Tue Mar 11 11:32:07 2025,121
Tue Mar 11 11:33:07 2025,119
Tue Mar 11 11:34:07 2025,117
Tue Mar 11 11:35:09 2025,115
Tue Mar 11 11:36:07 2025,117
Tue Mar 11 11:37:07 2025,118
Tue Mar 11 11:38:06 2025,120
Tue Mar 11 11:39:07 2025,120
Tue Mar 11 11:40:07 2025,120
Tue Mar 11 11:41:08 2025,119
Tue Mar 11 11:42:07 2025,121
Tue Mar 11 11:43:07 2025,123
Tue Mar 11 11:44:07 2025,127
Tue Mar 11 11:45:07 2025,128
Tue Mar 11 11:46:07 2025,129
Tue Mar 11 11:47:07 2025,127
Tue Mar 11 12:15:01 2025,113
Tue Mar 11 12:16:06 2025,110
Tue Mar 11 12:17:07 2025,110
Tue Mar 11 12:18:07 2025,111
Tue Mar 11 12:19:06 2025,114
Tue Mar 11 12:20:07 2025,113
Tue Mar 11 12:21:07 2025,113
Tue Mar 11 12:22:07 2025,113
Tue Mar 11 12:23:06 2025,113
Tue Mar 11 12:24:07 2025,111
Tue Mar 11 12:25:06 2025,111
Tue Mar 11 12:26:07 2025,111
Tue Mar 11 12:27:07 2025,110
Tue Mar 11 12:28:06 2025,110
Tue Mar 11 12:29:10 2025,108
Tue Mar 11 12:30:06 2025,108
Tue Mar 11 12:31:06 2025,107
Tue Mar 11 12:32:06 2025,109
Tue Mar 11 12:33:06 2025,108
Tue Mar 11 12:35:44 2025,112
Tue Mar 11 12:36:06 2025,111
Tue Mar 11 12:37:06 2025,112
Tue Mar 11 12:38:07 2025,114
Tue Mar 11 12:39:07 2025,114
Tue Mar 11 12:40:07 2025,115
Tue Mar 11 12:41:07 2025,115
Tue Mar 11 12:42:06 2025,116
Tue Mar 11 12:43:07 2025,116
Tue Mar 11 12:44:06 2025,113
Tue Mar 11 12:45:07 2025,110
Tue Mar 11 12:46:06 2025,111
Tue Mar 11 12:47:06 2025,110
Tue Mar 11 12:48:07 2025,108
Tue Mar 11 12:49:06 2025,110
Tue Mar 11 12:50:07 2025,111
Tue Mar 11 12:51:06 2025,111
Tue Mar 11 12:52:06 2025,113
Tue Mar 11 12:53:06 2025,113
Tue Mar 11 12:54:07 2025,114
Tue Mar 11 12:55:06 2025,114
Tue Mar 11 12:56:08 2025,115
Tue Mar 11 12:57:06 2025,115
Tue Mar 11 12:58:07 2025,117
Tue Mar 11 12:59:06 2025,117
Tue Mar 11 13:00:06 2025,-
Tue Mar 11 13:01:06 2025,109
Tue Mar 11 13:02:07 2025,-
Tue Mar 11 13:03:06 2025,106
Tue Mar 11 13:04:06 2025,104
Tue Mar 11 13:05:07 2025,103
Tue Mar 11 13:06:07 2025,102
Tue Mar 11 13:07:07 2025,101
Tue Mar 11 13:08:06 2025,96
Tue Mar 11 13:09:07 2025,96
Tue Mar 11 13:10:07 2025,96
Tue Mar 11 13:11:06 2025,93
Tue Mar 11 13:12:06 2025,93
Tue Mar 11 13:13:06 2025,95
Tue Mar 11 13:14:06 2025,94
Tue Mar 11 13:15:07 2025,93
Tue Mar 11 13:16:06 2025,94
Tue Mar 11 13:17:06 2025,90
Tue Mar 11 13:18:07 2025,87
Tue Mar 11 13:19:07 2025,88
Tue Mar 11 13:20:06 2025,88
Tue Mar 11 13:21:06 2025,86
Tue Mar 11 13:22:06 2025,105
Tue Mar 11 13:23:06 2025,108
Tue Mar 11 13:24:06 2025,107
Tue Mar 11 13:25:06 2025,107
Tue Mar 11 13:26:06 2025,107
Tue Mar 11 13:27:06 2025,108
Tue Mar 11 13:28:07 2025,107
Tue Mar 11 13:29:06 2025,108
Tue Mar 11 13:30:07 2025,106
Tue Mar 11 13:31:06 2025,107
Tue Mar 11 13:32:07 2025,107
Tue Mar 11 13:33:07 2025,108
Tue Mar 11 13:34:06 2025,104
Tue Mar 11 13:35:07 2025,104
Tue Mar 11 13:36:06 2025,107
Tue Mar 11 13:37:06 2025,110
Tue Mar 11 13:38:08 2025,108
Tue Mar 11 13:39:07 2025,105
Tue Mar 11 13:40:07 2025,105
Tue Mar 11 13:41:06 2025,103
Tue Mar 11 13:42:06 2025,101
Tue Mar 11 13:44:44 2025,-
Tue Mar 11 13:50:31 2025,108
Tue Mar 11 13:51:52 2025,105
Tue Mar 11 13:52:17 2025,-
Tue Mar 11 13:53:56 2025,109
Tue Mar 11 13:54:06 2025,110
Tue Mar 11 13:55:07 2025,115
Tue Mar 11 13:56:07 2025,115
Tue Mar 11 13:57:06 2025,112
Tue Mar 11 13:58:06 2025,113
Tue Mar 11 13:59:06 2025,110
Tue Mar 11 14:00:07 2025,-
Tue Mar 11 14:01:07 2025,109
Tue Mar 11 14:02:06 2025,110
Tue Mar 11 14:03:07 2025,107
Tue Mar 11 14:04:07 2025,108
Tue Mar 11 14:05:07 2025,108
Tue Mar 11 14:06:07 2025,109
Tue Mar 11 14:07:06 2025,110
Tue Mar 11 14:08:07 2025,110
Tue Mar 11 14:13:44 2025,108
Tue Mar 11 14:18:41 2025,102
Tue Mar 11 14:28:53 2025,103
Tue Mar 11 14:33:36 2025,111
Tue Mar 11 14:48:09 2025,111
Tue Mar 11 14:53:11 2025,107
Tue Mar 11 14:54:07 2025,107
Tue Mar 11 14:56:56 2025,102
Tue Mar 11 14:57:06 2025,102
Tue Mar 11 14:58:06 2025,101
Tue Mar 11 14:59:07 2025,101
Tue Mar 11 15:00:07 2025,-
Tue Mar 11 15:01:07 2025,102
Tue Mar 11 15:02:06 2025,104
Tue Mar 11 15:03:06 2025,106
Tue Mar 11 15:04:06 2025,-
Tue Mar 11 15:05:07 2025,107
Tue Mar 11 15:06:07 2025,107
Tue Mar 11 15:07:07 2025,106
Tue Mar 11 15:08:07 2025,106
Tue Mar 11 15:09:06 2025,107
Tue Mar 11 15:10:07 2025,109
Tue Mar 11 15:11:07 2025,107
Tue Mar 11 15:12:06 2025,105
Tue Mar 11 15:13:07 2025,102
Tue Mar 11 15:14:07 2025,106
Tue Mar 11 15:15:07 2025,112
Tue Mar 11 15:16:07 2025,112
Tue Mar 11 15:17:07 2025,122
Tue Mar 11 15:18:06 2025,124
Tue Mar 11 15:19:07 2025,125
Tue Mar 11 15:20:07 2025,125
Tue Mar 11 15:21:07 2025,126
Tue Mar 11 15:22:07 2025,127
Tue Mar 11 15:23:07 2025,128
Tue Mar 11 15:24:07 2025,-
Tue Mar 11 15:25:07 2025,131
Tue Mar 11 15:26:07 2025,131
Tue Mar 11 15:27:07 2025,131
Tue Mar 11 15:28:07 2025,130
Tue Mar 11 15:29:07 2025,131
Tue Mar 11 15:30:07 2025,131
Tue Mar 11 15:31:06 2025,131
Tue Mar 11 15:32:07 2025,131
Tue Mar 11 15:33:07 2025,133
Tue Mar 11 15:34:07 2025,133
Tue Mar 11 15:35:07 2025,136
Tue Mar 11 15:36:07 2025,139
Tue Mar 11 15:37:06 2025,143
Tue Mar 11 15:38:07 2025,120
Tue Mar 11 15:39:06 2025,122
Tue Mar 11 15:40:07 2025,128
Tue Mar 11 15:41:07 2025,127
Tue Mar 11 15:44:43 2025,-
Tue Mar 11 16:05:28 2025,
Tue Mar 11 16:06:14 2025,132
Tue Mar 11 16:07:07 2025,135
Tue Mar 11 16:08:07 2025,134
Tue Mar 11 16:09:07 2025,133
Tue Mar 11 16:10:07 2025,132
Tue Mar 11 16:11:08 2025,132
Tue Mar 11 16:12:07 2025,135
Tue Mar 11 16:13:07 2025,136
Tue Mar 11 16:14:07 2025,138
Tue Mar 11 16:15:07 2025,141
Tue Mar 11 16:16:07 2025,142
Tue Mar 11 16:17:07 2025,142
Tue Mar 11 16:18:06 2025,132
Tue Mar 11 16:19:07 2025,125
Tue Mar 11 16:20:07 2025,125
Tue Mar 11 16:21:06 2025,126
Tue Mar 11 16:22:07 2025,128
Tue Mar 11 16:23:07 2025,131
Tue Mar 11 16:24:07 2025,132
Tue Mar 11 16:25:07 2025,132
Tue Mar 11 16:26:07 2025,134
Tue Mar 11 16:27:07 2025,133
Tue Mar 11 16:28:07 2025,135
Tue Mar 11 16:29:07 2025,138
Tue Mar 11 16:30:07 2025,142
Tue Mar 11 16:31:07 2025,141
Tue Mar 11 16:32:07 2025,139
Tue Mar 11 16:33:07 2025,141
Tue Mar 11 16:34:07 2025,139
Tue Mar 11 16:36:15 2025,146
Tue Mar 11 16:37:07 2025,144
Tue Mar 11 16:38:07 2025,144
Tue Mar 11 16:39:07 2025,145
Tue Mar 11 16:40:07 2025,142
Tue Mar 11 16:41:07 2025,147
Tue Mar 11 16:42:07 2025,145
Tue Mar 11 16:43:07 2025,147
Tue Mar 11 16:44:07 2025,153
Tue Mar 11 16:45:07 2025,154
Tue Mar 11 16:47:29 2025,152
Tue Mar 11 16:48:07 2025,156
Tue Mar 11 16:49:07 2025,158
Tue Mar 11 16:50:07 2025,163
Tue Mar 11 16:51:07 2025,169
Tue Mar 11 16:52:07 2025,169
Tue Mar 11 16:53:07 2025,166
Tue Mar 11 16:54:07 2025,164
Tue Mar 11 16:55:07 2025,166
Tue Mar 11 16:56:09 2025,164
Tue Mar 11 16:57:07 2025,172
Tue Mar 11 16:58:07 2025,178
Tue Mar 11 16:59:07 2025,174
Tue Mar 11 17:00:07 2025,-
Tue Mar 11 17:01:07 2025,178
Tue Mar 11 17:02:07 2025,181
Tue Mar 11 17:03:07 2025,183
Tue Mar 11 17:04:07 2025,181
Tue Mar 11 17:05:07 2025,175
Tue Mar 11 17:06:07 2025,180
Tue Mar 11 17:07:07 2025,173
Tue Mar 11 17:08:07 2025,174
Tue Mar 11 17:09:07 2025,175
Tue Mar 11 17:10:07 2025,176
Tue Mar 11 17:11:07 2025,169
Tue Mar 11 17:12:07 2025,166
Tue Mar 11 17:13:07 2025,164
Tue Mar 11 17:14:07 2025,167
Tue Mar 11 17:15:07 2025,162
Tue Mar 11 17:16:07 2025,159
Tue Mar 11 17:17:07 2025,157
Tue Mar 11 17:18:07 2025,158
Tue Mar 11 17:19:08 2025,157
Tue Mar 11 17:20:07 2025,158
Tue Mar 11 17:21:07 2025,161
Tue Mar 11 17:22:07 2025,162
Tue Mar 11 17:23:07 2025,163
Tue Mar 11 17:24:07 2025,160
Tue Mar 11 17:25:07 2025,160
Tue Mar 11 17:26:07 2025,160
Tue Mar 11 17:27:07 2025,160
Tue Mar 11 17:28:07 2025,162
Tue Mar 11 17:29:07 2025,162
Tue Mar 11 17:30:07 2025,166
Tue Mar 11 17:31:07 2025,167
Tue Mar 11 17:32:07 2025,168
Tue Mar 11 17:33:08 2025,170
Tue Mar 11 17:34:07 2025,176
Tue Mar 11 17:35:07 2025,171
Tue Mar 11 17:36:07 2025,166
Tue Mar 11 17:37:07 2025,169
Tue Mar 11 17:38:07 2025,171
Tue Mar 11 17:39:07 2025,171
Tue Mar 11 17:40:08 2025,171
Tue Mar 11 17:41:07 2025,172
Tue Mar 11 17:42:07 2025,170
Tue Mar 11 17:43:08 2025,171
Tue Mar 11 17:44:07 2025,175
Tue Mar 11 17:45:07 2025,180
Tue Mar 11 17:46:07 2025,181
Tue Mar 11 17:47:07 2025,183
Tue Mar 11 17:48:07 2025,187
Tue Mar 11 17:49:07 2025,191
Tue Mar 11 17:50:08 2025,191
Tue Mar 11 17:51:07 2025,191
Tue Mar 11 17:52:07 2025,196
Tue Mar 11 17:53:07 2025,195
Tue Mar 11 17:54:07 2025,194
Tue Mar 11 17:55:08 2025,198
Tue Mar 11 17:56:07 2025,198
Tue Mar 11 17:57:07 2025,198
Tue Mar 11 17:58:07 2025,197
Tue Mar 11 17:59:07 2025,197
Tue Mar 11 18:00:07 2025,-
Tue Mar 11 18:01:07 2025,204
Tue Mar 11 18:02:07 2025,210
Tue Mar 11 18:03:07 2025,209
Tue Mar 11 18:04:08 2025,209
Tue Mar 11 18:05:07 2025,208
Tue Mar 11 18:06:07 2025,208
Tue Mar 11 18:07:07 2025,205
Tue Mar 11 18:08:07 2025,205
Tue Mar 11 18:09:07 2025,206
Tue Mar 11 18:10:09 2025,204
Tue Mar 11 18:11:07 2025,199
Tue Mar 11 18:12:07 2025,192
Tue Mar 11 18:13:07 2025,191
Tue Mar 11 18:14:07 2025,188
Tue Mar 11 18:15:07 2025,185
Tue Mar 11 18:16:07 2025,187
Tue Mar 11 18:17:07 2025,187
Tue Mar 11 18:18:07 2025,189
Tue Mar 11 18:19:08 2025,188
Tue Mar 11 18:20:07 2025,189
Tue Mar 11 18:21:07 2025,193
Tue Mar 11 18:22:07 2025,196
Tue Mar 11 18:23:07 2025,198
Tue Mar 11 18:24:07 2025,203
Tue Mar 11 19:02:07 2025,191
Tue Mar 11 19:03:07 2025,192
Tue Mar 11 19:04:06 2025,195
Tue Mar 11 19:05:07 2025,196
Tue Mar 11 19:06:07 2025,196
Tue Mar 11 19:07:07 2025,193
Tue Mar 11 19:08:07 2025,194
Tue Mar 11 19:09:07 2025,196
Tue Mar 11 19:10:08 2025,197
Tue Mar 11 19:11:07 2025,194
Tue Mar 11 19:12:07 2025,193
Tue Mar 11 19:13:07 2025,192
Tue Mar 11 19:14:07 2025,199
Tue Mar 11 19:15:07 2025,201
Tue Mar 11 19:16:07 2025,203
Tue Mar 11 19:17:07 2025,202
Tue Mar 11 19:18:07 2025,203
Tue Mar 11 19:19:07 2025,206
Tue Mar 11 19:20:08 2025,211
Tue Mar 11 19:21:07 2025,210
Tue Mar 11 19:22:07 2025,209
Tue Mar 11 19:23:07 2025,211
Tue Mar 11 19:24:07 2025,206
Tue Mar 11 19:25:09 2025,209
Tue Mar 11 19:26:07 2025,210
Tue Mar 11 19:27:07 2025,209
Tue Mar 11 19:28:07 2025,207
Tue Mar 11 19:29:07 2025,204
Tue Mar 11 19:30:07 2025,205
Tue Mar 11 19:31:07 2025,206
Tue Mar 11 21:42:08 2025,57
Tue Mar 11 21:43:07 2025,57
Tue Mar 11 21:44:07 2025,55
Tue Mar 11 21:45:07 2025,55
Tue Mar 11 21:46:07 2025,53
Tue Mar 11 21:47:07 2025,53
Tue Mar 11 21:48:07 2025,49
Tue Mar 11 21:49:07 2025,49
Tue Mar 11 21:50:07 2025,48
Tue Mar 11 21:51:07 2025,44
Tue Mar 11 21:52:06 2025,44
Tue Mar 11 21:53:06 2025,42
Tue Mar 11 21:54:07 2025,41
Tue Mar 11 21:55:07 2025,-
Tue Mar 11 21:56:07 2025,32
Tue Mar 11 22:10:14 2025,0
Tue Mar 11 22:11:06 2025,0
Tue Mar 11 22:12:07 2025,0
Tue Mar 11 22:13:07 2025,0
Tue Mar 11 22:14:07 2025,0
Tue Mar 11 22:15:09 2025,0
Tue Mar 11 22:16:07 2025,0
Tue Mar 11 22:17:07 2025,0
Tue Mar 11 22:18:07 2025,0
Tue Mar 11 22:19:07 2025,0
Tue Mar 11 22:20:07 2025,0
Tue Mar 11 22:21:07 2025,0
Tue Mar 11 22:22:07 2025,0
Tue Mar 11 22:23:07 2025,0
Tue Mar 11 22:24:07 2025,0
Tue Mar 11 22:25:07 2025,0
Tue Mar 11 22:26:07 2025,0
Tue Mar 11 22:27:07 2025,0
Tue Mar 11 22:28:07 2025,0
Tue Mar 11 22:29:07 2025,0
Tue Mar 11 22:30:07 2025,0
Tue Mar 11 22:31:07 2025,0
Tue Mar 11 22:32:07 2025,0
Tue Mar 11 22:51:31 2025,2
Tue Mar 11 22:52:07 2025,1
Tue Mar 11 22:53:07 2025,1
Tue Mar 11 22:54:07 2025,2
Tue Mar 11 22:55:09 2025,1
Tue Mar 11 22:56:07 2025,2
Tue Mar 11 22:57:07 2025,1
Tue Mar 11 22:58:07 2025,1
Tue Mar 11 22:59:16 2025,1
Tue Mar 11 23:00:32 2025,1
Tue Mar 11 23:01:07 2025,1
Tue Mar 11 23:02:07 2025,1
Tue Mar 11 23:03:07 2025,1
Tue Mar 11 23:04:07 2025,1
Tue Mar 11 23:05:07 2025,1
Tue Mar 11 23:06:07 2025,1
Tue Mar 11 23:07:08 2025,1
Tue Mar 11 23:08:07 2025,1
Tue Mar 11 23:09:07 2025,1
Tue Mar 11 23:10:08 2025,1
Tue Mar 11 23:11:07 2025,1
Tue Mar 11 23:12:07 2025,1
Tue Mar 11 23:13:12 2025,1
Tue Mar 11 23:14:07 2025,1
Tue Mar 11 23:15:07 2025,1
Tue Mar 11 23:16:07 2025,1
Tue Mar 11 23:17:07 2025,1
Tue Mar 11 23:18:07 2025,1
Tue Mar 11 23:19:07 2025,1
Tue Mar 11 23:20:07 2025,1
Tue Mar 11 23:21:07 2025,1
Tue Mar 11 23:22:07 2025,1
Tue Mar 11 23:23:07 2025,1
Tue Mar 11 23:24:07 2025,1
Tue Mar 11 23:25:07 2025,1
Tue Mar 11 23:26:07 2025,1
Tue Mar 11 23:27:07 2025,1
Tue Mar 11 23:28:07 2025,1
Wed Mar 12 09:35:08 2025,127
Wed Mar 12 09:36:07 2025,124
Wed Mar 12 09:37:07 2025,125
Wed Mar 12 09:38:07 2025,129
Wed Mar 12 09:39:08 2025,126
Wed Mar 12 09:40:07 2025,123
Wed Mar 12 09:41:17 2025,122
Wed Mar 12 09:42:08 2025,123
Wed Mar 12 09:43:07 2025,122
Wed Mar 12 09:44:15 2025,125
Wed Mar 12 09:45:07 2025,125
Wed Mar 12 09:46:07 2025,125
Wed Mar 12 09:47:07 2025,123
Wed Mar 12 09:48:07 2025,123
Wed Mar 12 09:49:07 2025,122
Wed Mar 12 09:50:11 2025,121
Wed Mar 12 09:51:07 2025,122
Wed Mar 12 09:52:07 2025,123
Wed Mar 12 09:53:11 2025,134
Wed Mar 12 09:54:12 2025,134
Wed Mar 12 09:55:08 2025,136
Wed Mar 12 09:56:07 2025,137
Wed Mar 12 09:57:07 2025,139
Wed Mar 12 09:58:07 2025,137
Wed Mar 12 09:59:07 2025,137
Wed Mar 12 10:00:07 2025,-
Wed Mar 12 10:01:07 2025,135
Wed Mar 12 10:02:10 2025,136
Wed Mar 12 10:03:07 2025,135
Wed Mar 12 10:04:07 2025,136
Wed Mar 12 10:05:07 2025,136
Wed Mar 12 10:06:07 2025,134
Wed Mar 12 10:07:07 2025,131
Wed Mar 12 10:08:07 2025,129
Wed Mar 12 10:09:07 2025,129
Wed Mar 12 10:10:07 2025,130
Wed Mar 12 10:11:07 2025,131
Wed Mar 12 10:12:07 2025,129
Wed Mar 12 10:13:07 2025,128
Wed Mar 12 10:14:07 2025,125
Wed Mar 12 10:15:07 2025,127
Wed Mar 12 10:16:07 2025,126
Wed Mar 12 10:17:07 2025,120
Wed Mar 12 10:18:07 2025,119
Wed Mar 12 10:19:07 2025,119
Wed Mar 12 10:20:08 2025,118
Wed Mar 12 10:21:07 2025,117
Wed Mar 12 10:22:07 2025,117
Wed Mar 12 10:23:07 2025,115
Wed Mar 12 10:24:07 2025,115
Wed Mar 12 10:25:07 2025,115
Wed Mar 12 10:26:07 2025,114
Wed Mar 12 10:27:07 2025,113
Wed Mar 12 10:28:07 2025,120
Wed Mar 12 10:29:07 2025,118
Wed Mar 12 10:30:07 2025,118
Wed Mar 12 10:31:07 2025,122
Wed Mar 12 10:32:07 2025,121
Wed Mar 12 10:33:07 2025,118
Wed Mar 12 10:34:07 2025,118
Wed Mar 12 10:35:07 2025,117
Wed Mar 12 10:36:07 2025,117
Wed Mar 12 10:37:07 2025,118
Wed Mar 12 10:38:07 2025,120
Wed Mar 12 10:39:07 2025,122
Wed Mar 12 10:40:07 2025,122
Wed Mar 12 10:41:07 2025,122
Wed Mar 12 10:42:07 2025,120
Wed Mar 12 10:43:07 2025,121
Wed Mar 12 10:44:07 2025,124
Wed Mar 12 10:45:07 2025,124
Wed Mar 12 10:46:07 2025,126
Wed Mar 12 10:47:07 2025,127
Wed Mar 12 10:48:07 2025,126
Wed Mar 12 10:49:07 2025,127
Wed Mar 12 10:50:07 2025,128
Wed Mar 12 10:51:07 2025,127
Wed Mar 12 10:52:07 2025,124
Wed Mar 12 10:53:07 2025,121
Wed Mar 12 10:54:07 2025,121
Wed Mar 12 11:07:08 2025,116
Wed Mar 12 11:08:08 2025,115
Wed Mar 12 11:09:08 2025,112
Wed Mar 12 11:10:07 2025,109
Wed Mar 12 11:11:07 2025,-
Wed Mar 12 11:12:09 2025,107
Wed Mar 12 11:13:07 2025,107
Wed Mar 12 11:14:10 2025,-
Wed Mar 12 11:15:07 2025,105
Wed Mar 12 11:16:09 2025,108
Wed Mar 12 11:17:08 2025,109
Wed Mar 12 11:18:08 2025,108
Wed Mar 12 11:19:08 2025,109
Wed Mar 12 11:20:07 2025,110
Wed Mar 12 11:21:09 2025,111
Wed Mar 12 11:22:07 2025,111
Wed Mar 12 11:23:07 2025,112
Wed Mar 12 11:24:07 2025,111
Wed Mar 12 11:25:07 2025,105
Wed Mar 12 11:26:07 2025,93
Wed Mar 12 11:27:07 2025,93
Wed Mar 12 11:28:07 2025,92
Wed Mar 12 11:29:07 2025,92
Wed Mar 12 11:30:07 2025,92
Wed Mar 12 11:31:07 2025,96
Wed Mar 12 11:32:07 2025,94
Wed Mar 12 11:33:07 2025,95
Wed Mar 12 11:34:07 2025,96
Wed Mar 12 11:35:07 2025,95
Wed Mar 12 11:36:13 2025,95
Wed Mar 12 11:37:07 2025,94
Wed Mar 12 11:38:07 2025,95
Wed Mar 12 11:39:07 2025,95
Wed Mar 12 11:40:07 2025,94
Wed Mar 12 11:41:07 2025,93
Wed Mar 12 11:42:07 2025,92
Wed Mar 12 11:43:07 2025,89
Wed Mar 12 11:44:07 2025,89
Wed Mar 12 11:45:08 2025,91
Wed Mar 12 11:46:07 2025,90
Wed Mar 12 11:47:07 2025,87
Wed Mar 12 11:48:07 2025,88
Wed Mar 12 11:49:07 2025,91
Wed Mar 12 11:50:07 2025,95
Wed Mar 12 11:51:07 2025,92
Wed Mar 12 11:52:07 2025,94
Wed Mar 12 11:53:07 2025,92
Wed Mar 12 11:54:07 2025,93
Wed Mar 12 11:55:07 2025,95
Wed Mar 12 11:56:07 2025,98
Wed Mar 12 11:57:07 2025,101
Wed Mar 12 11:58:07 2025,100
Wed Mar 12 11:59:07 2025,103
Wed Mar 12 12:00:07 2025,-
Wed Mar 12 12:01:07 2025,105
Wed Mar 12 12:02:07 2025,107
Wed Mar 12 12:03:07 2025,111
Wed Mar 12 12:04:07 2025,113
Wed Mar 12 12:05:08 2025,115
Wed Mar 12 12:08:10 2025,116
Wed Mar 12 12:09:07 2025,120
Wed Mar 12 12:10:07 2025,120
Wed Mar 12 12:11:07 2025,120
Wed Mar 12 12:12:07 2025,122
Wed Mar 12 12:13:07 2025,124
Wed Mar 12 12:14:07 2025,125
Wed Mar 12 12:15:08 2025,123
Wed Mar 12 12:16:07 2025,124
Wed Mar 12 12:17:07 2025,125
Wed Mar 12 12:18:07 2025,129
Wed Mar 12 12:19:07 2025,129
Wed Mar 12 12:20:07 2025,127
Wed Mar 12 12:21:07 2025,129
Wed Mar 12 12:22:07 2025,131
Wed Mar 12 12:23:07 2025,134
Wed Mar 12 12:24:07 2025,135
Wed Mar 12 12:25:07 2025,136
Wed Mar 12 12:26:07 2025,135
Wed Mar 12 12:27:07 2025,134
Wed Mar 12 12:28:07 2025,132
Wed Mar 12 12:29:07 2025,133
Wed Mar 12 12:30:07 2025,136
Wed Mar 12 12:31:07 2025,135
Wed Mar 12 12:32:07 2025,132
Wed Mar 12 12:33:07 2025,133
Wed Mar 12 12:34:07 2025,135
Wed Mar 12 12:35:07 2025,137
Wed Mar 12 12:36:07 2025,136
Wed Mar 12 12:37:07 2025,136
Wed Mar 12 12:38:07 2025,135
Wed Mar 12 12:39:07 2025,136
Wed Mar 12 12:40:07 2025,138
Wed Mar 12 12:41:07 2025,139
Wed Mar 12 12:42:09 2025,138
Wed Mar 12 12:43:07 2025,137
Wed Mar 12 12:44:07 2025,135
Wed Mar 12 12:45:07 2025,136
Wed Mar 12 12:46:07 2025,136
Wed Mar 12 12:47:07 2025,137
Wed Mar 12 12:48:07 2025,138
Wed Mar 12 12:49:07 2025,138
Wed Mar 12 12:50:09 2025,138
Wed Mar 12 12:51:07 2025,140
Wed Mar 12 12:52:07 2025,141
Wed Mar 12 12:53:07 2025,141
Wed Mar 12 12:54:07 2025,142
Wed Mar 12 12:55:07 2025,141
Wed Mar 12 12:56:07 2025,140
Wed Mar 12 12:57:09 2025,138
Wed Mar 12 12:58:07 2025,136
Wed Mar 12 12:59:07 2025,137
Wed Mar 12 13:00:07 2025,-
Wed Mar 12 13:01:07 2025,139
Wed Mar 12 13:02:07 2025,137
Wed Mar 12 13:03:07 2025,139
Wed Mar 12 13:04:08 2025,138
Wed Mar 12 13:05:07 2025,142
Wed Mar 12 13:06:07 2025,136
Wed Mar 12 13:07:07 2025,134
Wed Mar 12 13:08:07 2025,133
Wed Mar 12 13:09:07 2025,132
Wed Mar 12 13:10:07 2025,134
Wed Mar 12 13:11:07 2025,135
Wed Mar 12 13:12:07 2025,133
Wed Mar 12 13:13:07 2025,130
Wed Mar 12 13:14:07 2025,127
Wed Mar 12 13:15:07 2025,128
Wed Mar 12 13:16:07 2025,127
Wed Mar 12 13:17:07 2025,127
Wed Mar 12 13:18:07 2025,125
Wed Mar 12 13:19:07 2025,122
Wed Mar 12 13:20:07 2025,120
Wed Mar 12 13:21:07 2025,122
Wed Mar 12 13:22:07 2025,119
Wed Mar 12 13:23:07 2025,113
Wed Mar 12 13:24:07 2025,113
Wed Mar 12 13:31:05 2025,109
Wed Mar 12 13:32:09 2025,108
Wed Mar 12 13:33:07 2025,107
Wed Mar 12 13:34:07 2025,103
Wed Mar 12 13:35:07 2025,103
Wed Mar 12 13:36:08 2025,99
Wed Mar 12 13:37:08 2025,97
Wed Mar 12 13:38:08 2025,94
Wed Mar 12 13:39:07 2025,95
Wed Mar 12 14:14:07 2025,87
Wed Mar 12 14:15:07 2025,86
Wed Mar 12 14:16:07 2025,84
Wed Mar 12 14:17:06 2025,82
Wed Mar 12 14:18:06 2025,78
Wed Mar 12 14:19:07 2025,78
Wed Mar 12 14:20:10 2025,78
Wed Mar 12 14:21:07 2025,84
Wed Mar 12 14:22:06 2025,89
Wed Mar 12 14:23:07 2025,98
Wed Mar 12 14:24:06 2025,100
Wed Mar 12 14:25:07 2025,99
Wed Mar 12 14:26:07 2025,97
Wed Mar 12 14:27:07 2025,102
Wed Mar 12 14:28:07 2025,104
Wed Mar 12 14:29:06 2025,104
Wed Mar 12 14:30:07 2025,108
Wed Mar 12 14:31:06 2025,113
Wed Mar 12 14:32:07 2025,118
Wed Mar 12 14:33:07 2025,120
Wed Mar 12 14:34:06 2025,115
Wed Mar 12 14:35:07 2025,116
Wed Mar 12 14:36:07 2025,115
Wed Mar 12 14:37:07 2025,115
Wed Mar 12 14:38:07 2025,114
Wed Mar 12 14:39:07 2025,111
Wed Mar 12 14:40:06 2025,110
Wed Mar 12 14:41:07 2025,112
Wed Mar 12 14:42:07 2025,-
Wed Mar 12 14:43:07 2025,-
Wed Mar 12 14:44:06 2025,115
Wed Mar 12 14:45:07 2025,115
Wed Mar 12 14:46:06 2025,112
Wed Mar 12 14:47:06 2025,114
Wed Mar 12 14:48:06 2025,112
Wed Mar 12 14:49:07 2025,116
Wed Mar 12 14:50:07 2025,119
Wed Mar 12 14:51:07 2025,122
Wed Mar 12 14:52:06 2025,120
Wed Mar 12 14:53:06 2025,122
Wed Mar 12 14:54:07 2025,122
Wed Mar 12 14:55:07 2025,121
Wed Mar 12 14:56:06 2025,123
Wed Mar 12 14:57:06 2025,123
Wed Mar 12 15:09:39 2025,121
Wed Mar 12 15:10:07 2025,122
Wed Mar 12 15:11:07 2025,122
Wed Mar 12 15:12:07 2025,127
Wed Mar 12 15:13:07 2025,128
Wed Mar 12 15:14:07 2025,129
Wed Mar 12 15:15:07 2025,129
Wed Mar 12 15:16:06 2025,126
Wed Mar 12 15:17:06 2025,127
Wed Mar 12 15:18:07 2025,-
Wed Mar 12 15:19:07 2025,127
Wed Mar 12 15:20:06 2025,127
Wed Mar 12 15:21:07 2025,128
Wed Mar 12 15:22:08 2025,130
Wed Mar 12 15:23:07 2025,130
Wed Mar 12 15:24:06 2025,130
Wed Mar 12 15:26:07 2025,130
Wed Mar 12 15:27:07 2025,129
Wed Mar 12 15:28:07 2025,131
Wed Mar 12 15:29:06 2025,133
Wed Mar 12 15:30:07 2025,136
Wed Mar 12 15:31:07 2025,137
Wed Mar 12 15:32:07 2025,138
Wed Mar 12 15:33:08 2025,138
Wed Mar 12 15:34:07 2025,138
Wed Mar 12 15:35:07 2025,141
Wed Mar 12 15:36:07 2025,142
Wed Mar 12 15:37:07 2025,144
Wed Mar 12 15:38:09 2025,144
Wed Mar 12 15:39:08 2025,143
Wed Mar 12 15:40:07 2025,-
Wed Mar 12 15:41:06 2025,144
Wed Mar 12 15:42:06 2025,145
Wed Mar 12 15:43:06 2025,147
Wed Mar 12 15:44:06 2025,148
Wed Mar 12 15:45:07 2025,149
Wed Mar 12 15:46:07 2025,149
Wed Mar 12 15:47:07 2025,151
Wed Mar 12 15:48:06 2025,155
Wed Mar 12 15:49:06 2025,154
Wed Mar 12 15:50:07 2025,152
Wed Mar 12 15:51:07 2025,151
Wed Mar 12 15:52:06 2025,151
Wed Mar 12 15:55:01 2025,151
Wed Mar 12 15:59:54 2025,182
Wed Mar 12 16:00:09 2025,-
Wed Mar 12 17:07:03 2025,191
Wed Mar 12 17:08:07 2025,189
Wed Mar 12 17:09:07 2025,193
Wed Mar 12 17:10:09 2025,188
Wed Mar 12 17:11:07 2025,189
Wed Mar 12 17:12:07 2025,191
Wed Mar 12 17:13:07 2025,186
Wed Mar 12 17:14:07 2025,186
Wed Mar 12 17:15:07 2025,186
Wed Mar 12 17:16:07 2025,196
Wed Mar 12 17:17:07 2025,193
Wed Mar 12 17:18:07 2025,191
Wed Mar 12 17:19:07 2025,189
Wed Mar 12 17:20:07 2025,189
Wed Mar 12 17:21:07 2025,187
Wed Mar 12 17:22:07 2025,188
Wed Mar 12 17:23:07 2025,188
Wed Mar 12 17:24:07 2025,189
Wed Mar 12 17:25:07 2025,190
Wed Mar 12 17:26:07 2025,198
Wed Mar 12 17:27:07 2025,198
Wed Mar 12 17:28:07 2025,197
Wed Mar 12 17:29:07 2025,193
Wed Mar 12 17:31:07 2025,198
Wed Mar 12 17:32:07 2025,198
Wed Mar 12 17:33:07 2025,198
Wed Mar 12 17:34:07 2025,200
Wed Mar 12 17:35:07 2025,200
Wed Mar 12 17:36:07 2025,200
Wed Mar 12 17:37:07 2025,203
Wed Mar 12 17:38:07 2025,203
Wed Mar 12 17:39:07 2025,204
Wed Mar 12 17:40:07 2025,208
Wed Mar 12 17:41:07 2025,208
Wed Mar 12 17:42:07 2025,205
Wed Mar 12 17:43:07 2025,205
Wed Mar 12 17:44:07 2025,205
Wed Mar 12 17:45:07 2025,208
Wed Mar 12 17:46:07 2025,209
Wed Mar 12 17:47:07 2025,212
Wed Mar 12 17:48:06 2025,209
Wed Mar 12 17:49:07 2025,216
Wed Mar 12 17:50:07 2025,221
Wed Mar 12 17:51:07 2025,218
Wed Mar 12 17:52:07 2025,220
Wed Mar 12 17:53:07 2025,219
Wed Mar 12 17:54:07 2025,223
Wed Mar 12 17:55:08 2025,228
Wed Mar 12 17:56:07 2025,231
Wed Mar 12 17:57:07 2025,235
Wed Mar 12 17:58:07 2025,242
Wed Mar 12 17:59:07 2025,243
Wed Mar 12 18:00:07 2025,-
Wed Mar 12 18:01:07 2025,249
Wed Mar 12 18:06:08 2025,251
Wed Mar 12 18:07:07 2025,248
Wed Mar 12 18:08:07 2025,250
Wed Mar 12 18:09:06 2025,251
Wed Mar 12 18:10:08 2025,253
Wed Mar 12 18:11:07 2025,247
Wed Mar 12 18:12:07 2025,234
Wed Mar 12 18:13:07 2025,229
Wed Mar 12 18:14:07 2025,232
Wed Mar 12 18:15:07 2025,233
Wed Mar 12 18:16:08 2025,235
Wed Mar 12 18:17:07 2025,238
Wed Mar 12 18:18:07 2025,238
Wed Mar 12 18:19:06 2025,238
Wed Mar 12 18:20:07 2025,231
Wed Mar 12 18:21:07 2025,231
Thu Mar 13 07:55:52 2025,-
Thu Mar 13 08:35:04 2025,102
Thu Mar 13 08:45:42 2025,91
Thu Mar 13 08:46:07 2025,90
Thu Mar 13 08:47:09 2025,90
Thu Mar 13 08:48:07 2025,90
Thu Mar 13 08:49:07 2025,91
Thu Mar 13 08:50:07 2025,90
Thu Mar 13 08:51:07 2025,91
Thu Mar 13 08:52:07 2025,90
Thu Mar 13 08:53:07 2025,90
Thu Mar 13 08:54:08 2025,88
Thu Mar 13 08:55:07 2025,88
Thu Mar 13 08:56:08 2025,90
Thu Mar 13 08:57:07 2025,87
Thu Mar 13 08:58:07 2025,87
Thu Mar 13 08:59:07 2025,85
Thu Mar 13 09:00:07 2025,-
Thu Mar 13 09:01:07 2025,86
Thu Mar 13 09:02:12 2025,89
Thu Mar 13 09:03:07 2025,100
Thu Mar 13 09:04:07 2025,102
Thu Mar 13 09:05:07 2025,104
Thu Mar 13 09:06:07 2025,102
Thu Mar 13 09:07:07 2025,101
Thu Mar 13 09:08:07 2025,100
Thu Mar 13 09:09:07 2025,99
Thu Mar 13 09:10:07 2025,100
Thu Mar 13 09:11:07 2025,98
Thu Mar 13 09:12:07 2025,96
Thu Mar 13 09:13:07 2025,97
Thu Mar 13 09:14:07 2025,99
Thu Mar 13 09:15:08 2025,98
Thu Mar 13 09:16:07 2025,98
Thu Mar 13 09:17:07 2025,96
Thu Mar 13 09:18:07 2025,95
Thu Mar 13 09:19:07 2025,97
Thu Mar 13 09:20:07 2025,97
Thu Mar 13 09:21:08 2025,97
Thu Mar 13 09:22:09 2025,97
Thu Mar 13 09:23:07 2025,97
Thu Mar 13 09:24:07 2025,97
Thu Mar 13 09:25:07 2025,99
Thu Mar 13 09:26:08 2025,103
Thu Mar 13 09:27:07 2025,104
Thu Mar 13 09:28:07 2025,104
Thu Mar 13 09:29:08 2025,90
Thu Mar 13 09:30:08 2025,89
Thu Mar 13 09:31:08 2025,91
Thu Mar 13 09:32:07 2025,92
Thu Mar 13 09:33:07 2025,90
Thu Mar 13 09:34:07 2025,89
Thu Mar 13 09:35:08 2025,92
Thu Mar 13 09:36:08 2025,92
Thu Mar 13 09:37:07 2025,93
Thu Mar 13 09:38:07 2025,91
Thu Mar 13 09:39:07 2025,-
Thu Mar 13 09:40:07 2025,94
Thu Mar 13 09:41:07 2025,92
Thu Mar 13 09:42:07 2025,92
Thu Mar 13 09:43:07 2025,90
Thu Mar 13 09:44:07 2025,-
Thu Mar 13 09:45:07 2025,88
Thu Mar 13 09:46:08 2025,-
Thu Mar 13 09:47:08 2025,91
Thu Mar 13 09:48:07 2025,91
Thu Mar 13 09:49:08 2025,91
Thu Mar 13 09:50:08 2025,91
Thu Mar 13 09:51:07 2025,92
Thu Mar 13 09:52:07 2025,92
Thu Mar 13 09:53:07 2025,89
Thu Mar 13 09:54:07 2025,103
Thu Mar 13 09:55:07 2025,103
Thu Mar 13 09:56:07 2025,104
Thu Mar 13 09:57:07 2025,104
Thu Mar 13 09:58:08 2025,104
Thu Mar 13 09:59:08 2025,108
Thu Mar 13 10:00:07 2025,-
Thu Mar 13 10:01:07 2025,-
Thu Mar 13 10:02:07 2025,109
Thu Mar 13 10:03:08 2025,108
Thu Mar 13 10:04:07 2025,-
Thu Mar 13 10:05:09 2025,107
Thu Mar 13 10:06:08 2025,108
Thu Mar 13 10:07:08 2025,112
Thu Mar 13 10:08:08 2025,110
Thu Mar 13 10:09:07 2025,-
Thu Mar 13 10:10:08 2025,113
Thu Mar 13 10:11:07 2025,-
Thu Mar 13 10:12:07 2025,113
Thu Mar 13 10:13:08 2025,-
Thu Mar 13 10:14:07 2025,-
Thu Mar 13 10:15:07 2025,-
Thu Mar 13 10:16:07 2025,110
Thu Mar 13 10:17:07 2025,-
Thu Mar 13 10:18:07 2025,110
Thu Mar 13 10:19:08 2025,109
Thu Mar 13 10:20:07 2025,112
Thu Mar 13 10:21:07 2025,113
Thu Mar 13 10:22:07 2025,114
Thu Mar 13 10:23:07 2025,113
Thu Mar 13 10:24:07 2025,108
Thu Mar 13 10:25:07 2025,-
Thu Mar 13 10:26:07 2025,108
Thu Mar 13 10:27:08 2025,106
Thu Mar 13 10:28:08 2025,106
Thu Mar 13 10:29:08 2025,99
Thu Mar 13 10:30:07 2025,99
Thu Mar 13 10:31:07 2025,-
Thu Mar 13 10:32:07 2025,-
Thu Mar 13 10:33:07 2025,101
Thu Mar 13 10:34:08 2025,102
Thu Mar 13 10:35:07 2025,100
Thu Mar 13 10:36:07 2025,-
Thu Mar 13 10:37:07 2025,-
Thu Mar 13 10:38:07 2025,101
Thu Mar 13 10:39:08 2025,98
Thu Mar 13 10:40:08 2025,97
Thu Mar 13 10:41:07 2025,-
Thu Mar 13 10:42:08 2025,107
Thu Mar 13 10:43:07 2025,-
Thu Mar 13 10:44:07 2025,108
Thu Mar 13 10:45:07 2025,-
Thu Mar 13 10:50:15 2025,-
Thu Mar 13 10:51:07 2025,-
Thu Mar 13 10:54:11 2025,-
Thu Mar 13 10:55:07 2025,-
Thu Mar 13 10:56:07 2025,-
Thu Mar 13 10:57:07 2025,106
Thu Mar 13 10:58:07 2025,105
Thu Mar 13 10:59:07 2025,-
Thu Mar 13 11:00:08 2025,-
Thu Mar 13 11:01:08 2025,114
Thu Mar 13 11:02:08 2025,113
Thu Mar 13 11:03:07 2025,-
Thu Mar 13 11:04:07 2025,-
Thu Mar 13 11:05:09 2025,116
Thu Mar 13 11:06:07 2025,-
Thu Mar 13 11:07:07 2025,-
Thu Mar 13 11:08:07 2025,-
Thu Mar 13 11:09:12 2025,-
Thu Mar 13 11:10:07 2025,113
Thu Mar 13 11:11:07 2025,-
Thu Mar 13 11:12:08 2025,113
Thu Mar 13 11:13:07 2025,112
Thu Mar 13 11:14:07 2025,108
Thu Mar 13 11:15:07 2025,-
Thu Mar 13 11:16:09 2025,111
Thu Mar 13 11:17:07 2025,-
Thu Mar 13 11:18:08 2025,112
Thu Mar 13 11:19:07 2025,-
Thu Mar 13 11:20:07 2025,105
Thu Mar 13 11:21:07 2025,96
Thu Mar 13 11:22:08 2025,97
Thu Mar 13 11:23:07 2025,-
Thu Mar 13 11:24:07 2025,-
Thu Mar 13 11:25:07 2025,99
Thu Mar 13 11:26:07 2025,-
Thu Mar 13 11:27:07 2025,101
Thu Mar 13 11:28:10 2025,100
Thu Mar 13 11:29:07 2025,-
Thu Mar 13 11:30:08 2025,97
Thu Mar 13 11:31:07 2025,-
Thu Mar 13 11:32:08 2025,99
Thu Mar 13 11:33:07 2025,-
Thu Mar 13 11:34:08 2025,102
Thu Mar 13 11:35:08 2025,102
Thu Mar 13 11:36:07 2025,-
Thu Mar 13 11:37:07 2025,101
Thu Mar 13 11:38:07 2025,-
Thu Mar 13 11:39:07 2025,99
Thu Mar 13 11:41:08 2025,103
Thu Mar 13 11:42:13 2025,-
Thu Mar 13 11:43:07 2025,-
Thu Mar 13 11:44:08 2025,103
Thu Mar 13 11:45:07 2025,-
Thu Mar 13 11:46:08 2025,97
Thu Mar 13 11:47:07 2025,101
Thu Mar 13 11:48:07 2025,102
Thu Mar 13 11:49:07 2025,103
Thu Mar 13 11:50:07 2025,102
Thu Mar 13 11:51:07 2025,102
Thu Mar 13 11:52:08 2025,103
Thu Mar 13 11:53:11 2025,105
Thu Mar 13 11:54:07 2025,107
Thu Mar 13 11:55:08 2025,106
Thu Mar 13 11:56:07 2025,106
Thu Mar 13 11:57:07 2025,105
Thu Mar 13 11:58:07 2025,106
Thu Mar 13 11:59:07 2025,107
Thu Mar 13 12:00:07 2025,-
Thu Mar 13 12:01:07 2025,-
Thu Mar 13 12:02:08 2025,113
Thu Mar 13 12:03:07 2025,113
Thu Mar 13 12:04:07 2025,113
Thu Mar 13 12:05:08 2025,112
Thu Mar 13 12:06:07 2025,111
Thu Mar 13 12:07:07 2025,108
Thu Mar 13 12:08:07 2025,105
Thu Mar 13 12:09:07 2025,-
Thu Mar 13 12:10:08 2025,107
Thu Mar 13 12:11:07 2025,-
Thu Mar 13 12:30:48 2025,113
Thu Mar 13 12:31:07 2025,119
Thu Mar 13 12:32:07 2025,120
Thu Mar 13 12:33:08 2025,119
Thu Mar 13 12:34:07 2025,121
Thu Mar 13 12:35:08 2025,-
Thu Mar 13 12:36:07 2025,124
Thu Mar 13 12:37:07 2025,122
Thu Mar 13 12:38:07 2025,122
Thu Mar 13 12:39:14 2025,121
Thu Mar 13 12:40:07 2025,-
Thu Mar 13 12:41:07 2025,120
Thu Mar 13 12:42:07 2025,123
Thu Mar 13 12:43:07 2025,119
Thu Mar 13 12:44:07 2025,118
Thu Mar 13 12:45:08 2025,-
Thu Mar 13 12:46:08 2025,116
Thu Mar 13 12:47:07 2025,116
Thu Mar 13 12:48:07 2025,116
Thu Mar 13 12:49:08 2025,112
Thu Mar 13 12:50:07 2025,112
Thu Mar 13 12:51:07 2025,111
Thu Mar 13 12:52:07 2025,-
Thu Mar 13 12:53:08 2025,113
Thu Mar 13 12:54:07 2025,113
Thu Mar 13 12:55:07 2025,114
Thu Mar 13 12:56:07 2025,111
Thu Mar 13 12:57:08 2025,110
Thu Mar 13 12:58:07 2025,110
Thu Mar 13 12:59:07 2025,-
Thu Mar 13 13:00:07 2025,-
Thu Mar 13 13:01:07 2025,106
Thu Mar 13 13:02:07 2025,106
Thu Mar 13 13:03:07 2025,-
Thu Mar 13 13:04:07 2025,-
Thu Mar 13 13:05:08 2025,104
Thu Mar 13 13:06:07 2025,101
Thu Mar 13 13:07:08 2025,100
Thu Mar 13 13:08:07 2025,-
Thu Mar 13 13:09:07 2025,96
Thu Mar 13 13:10:07 2025,96
Thu Mar 13 13:11:07 2025,95
Thu Mar 13 13:12:08 2025,94
Thu Mar 13 13:13:07 2025,93
Thu Mar 13 13:14:07 2025,93
Thu Mar 13 13:15:07 2025,-
Thu Mar 13 13:16:07 2025,93
Thu Mar 13 13:17:08 2025,94
Thu Mar 13 13:18:07 2025,-
Thu Mar 13 13:19:07 2025,-
Thu Mar 13 13:20:07 2025,-
Thu Mar 13 13:21:08 2025,100
Thu Mar 13 13:22:08 2025,100
Thu Mar 13 13:23:07 2025,-
Thu Mar 13 13:24:07 2025,-
Thu Mar 13 13:25:07 2025,-
Thu Mar 13 13:26:07 2025,101
Thu Mar 13 13:27:07 2025,100
Thu Mar 13 13:28:07 2025,-
Thu Mar 13 13:29:07 2025,100
Thu Mar 13 13:30:07 2025,-
Thu Mar 13 13:31:07 2025,-
Thu Mar 13 13:32:07 2025,100
Thu Mar 13 13:33:07 2025,-
Thu Mar 13 13:34:07 2025,-
Thu Mar 13 13:35:08 2025,99
Thu Mar 13 13:36:07 2025,-
Thu Mar 13 13:37:08 2025,95
Thu Mar 13 13:38:08 2025,94
Thu Mar 13 13:39:08 2025,94
Thu Mar 13 13:40:07 2025,-
Thu Mar 13 13:41:07 2025,-
Thu Mar 13 13:42:08 2025,92
Thu Mar 13 13:43:08 2025,95
Thu Mar 13 13:44:08 2025,96
Thu Mar 13 13:45:07 2025,-
Thu Mar 13 13:46:07 2025,-
Thu Mar 13 13:47:07 2025,-
Thu Mar 13 13:48:07 2025,-
Thu Mar 13 13:49:07 2025,92
Thu Mar 13 13:50:08 2025,90
Thu Mar 13 13:51:08 2025,90
Thu Mar 13 13:52:08 2025,89
Thu Mar 13 13:53:07 2025,-
Thu Mar 13 13:54:07 2025,-
Thu Mar 13 13:55:07 2025,-
Thu Mar 13 13:56:07 2025,92
Thu Mar 13 13:57:07 2025,-
Thu Mar 13 13:58:08 2025,86
Thu Mar 13 13:59:07 2025,-
Thu Mar 13 14:00:07 2025,-
Thu Mar 13 14:01:07 2025,-
Thu Mar 13 14:02:08 2025,94
Thu Mar 13 14:03:08 2025,95
Thu Mar 13 14:04:07 2025,93
Thu Mar 13 14:05:07 2025,95
Thu Mar 13 14:06:08 2025,94
Thu Mar 13 14:07:07 2025,94
Thu Mar 13 14:08:07 2025,-
Thu Mar 13 14:09:07 2025,92
Thu Mar 13 14:10:07 2025,-
Thu Mar 13 14:11:07 2025,-
Thu Mar 13 14:12:07 2025,-
Thu Mar 13 14:13:07 2025,-
Thu Mar 13 14:14:07 2025,92
Thu Mar 13 14:15:07 2025,92
Thu Mar 13 14:16:07 2025,-
Thu Mar 13 14:17:07 2025,-
Thu Mar 13 14:18:08 2025,93
Thu Mar 13 14:19:08 2025,94
Thu Mar 13 14:20:08 2025,94
Thu Mar 13 14:21:08 2025,94
Thu Mar 13 14:22:07 2025,-
Thu Mar 13 14:23:08 2025,94
Thu Mar 13 14:24:07 2025,96
Thu Mar 13 14:25:07 2025,97
Thu Mar 13 14:26:08 2025,97
Thu Mar 13 14:27:07 2025,-
Thu Mar 13 14:28:08 2025,-
Thu Mar 13 14:29:08 2025,97
Thu Mar 13 14:30:08 2025,97
Thu Mar 13 14:31:07 2025,-
Thu Mar 13 14:32:07 2025,-
Thu Mar 13 14:33:07 2025,-
Thu Mar 13 14:34:09 2025,97
Thu Mar 13 14:35:07 2025,94
Thu Mar 13 14:36:07 2025,-
Thu Mar 13 14:37:07 2025,-
Thu Mar 13 14:38:07 2025,-
Thu Mar 13 14:39:08 2025,89
Thu Mar 13 14:40:07 2025,90
Thu Mar 13 14:41:07 2025,-
Thu Mar 13 14:42:07 2025,90
Thu Mar 13 14:43:07 2025,-
Thu Mar 13 14:44:11 2025,-
Thu Mar 13 14:45:08 2025,85
Thu Mar 13 14:46:08 2025,-
Thu Mar 13 14:47:07 2025,81
Thu Mar 13 14:48:07 2025,81
Thu Mar 13 14:49:08 2025,81
Thu Mar 13 14:50:08 2025,78
Thu Mar 13 14:51:08 2025,79
Thu Mar 13 14:52:07 2025,-
Thu Mar 13 14:53:11 2025,-
Thu Mar 13 14:54:09 2025,77
Thu Mar 13 14:55:07 2025,-
Thu Mar 13 14:56:07 2025,78
Thu Mar 13 14:57:09 2025,79
Thu Mar 13 14:58:07 2025,-
Thu Mar 13 14:59:08 2025,78
Thu Mar 13 15:00:08 2025,-
Thu Mar 13 15:01:08 2025,79
Thu Mar 13 15:02:08 2025,81
Thu Mar 13 15:03:07 2025,80
Thu Mar 13 15:04:08 2025,80
Thu Mar 13 15:05:07 2025,79
Thu Mar 13 15:06:07 2025,83
Thu Mar 13 15:07:07 2025,82
Thu Mar 13 15:08:07 2025,-
Thu Mar 13 15:09:07 2025,81
Thu Mar 13 15:10:08 2025,78
Thu Mar 13 15:11:07 2025,78
Thu Mar 13 15:12:07 2025,-
Thu Mar 13 15:13:07 2025,77
Thu Mar 13 15:14:07 2025,80
Thu Mar 13 15:19:37 2025,73
Thu Mar 13 15:20:07 2025,70
Thu Mar 13 15:21:07 2025,71
Thu Mar 13 15:22:07 2025,-
Thu Mar 13 15:23:07 2025,-
Thu Mar 13 15:24:07 2025,71
Thu Mar 13 15:25:08 2025,73
Thu Mar 13 15:26:07 2025,69
Thu Mar 13 15:27:07 2025,70
Thu Mar 13 15:28:07 2025,-
Thu Mar 13 15:29:07 2025,71
Thu Mar 13 15:30:07 2025,74
Thu Mar 13 15:31:07 2025,-
Thu Mar 13 15:32:07 2025,-
Thu Mar 13 15:33:08 2025,72
Thu Mar 13 15:34:07 2025,72
Thu Mar 13 15:35:08 2025,68
Thu Mar 13 15:36:08 2025,64
Thu Mar 13 15:37:08 2025,64
Thu Mar 13 15:38:08 2025,66
Thu Mar 13 15:39:07 2025,66
Thu Mar 13 15:40:08 2025,64
Thu Mar 13 15:41:07 2025,-
Thu Mar 13 15:42:07 2025,-
Thu Mar 13 15:43:07 2025,72
Thu Mar 13 15:44:07 2025,72
Thu Mar 13 15:45:08 2025,72
Thu Mar 13 15:46:07 2025,-
Thu Mar 13 15:47:07 2025,72
Thu Mar 13 15:48:08 2025,70
Thu Mar 13 15:49:08 2025,71
Thu Mar 13 15:50:08 2025,75
Thu Mar 13 15:51:08 2025,77
Thu Mar 13 15:52:07 2025,77
Thu Mar 13 15:53:07 2025,-
Thu Mar 13 15:54:07 2025,78
Thu Mar 13 15:55:07 2025,-
Thu Mar 13 15:56:08 2025,86
Thu Mar 13 15:57:07 2025,-
Thu Mar 13 15:58:08 2025,89
Thu Mar 13 15:59:08 2025,90
Thu Mar 13 16:00:09 2025,-
Thu Mar 13 16:01:07 2025,95
Thu Mar 13 16:02:08 2025,98
Thu Mar 13 16:03:08 2025,99
Thu Mar 13 16:04:07 2025,-
Thu Mar 13 16:05:07 2025,103
Thu Mar 13 16:06:07 2025,104
Thu Mar 13 16:07:08 2025,105
Thu Mar 13 16:08:08 2025,107
Thu Mar 13 16:09:08 2025,106
Thu Mar 13 16:10:07 2025,106
Thu Mar 13 16:11:08 2025,108
Thu Mar 13 16:12:07 2025,-
Thu Mar 13 16:13:07 2025,109
Thu Mar 13 16:14:08 2025,110
Thu Mar 13 16:15:07 2025,-
Thu Mar 13 16:16:08 2025,116
Thu Mar 13 16:17:08 2025,118
Thu Mar 13 16:18:08 2025,118
Thu Mar 13 16:19:07 2025,-
Thu Mar 13 16:20:07 2025,118
Thu Mar 13 16:21:08 2025,120
Thu Mar 13 16:22:08 2025,120
Thu Mar 13 16:23:07 2025,120
Thu Mar 13 16:24:08 2025,121
Thu Mar 13 16:25:08 2025,121
Thu Mar 13 16:26:07 2025,-
Thu Mar 13 16:27:07 2025,123
Thu Mar 13 16:28:07 2025,125
Thu Mar 13 16:29:06 2025,-
Thu Mar 13 16:30:07 2025,-
Thu Mar 13 16:31:08 2025,127
Thu Mar 13 16:33:21 2025,123
Thu Mar 13 16:37:00 2025,119
Thu Mar 13 16:43:51 2025,126
Thu Mar 13 16:44:46 2025,125
Thu Mar 13 16:50:08 2025,139
Thu Mar 13 16:51:07 2025,140
Thu Mar 13 16:52:07 2025,140
Thu Mar 13 16:53:08 2025,144
Thu Mar 13 16:58:13 2025,141
Thu Mar 13 17:01:57 2025,143
Thu Mar 13 17:03:05 2025,140
Thu Mar 13 17:06:09 2025,137
Thu Mar 13 17:07:07 2025,-
Thu Mar 13 17:09:51 2025,130
Thu Mar 13 17:10:07 2025,132
Thu Mar 13 17:11:08 2025,135
Thu Mar 13 17:12:32 2025,135
Thu Mar 13 21:56:04 2025,38
Thu Mar 13 21:57:10 2025,36
Thu Mar 13 21:58:07 2025,35
Thu Mar 13 21:59:08 2025,33
Thu Mar 13 22:00:08 2025,-
Thu Mar 13 22:01:07 2025,28
Thu Mar 13 22:02:07 2025,28
Thu Mar 13 22:03:07 2025,28
Thu Mar 13 22:04:07 2025,24
Thu Mar 13 22:05:07 2025,24
Thu Mar 13 22:06:07 2025,22
Thu Mar 13 22:07:07 2025,16
Thu Mar 13 22:08:07 2025,11
Thu Mar 13 22:09:07 2025,7
Thu Mar 13 22:10:07 2025,4
Thu Mar 13 22:11:07 2025,3
Thu Mar 13 22:12:07 2025,0
Thu Mar 13 22:13:07 2025,0
Thu Mar 13 22:14:07 2025,0
Thu Mar 13 22:15:07 2025,0
Thu Mar 13 22:16:07 2025,0
Thu Mar 13 22:17:07 2025,0
Thu Mar 13 22:18:07 2025,0
Thu Mar 13 22:19:09 2025,0
Thu Mar 13 22:20:07 2025,0
Thu Mar 13 22:21:07 2025,0
Thu Mar 13 22:22:07 2025,0
Thu Mar 13 22:23:07 2025,0
Thu Mar 13 22:24:07 2025,0
Thu Mar 13 22:25:07 2025,0
Thu Mar 13 22:26:07 2025,0
Thu Mar 13 22:27:07 2025,0
Thu Mar 13 22:28:07 2025,0
Thu Mar 13 22:29:07 2025,0
Thu Mar 13 22:30:07 2025,0
Thu Mar 13 22:31:07 2025,0
Thu Mar 13 22:32:07 2025,0
Thu Mar 13 22:33:07 2025,0
Thu Mar 13 22:34:07 2025,1
Thu Mar 13 22:35:07 2025,1
Thu Mar 13 22:36:07 2025,1
Fri Mar 14 07:23:37 2025,143
Fri Mar 14 09:50:11 2025,124
Fri Mar 14 09:51:07 2025,123
Fri Mar 14 09:52:06 2025,123
Fri Mar 14 09:53:07 2025,123
Fri Mar 14 09:54:07 2025,124
Fri Mar 14 09:55:07 2025,122
Fri Mar 14 09:56:07 2025,122
Fri Mar 14 09:57:07 2025,123
Fri Mar 14 09:58:07 2025,125
Fri Mar 14 09:59:07 2025,126
Fri Mar 14 10:00:07 2025,-
Fri Mar 14 13:03:09 2025,134
Fri Mar 14 13:53:21 2025,136
Fri Mar 14 14:30:14 2025,128
Sun Mar 16 21:32:20 2025,39
Sun Mar 16 21:33:09 2025,40
Sun Mar 16 21:34:07 2025,40
Sun Mar 16 21:35:08 2025,39
Sun Mar 16 21:36:07 2025,39
Sun Mar 16 21:37:07 2025,39
Sun Mar 16 21:38:07 2025,38
Sun Mar 16 21:39:08 2025,39
Sun Mar 16 21:40:06 2025,38
Sun Mar 16 21:41:07 2025,38
Sun Mar 16 21:42:07 2025,37
Sun Mar 16 21:43:07 2025,37
Sun Mar 16 21:44:07 2025,36
Sun Mar 16 21:45:07 2025,36
Sun Mar 16 21:46:08 2025,31
Sun Mar 16 21:47:06 2025,31
Sun Mar 16 21:48:07 2025,29
Sun Mar 16 21:49:07 2025,29
Sun Mar 16 21:50:07 2025,28
Sun Mar 16 21:51:07 2025,23
Sun Mar 16 21:52:07 2025,19
Sun Mar 16 21:53:07 2025,17
Sun Mar 16 21:54:07 2025,17
Sun Mar 16 21:55:07 2025,15
Sun Mar 16 21:56:07 2025,14
Sun Mar 16 21:57:06 2025,13
Sun Mar 16 21:58:07 2025,13
Sun Mar 16 21:59:07 2025,10
Sun Mar 16 22:00:07 2025,10
Sun Mar 16 22:01:07 2025,4
Sun Mar 16 22:02:07 2025,2
Sun Mar 16 22:03:07 2025,3
Sun Mar 16 22:04:06 2025,1
Sun Mar 16 22:05:07 2025,1
Sun Mar 16 22:06:07 2025,0
Sun Mar 16 22:07:07 2025,0
Sun Mar 16 22:08:07 2025,0
Sun Mar 16 22:09:07 2025,0
Sun Mar 16 22:10:07 2025,0
Sun Mar 16 22:11:07 2025,0
Sun Mar 16 22:12:07 2025,0
Sun Mar 16 22:13:07 2025,0
Sun Mar 16 22:14:07 2025,0
Sun Mar 16 22:15:07 2025,0
Sun Mar 16 22:16:07 2025,0
Sun Mar 16 22:17:06 2025,1
Sun Mar 16 22:18:08 2025,0
Sun Mar 16 22:19:07 2025,0
Sun Mar 16 22:20:07 2025,0
Sun Mar 16 22:21:07 2025,0
Sun Mar 16 22:22:07 2025,0
Sun Mar 16 22:23:07 2025,2
Sun Mar 16 22:24:07 2025,0
Sun Mar 16 22:25:07 2025,0
Sun Mar 16 22:26:07 2025,1
Sun Mar 16 22:27:07 2025,1
Sun Mar 16 22:28:06 2025,1
Sun Mar 16 22:29:07 2025,1
Sun Mar 16 22:30:07 2025,1
Sun Mar 16 22:31:07 2025,1
Sun Mar 16 22:32:07 2025,1
Sun Mar 16 22:33:08 2025,-
Sun Mar 16 22:34:07 2025,1
Sun Mar 16 22:35:09 2025,1
Sun Mar 16 22:36:07 2025,1
Sun Mar 16 22:37:07 2025,1
Sun Mar 16 22:38:07 2025,1
Sun Mar 16 22:39:07 2025,1
Sun Mar 16 22:40:07 2025,1
Sun Mar 16 22:41:07 2025,1
Sun Mar 16 22:42:07 2025,1
Sun Mar 16 22:43:07 2025,1
Sun Mar 16 22:44:07 2025,1
Sun Mar 16 22:45:07 2025,1
Sun Mar 16 22:46:07 2025,1
Sun Mar 16 22:47:06 2025,1
Sun Mar 16 22:48:11 2025,1
Mon Mar 17 09:07:07 2025,137
Mon Mar 17 09:08:07 2025,136
Mon Mar 17 09:09:08 2025,137
Mon Mar 17 09:10:08 2025,138
Mon Mar 17 09:11:07 2025,135
Mon Mar 17 09:12:07 2025,137
Mon Mar 17 09:13:07 2025,136
Mon Mar 17 09:14:07 2025,137
Mon Mar 17 09:15:08 2025,138
Mon Mar 17 09:16:07 2025,138
Mon Mar 17 09:17:07 2025,137
Mon Mar 17 09:18:07 2025,136
Mon Mar 17 09:19:07 2025,139
Mon Mar 17 09:20:07 2025,138
Mon Mar 17 09:21:07 2025,139
Mon Mar 17 09:22:07 2025,142
Mon Mar 17 09:23:07 2025,124
Mon Mar 17 09:24:07 2025,121
Mon Mar 17 09:28:07 2025,124
Mon Mar 17 09:29:07 2025,128
Mon Mar 17 09:30:08 2025,124
Mon Mar 17 09:31:07 2025,124
Mon Mar 17 09:32:07 2025,125
Mon Mar 17 09:33:08 2025,126
Mon Mar 17 09:34:07 2025,125
Mon Mar 17 09:35:07 2025,124
Mon Mar 17 09:36:09 2025,126
Mon Mar 17 09:37:07 2025,129
Mon Mar 17 09:38:08 2025,133
Mon Mar 17 09:39:07 2025,134
Mon Mar 17 09:40:08 2025,132
Mon Mar 17 09:41:07 2025,131
Mon Mar 17 09:42:08 2025,129
Mon Mar 17 09:43:07 2025,127
Mon Mar 17 09:44:07 2025,127
Mon Mar 17 09:45:07 2025,126
Mon Mar 17 09:46:07 2025,127
Mon Mar 17 09:47:07 2025,128
Mon Mar 17 09:48:08 2025,129
Mon Mar 17 09:49:07 2025,129
Mon Mar 17 09:50:07 2025,131
Mon Mar 17 09:51:07 2025,131
Mon Mar 17 09:52:07 2025,130
Mon Mar 17 09:53:08 2025,142
Mon Mar 17 09:54:09 2025,144
Mon Mar 17 09:55:07 2025,144
Mon Mar 17 09:56:07 2025,144
Mon Mar 17 09:57:12 2025,143
Mon Mar 17 09:58:08 2025,143
Mon Mar 17 09:59:07 2025,144
Mon Mar 17 10:00:07 2025,-
Mon Mar 17 10:01:07 2025,151
Mon Mar 17 10:02:06 2025,170
Mon Mar 17 10:03:08 2025,170
Mon Mar 17 10:04:07 2025,171
Mon Mar 17 10:05:07 2025,172
Mon Mar 17 10:06:07 2025,174
Mon Mar 17 10:07:07 2025,172
Mon Mar 17 10:08:08 2025,169
Mon Mar 17 10:09:07 2025,170
Mon Mar 17 10:10:07 2025,168
Mon Mar 17 10:11:07 2025,169
Mon Mar 17 10:12:07 2025,169
Mon Mar 17 10:13:07 2025,169
Mon Mar 17 10:14:07 2025,171
Mon Mar 17 10:15:07 2025,173
Mon Mar 17 10:16:07 2025,163
Mon Mar 17 10:17:08 2025,159
Mon Mar 17 10:18:09 2025,160
Mon Mar 17 10:19:07 2025,159
Mon Mar 17 10:20:07 2025,161
Mon Mar 17 10:21:07 2025,157
Mon Mar 17 10:22:07 2025,156
Mon Mar 17 10:23:07 2025,154
Mon Mar 17 10:24:07 2025,146
Mon Mar 17 10:25:07 2025,145
Mon Mar 17 10:26:08 2025,145
Mon Mar 17 10:27:07 2025,142
Mon Mar 17 10:28:07 2025,141
Mon Mar 17 10:29:07 2025,138
Mon Mar 17 10:30:08 2025,138
Mon Mar 17 10:31:12 2025,136
Mon Mar 17 10:32:08 2025,-
Mon Mar 17 10:33:07 2025,141
Mon Mar 17 10:34:08 2025,139
Mon Mar 17 10:35:07 2025,141
Mon Mar 17 10:36:08 2025,139
Mon Mar 17 10:37:07 2025,138
Mon Mar 17 10:38:07 2025,140
Mon Mar 17 10:39:07 2025,140
Mon Mar 17 10:40:07 2025,140
Mon Mar 17 10:41:07 2025,143
Mon Mar 17 10:42:07 2025,145
Mon Mar 17 10:43:10 2025,143
Mon Mar 17 10:44:07 2025,141
Mon Mar 17 10:45:07 2025,140
Mon Mar 17 10:46:07 2025,139
Mon Mar 17 10:47:07 2025,141
Mon Mar 17 10:48:07 2025,141
Mon Mar 17 10:49:07 2025,139
Mon Mar 17 10:50:07 2025,136
Mon Mar 17 10:51:07 2025,137
Mon Mar 17 10:52:07 2025,141
Mon Mar 17 10:53:07 2025,143
Mon Mar 17 10:54:07 2025,143
Mon Mar 17 10:55:09 2025,145
Mon Mar 17 10:56:07 2025,147
Mon Mar 17 10:57:07 2025,167
Mon Mar 17 10:58:07 2025,167
Mon Mar 17 10:59:07 2025,170
Mon Mar 17 11:00:07 2025,-
Mon Mar 17 11:01:07 2025,170
Mon Mar 17 11:02:09 2025,172
Mon Mar 17 11:03:09 2025,171
Mon Mar 17 11:04:07 2025,173
Mon Mar 17 11:05:07 2025,173
Mon Mar 17 11:06:07 2025,190
Mon Mar 17 11:07:07 2025,186
Mon Mar 17 11:08:30 2025,184
Mon Mar 17 11:09:07 2025,185
Mon Mar 17 11:10:07 2025,186
Mon Mar 17 11:11:07 2025,185
Mon Mar 17 11:12:07 2025,186
Mon Mar 17 11:13:07 2025,187
Mon Mar 17 11:14:07 2025,181
Mon Mar 17 11:15:08 2025,180
Mon Mar 17 11:16:08 2025,181
Mon Mar 17 11:17:07 2025,180
Mon Mar 17 11:18:07 2025,158
Mon Mar 17 11:19:07 2025,148
Mon Mar 17 11:20:07 2025,146
Mon Mar 17 11:21:07 2025,141
Mon Mar 17 11:22:08 2025,144
Mon Mar 17 11:23:07 2025,144
Mon Mar 17 11:24:08 2025,143
Mon Mar 17 11:25:09 2025,144
Mon Mar 17 11:26:10 2025,146
Mon Mar 17 11:27:07 2025,146
Mon Mar 17 11:28:07 2025,147
Mon Mar 17 11:29:07 2025,148
Mon Mar 17 11:30:07 2025,149
Mon Mar 17 11:31:09 2025,150
Mon Mar 17 11:32:07 2025,148
Mon Mar 17 11:33:07 2025,148
Mon Mar 17 11:35:08 2025,149
Mon Mar 17 11:36:08 2025,149
Mon Mar 17 11:37:07 2025,149
Mon Mar 17 11:38:07 2025,149
Mon Mar 17 11:39:07 2025,153
Mon Mar 17 11:40:07 2025,153
Mon Mar 17 11:41:07 2025,153
Mon Mar 17 11:42:08 2025,151
Mon Mar 17 11:43:07 2025,154
Mon Mar 17 11:44:07 2025,155
Mon Mar 17 11:45:07 2025,157
Mon Mar 17 11:46:07 2025,155
Mon Mar 17 11:47:08 2025,156
Mon Mar 17 11:48:07 2025,156
Mon Mar 17 11:49:07 2025,161
Mon Mar 17 11:50:07 2025,164
Mon Mar 17 11:51:07 2025,-
Mon Mar 17 11:52:07 2025,161
Mon Mar 17 11:53:07 2025,163
Mon Mar 17 11:54:07 2025,166
Mon Mar 17 11:55:07 2025,169
Mon Mar 17 11:56:07 2025,172
Mon Mar 17 11:57:07 2025,173
Mon Mar 17 11:58:07 2025,181
Mon Mar 17 11:59:07 2025,182
Mon Mar 17 12:00:07 2025,-
Mon Mar 17 12:16:33 2025,168
Mon Mar 17 12:31:58 2025,171
Mon Mar 17 12:32:08 2025,171
Mon Mar 17 12:33:07 2025,171
Mon Mar 17 12:34:07 2025,170
Mon Mar 17 12:35:07 2025,169
Mon Mar 17 12:36:08 2025,167
Mon Mar 17 12:37:07 2025,165
Mon Mar 17 12:38:07 2025,163
Mon Mar 17 12:39:07 2025,162
Mon Mar 17 12:40:07 2025,160
Mon Mar 17 12:41:08 2025,160
Mon Mar 17 12:42:08 2025,158
Mon Mar 17 12:43:07 2025,155
Mon Mar 17 12:44:08 2025,156
Mon Mar 17 12:45:07 2025,157
Mon Mar 17 12:46:07 2025,155
Mon Mar 17 12:47:08 2025,154
Mon Mar 17 12:48:07 2025,154
Mon Mar 17 12:49:07 2025,154
Mon Mar 17 12:50:08 2025,155
Mon Mar 17 12:51:07 2025,154
Mon Mar 17 12:52:08 2025,155
Mon Mar 17 12:53:08 2025,153
Mon Mar 17 12:54:07 2025,152
Mon Mar 17 12:55:07 2025,150
Mon Mar 17 12:56:07 2025,151
Mon Mar 17 12:57:07 2025,149
Mon Mar 17 12:58:07 2025,147
Mon Mar 17 12:59:07 2025,146
Mon Mar 17 13:00:09 2025,-
Mon Mar 17 13:01:07 2025,144
Mon Mar 17 13:02:07 2025,146
Mon Mar 17 13:03:09 2025,145
Mon Mar 17 13:04:07 2025,144
Mon Mar 17 13:05:07 2025,144
Mon Mar 17 13:06:07 2025,140
Mon Mar 17 13:07:07 2025,139
Mon Mar 17 13:08:09 2025,130
Mon Mar 17 13:09:08 2025,128
Mon Mar 17 13:10:07 2025,126
Mon Mar 17 13:11:07 2025,124
Mon Mar 17 13:12:08 2025,124
Mon Mar 17 13:13:07 2025,121
Mon Mar 17 13:14:07 2025,119
Mon Mar 17 13:15:07 2025,119
Mon Mar 17 13:16:07 2025,116
Mon Mar 17 13:17:08 2025,115
Mon Mar 17 13:18:07 2025,116
Mon Mar 17 13:19:07 2025,114
Mon Mar 17 13:20:07 2025,111
Mon Mar 17 13:21:07 2025,110
Mon Mar 17 13:22:51 2025,114
Mon Mar 17 13:23:08 2025,114
Mon Mar 17 13:24:07 2025,112
Mon Mar 17 13:25:07 2025,128
Mon Mar 17 13:26:07 2025,128
Mon Mar 17 13:27:07 2025,124
Mon Mar 17 13:28:07 2025,123
Mon Mar 17 13:29:07 2025,120
Mon Mar 17 13:30:07 2025,122
Mon Mar 17 13:31:07 2025,120
Mon Mar 17 13:32:07 2025,120
Mon Mar 17 13:33:08 2025,118
Mon Mar 17 13:34:07 2025,117
Mon Mar 17 13:35:08 2025,115
Mon Mar 17 13:36:07 2025,110
Mon Mar 17 13:37:07 2025,130
Mon Mar 17 13:38:10 2025,129
Mon Mar 17 13:39:10 2025,127
Mon Mar 17 13:40:07 2025,127
Mon Mar 17 13:41:07 2025,127
Mon Mar 17 13:42:07 2025,129
Mon Mar 17 13:43:07 2025,126
Mon Mar 17 13:44:07 2025,130
Mon Mar 17 13:45:08 2025,128
Mon Mar 17 13:46:09 2025,127
Mon Mar 17 13:47:07 2025,125
Mon Mar 17 13:48:07 2025,-
Mon Mar 17 13:49:12 2025,121
Mon Mar 17 13:50:08 2025,121
Mon Mar 17 13:51:07 2025,-
Mon Mar 17 13:52:07 2025,119
Mon Mar 17 13:53:08 2025,118
Mon Mar 17 13:54:07 2025,117
Mon Mar 17 13:55:31 2025,116
Mon Mar 17 13:56:07 2025,121
Mon Mar 17 13:57:07 2025,121
Mon Mar 17 13:58:07 2025,123
Mon Mar 17 13:59:07 2025,123
Mon Mar 17 14:00:08 2025,-
Mon Mar 17 14:01:07 2025,-
Mon Mar 17 14:02:08 2025,123
Mon Mar 17 14:03:08 2025,124
Mon Mar 17 14:04:10 2025,122
Mon Mar 17 14:05:08 2025,123
Mon Mar 17 14:06:07 2025,-
Mon Mar 17 14:07:08 2025,-
Mon Mar 17 14:08:07 2025,-
Mon Mar 17 14:09:07 2025,-
Mon Mar 17 14:10:07 2025,-
Mon Mar 17 14:11:07 2025,-
Mon Mar 17 14:12:08 2025,121
Mon Mar 17 14:13:07 2025,-
Mon Mar 17 14:14:07 2025,-
Mon Mar 17 14:15:08 2025,139
Mon Mar 17 14:16:08 2025,138
Mon Mar 17 14:17:11 2025,137
Mon Mar 17 14:18:08 2025,141
Mon Mar 17 14:19:07 2025,-
Mon Mar 17 14:20:09 2025,144
Mon Mar 17 14:21:07 2025,-
Mon Mar 17 14:22:09 2025,163
Mon Mar 17 14:23:07 2025,-
Mon Mar 17 14:25:07 2025,-
Mon Mar 17 14:26:08 2025,158
Mon Mar 17 14:27:07 2025,-
Mon Mar 17 14:28:07 2025,-
Mon Mar 17 14:29:07 2025,171
Mon Mar 17 14:30:08 2025,172
Mon Mar 17 14:31:08 2025,173
Mon Mar 17 14:32:08 2025,176
Mon Mar 17 14:33:08 2025,179
Mon Mar 17 14:34:08 2025,179
Mon Mar 17 14:35:08 2025,178
Mon Mar 17 14:36:07 2025,178
Mon Mar 17 14:37:07 2025,178
Mon Mar 17 14:38:07 2025,-
Mon Mar 17 14:39:08 2025,181
Mon Mar 17 14:40:07 2025,-
Mon Mar 17 14:41:08 2025,182
Mon Mar 17 14:42:08 2025,178
Mon Mar 17 14:43:08 2025,180
Mon Mar 17 14:44:07 2025,-
Mon Mar 17 14:45:07 2025,-
Mon Mar 17 14:46:08 2025,185
Mon Mar 17 14:47:07 2025,-
Mon Mar 17 14:48:08 2025,170
Mon Mar 17 14:49:08 2025,-
Mon Mar 17 14:50:09 2025,170
Mon Mar 17 14:51:07 2025,-
Mon Mar 17 14:52:07 2025,-
Mon Mar 17 14:53:07 2025,152
Mon Mar 17 14:54:07 2025,-
Mon Mar 17 14:55:07 2025,152
Mon Mar 17 14:56:07 2025,153
Mon Mar 17 14:57:07 2025,-
Mon Mar 17 14:58:07 2025,-
Mon Mar 17 14:59:07 2025,152
Mon Mar 17 15:00:08 2025,-
Mon Mar 17 15:01:07 2025,-
Mon Mar 17 15:02:08 2025,158
Mon Mar 17 15:03:07 2025,-
Mon Mar 17 15:04:07 2025,-
Mon Mar 17 15:05:07 2025,-
Mon Mar 17 15:06:07 2025,-
Mon Mar 17 15:07:07 2025,-
Mon Mar 17 15:08:08 2025,178
Mon Mar 17 15:09:07 2025,-
Mon Mar 17 15:10:07 2025,-
Mon Mar 17 15:11:07 2025,-
Mon Mar 17 15:12:07 2025,-
Mon Mar 17 15:13:07 2025,-
Mon Mar 17 15:14:08 2025,180
Mon Mar 17 15:15:08 2025,-
Mon Mar 17 15:16:07 2025,-
Mon Mar 17 15:17:07 2025,-
Mon Mar 17 15:18:09 2025,183
Mon Mar 17 15:19:07 2025,-
Mon Mar 17 15:20:07 2025,-
Mon Mar 17 15:21:07 2025,-
Mon Mar 17 15:22:07 2025,-
Mon Mar 17 15:23:08 2025,159
Mon Mar 17 15:24:08 2025,158
Mon Mar 17 15:25:07 2025,-
Mon Mar 17 15:26:08 2025,-
Mon Mar 17 15:27:08 2025,180
Mon Mar 17 15:28:07 2025,-
Mon Mar 17 15:29:07 2025,-
Mon Mar 17 15:30:08 2025,-
Mon Mar 17 15:31:08 2025,186
Mon Mar 17 15:32:12 2025,-
Mon Mar 17 15:33:08 2025,-
Mon Mar 17 15:34:12 2025,187
Mon Mar 17 15:35:07 2025,-
Mon Mar 17 15:36:12 2025,184
Mon Mar 17 15:37:08 2025,-
Mon Mar 17 15:38:08 2025,181
Mon Mar 17 15:39:07 2025,-
Mon Mar 17 15:40:11 2025,177
Mon Mar 17 15:41:08 2025,164
Mon Mar 17 15:42:07 2025,-
Mon Mar 17 15:43:07 2025,-
Mon Mar 17 15:44:08 2025,159
Mon Mar 17 15:45:09 2025,-
Mon Mar 17 15:46:08 2025,-
Mon Mar 17 15:47:07 2025,-
Mon Mar 17 15:48:09 2025,162
Mon Mar 17 15:49:08 2025,162
Mon Mar 17 15:50:08 2025,-
Mon Mar 17 15:51:08 2025,161
Mon Mar 17 15:52:07 2025,-
Mon Mar 17 15:53:07 2025,-
Mon Mar 17 15:54:08 2025,-
Mon Mar 17 15:55:07 2025,-
Mon Mar 17 15:56:07 2025,-
Mon Mar 17 15:57:08 2025,-
Mon Mar 17 15:58:07 2025,-
Mon Mar 17 15:59:08 2025,169
Mon Mar 17 16:00:08 2025,-
Mon Mar 17 16:01:08 2025,166
Mon Mar 17 16:02:07 2025,-
Mon Mar 17 16:03:07 2025,-
Mon Mar 17 16:04:07 2025,-
Mon Mar 17 16:05:07 2025,-
Mon Mar 17 16:06:08 2025,165
Mon Mar 17 16:07:07 2025,-
Mon Mar 17 16:08:07 2025,-
Mon Mar 17 16:09:09 2025,134
Mon Mar 17 16:10:08 2025,135
Mon Mar 17 16:11:07 2025,-
Mon Mar 17 16:12:09 2025,134
Mon Mar 17 16:13:10 2025,136
Mon Mar 17 16:14:07 2025,-
Mon Mar 17 16:15:07 2025,-
Mon Mar 17 16:16:09 2025,135
Mon Mar 17 16:17:07 2025,-
Mon Mar 17 16:18:08 2025,139
Mon Mar 17 16:19:09 2025,141
Mon Mar 17 16:20:07 2025,-
Mon Mar 17 16:21:08 2025,143
Mon Mar 17 16:22:07 2025,-
Mon Mar 17 16:23:08 2025,149
Mon Mar 17 16:24:07 2025,-
Mon Mar 17 16:25:07 2025,-
Mon Mar 17 16:26:07 2025,-
Mon Mar 17 16:27:08 2025,157
Mon Mar 17 16:28:07 2025,-
Mon Mar 17 16:29:07 2025,-
Mon Mar 17 16:30:08 2025,162
Mon Mar 17 16:31:08 2025,162
Mon Mar 17 16:32:07 2025,-
Mon Mar 17 16:33:07 2025,-
Mon Mar 17 16:34:08 2025,164
Mon Mar 17 16:35:07 2025,-
Mon Mar 17 16:36:08 2025,-
Mon Mar 17 16:37:08 2025,-
Mon Mar 17 16:38:07 2025,143
Mon Mar 17 16:39:07 2025,-
Mon Mar 17 16:40:07 2025,146
Mon Mar 17 16:41:07 2025,-
Mon Mar 17 16:42:08 2025,150
Mon Mar 17 16:43:07 2025,148
Mon Mar 17 16:44:07 2025,-
Mon Mar 17 16:45:11 2025,146
Mon Mar 17 16:46:07 2025,145
Mon Mar 17 16:47:07 2025,-
Mon Mar 17 16:48:07 2025,-
Mon Mar 17 16:49:07 2025,141
Mon Mar 17 16:50:08 2025,142
Mon Mar 17 16:51:07 2025,-
Mon Mar 17 16:52:07 2025,-
Mon Mar 17 16:53:07 2025,142
Mon Mar 17 16:54:06 2025,-
Mon Mar 17 16:55:08 2025,142
Mon Mar 17 16:56:07 2025,-
Mon Mar 17 16:57:07 2025,-
Mon Mar 17 16:58:08 2025,146
Mon Mar 17 16:59:07 2025,-
Mon Mar 17 17:00:08 2025,-
Mon Mar 17 17:01:08 2025,148
Mon Mar 17 17:02:07 2025,-
Mon Mar 17 17:03:07 2025,-
Mon Mar 17 17:04:07 2025,-
Mon Mar 17 17:05:07 2025,-
Mon Mar 17 17:06:08 2025,155
Mon Mar 17 17:07:08 2025,154
Mon Mar 17 17:08:08 2025,156
Mon Mar 17 17:09:08 2025,156
Mon Mar 17 17:10:07 2025,-
Mon Mar 17 17:11:07 2025,-
Mon Mar 17 17:12:08 2025,154
Mon Mar 17 17:26:52 2025,-
Mon Mar 17 17:27:08 2025,156
Mon Mar 17 17:28:07 2025,-
Mon Mar 17 17:29:07 2025,159
Mon Mar 17 17:30:08 2025,161
Mon Mar 17 17:31:08 2025,159
Mon Mar 17 17:32:07 2025,-
Mon Mar 17 17:33:07 2025,160
Mon Mar 17 17:34:08 2025,161
Mon Mar 17 17:35:07 2025,-
Mon Mar 17 17:36:07 2025,-
Mon Mar 17 17:50:07 2025,158
Mon Mar 17 17:51:07 2025,158
Mon Mar 17 17:52:07 2025,155
Mon Mar 17 17:53:07 2025,153
Mon Mar 17 17:54:07 2025,151
Mon Mar 17 17:55:07 2025,154
Mon Mar 17 17:56:07 2025,153
Mon Mar 17 17:57:07 2025,155
Mon Mar 17 17:58:07 2025,154
Mon Mar 17 17:59:07 2025,154
Mon Mar 17 18:00:07 2025,-
Mon Mar 17 18:01:07 2025,153
Mon Mar 17 18:02:07 2025,159
Mon Mar 17 18:03:07 2025,162
Mon Mar 17 18:04:07 2025,165
Mon Mar 17 18:05:07 2025,167
Mon Mar 17 18:16:22 2025,171
Mon Mar 17 22:31:12 2025,0
Mon Mar 17 22:32:07 2025,0
Mon Mar 17 22:33:07 2025,0
Mon Mar 17 22:34:07 2025,0
Mon Mar 17 22:35:06 2025,0
Mon Mar 17 22:36:07 2025,0
Mon Mar 17 22:37:07 2025,0
Mon Mar 17 22:38:07 2025,0
Mon Mar 17 22:39:07 2025,1
Mon Mar 17 22:40:07 2025,1
Mon Mar 17 22:41:07 2025,1
Mon Mar 17 22:42:07 2025,1
Mon Mar 17 22:43:07 2025,1
Mon Mar 17 22:44:07 2025,1
Mon Mar 17 22:45:07 2025,1
Mon Mar 17 22:46:07 2025,1
Mon Mar 17 22:47:07 2025,1
Mon Mar 17 22:48:07 2025,1
Mon Mar 17 22:49:07 2025,1
Mon Mar 17 22:50:07 2025,1
Mon Mar 17 22:51:07 2025,1
Mon Mar 17 22:52:07 2025,1
Mon Mar 17 22:53:07 2025,1
Mon Mar 17 22:54:07 2025,1
Mon Mar 17 22:55:07 2025,1
Mon Mar 17 22:56:10 2025,1
Mon Mar 17 22:57:07 2025,1
Mon Mar 17 22:58:07 2025,1
Mon Mar 17 22:59:07 2025,1
Mon Mar 17 23:00:07 2025,-
Mon Mar 17 23:01:07 2025,1
Mon Mar 17 23:02:10 2025,1
Mon Mar 17 23:03:06 2025,1
Mon Mar 17 23:04:07 2025,1
Mon Mar 17 23:05:07 2025,1
Mon Mar 17 23:06:07 2025,1
Mon Mar 17 23:07:07 2025,1
Mon Mar 17 23:08:07 2025,1
Mon Mar 17 23:09:07 2025,1
Mon Mar 17 23:10:07 2025,1
Mon Mar 17 23:11:07 2025,1
Mon Mar 17 23:12:07 2025,1
Mon Mar 17 23:13:07 2025,1
Mon Mar 17 23:14:07 2025,1
Mon Mar 17 23:15:07 2025,1
Mon Mar 17 23:16:07 2025,1
Mon Mar 17 23:17:07 2025,1
Mon Mar 17 23:18:07 2025,1
Mon Mar 17 23:19:07 2025,1
Mon Mar 17 23:20:08 2025,1
Mon Mar 17 23:21:07 2025,1
Mon Mar 17 23:22:06 2025,1
Mon Mar 17 23:23:07 2025,1
Mon Mar 17 23:24:07 2025,1
Mon Mar 17 23:25:07 2025,1
Mon Mar 17 23:26:07 2025,1
Mon Mar 17 23:27:07 2025,1
Mon Mar 17 23:28:07 2025,1
Mon Mar 17 23:29:06 2025,1
Mon Mar 17 23:30:07 2025,1
Mon Mar 17 23:31:07 2025,1
Mon Mar 17 23:32:07 2025,1
Mon Mar 17 23:33:07 2025,1
Mon Mar 17 23:34:07 2025,1
Mon Mar 17 23:35:07 2025,1
Mon Mar 17 23:36:07 2025,1
Tue Mar 18 08:52:06 2025,105
Tue Mar 18 09:02:27 2025,139
Tue Mar 18 09:03:07 2025,138
Tue Mar 18 09:04:07 2025,138
Tue Mar 18 09:05:07 2025,136
Tue Mar 18 09:06:07 2025,134
Tue Mar 18 09:07:07 2025,135
Tue Mar 18 09:08:07 2025,134
Tue Mar 18 09:09:07 2025,133
Tue Mar 18 09:10:07 2025,131
Tue Mar 18 09:11:08 2025,132
Tue Mar 18 09:12:07 2025,131
Tue Mar 18 09:13:08 2025,131
Tue Mar 18 09:14:07 2025,130
Tue Mar 18 09:15:07 2025,130
Tue Mar 18 09:16:07 2025,131
Tue Mar 18 09:17:08 2025,127
Tue Mar 18 09:18:07 2025,130
Tue Mar 18 09:19:08 2025,130
Tue Mar 18 09:20:07 2025,129
Tue Mar 18 09:21:07 2025,131
Tue Mar 18 09:22:07 2025,131
Tue Mar 18 09:23:07 2025,132
Tue Mar 18 09:24:07 2025,132
Tue Mar 18 09:25:07 2025,134
Tue Mar 18 09:26:07 2025,134
Tue Mar 18 09:27:09 2025,136
Tue Mar 18 09:28:07 2025,137
Tue Mar 18 09:29:08 2025,139
Tue Mar 18 09:30:07 2025,124
Tue Mar 18 09:31:07 2025,117
Tue Mar 18 09:32:07 2025,117
Tue Mar 18 09:33:09 2025,115
Tue Mar 18 09:34:07 2025,113
Tue Mar 18 09:35:07 2025,111
Tue Mar 18 09:36:07 2025,114
Tue Mar 18 09:37:07 2025,113
Tue Mar 18 09:38:07 2025,113
Tue Mar 18 09:39:07 2025,116
Tue Mar 18 09:40:08 2025,117
Tue Mar 18 09:41:07 2025,115
Tue Mar 18 09:42:07 2025,113
Tue Mar 18 09:43:08 2025,114
Tue Mar 18 09:44:07 2025,118
Tue Mar 18 09:45:07 2025,117
Tue Mar 18 09:46:07 2025,117
Tue Mar 18 09:47:07 2025,117
Tue Mar 18 09:48:07 2025,118
Tue Mar 18 09:49:07 2025,116
Tue Mar 18 09:50:07 2025,116
Tue Mar 18 09:51:07 2025,118
Tue Mar 18 09:52:07 2025,116
Tue Mar 18 09:53:08 2025,116
Tue Mar 18 09:54:07 2025,117
Tue Mar 18 09:55:07 2025,117
Tue Mar 18 09:56:07 2025,139
Tue Mar 18 09:57:07 2025,138
Tue Mar 18 09:58:07 2025,139
Tue Mar 18 09:59:07 2025,138
Tue Mar 18 10:00:07 2025,-
Tue Mar 18 10:01:07 2025,137
Tue Mar 18 10:02:08 2025,138
Tue Mar 18 10:03:08 2025,137
Tue Mar 18 10:04:10 2025,139
Tue Mar 18 10:05:07 2025,139
Tue Mar 18 10:06:07 2025,136
Tue Mar 18 10:07:07 2025,133
Tue Mar 18 10:08:07 2025,134
Tue Mar 18 10:09:07 2025,134
Tue Mar 18 10:10:07 2025,133
Tue Mar 18 10:11:07 2025,133
Tue Mar 18 10:12:07 2025,133
Tue Mar 18 10:13:07 2025,136
Tue Mar 18 10:14:07 2025,136
Tue Mar 18 10:15:08 2025,135
Tue Mar 18 10:16:08 2025,136
Tue Mar 18 10:17:09 2025,140
Tue Mar 18 10:18:07 2025,139
Tue Mar 18 10:19:07 2025,156
Tue Mar 18 10:20:08 2025,156
Tue Mar 18 10:21:07 2025,155
Tue Mar 18 10:22:07 2025,156
Tue Mar 18 10:23:07 2025,157
Tue Mar 18 10:24:07 2025,160
Tue Mar 18 10:25:07 2025,162
Tue Mar 18 10:26:08 2025,165
Tue Mar 18 10:27:07 2025,166
Tue Mar 18 10:28:07 2025,165
Tue Mar 18 10:29:07 2025,166
Tue Mar 18 10:30:07 2025,165
Tue Mar 18 10:31:07 2025,166
Tue Mar 18 10:32:07 2025,163
Tue Mar 18 10:33:07 2025,162
Tue Mar 18 10:34:07 2025,141
Tue Mar 18 10:35:10 2025,141
Tue Mar 18 10:36:07 2025,142
Tue Mar 18 10:37:07 2025,143
Tue Mar 18 10:38:08 2025,141
Tue Mar 18 10:39:07 2025,144
Tue Mar 18 10:40:07 2025,158
Tue Mar 18 10:41:07 2025,156
Tue Mar 18 10:42:07 2025,156
Tue Mar 18 10:43:07 2025,167
Tue Mar 18 10:44:08 2025,168
Tue Mar 18 10:45:08 2025,168
Tue Mar 18 10:46:07 2025,168
Tue Mar 18 10:47:07 2025,166
Tue Mar 18 10:48:07 2025,166
Tue Mar 18 10:49:07 2025,168
Tue Mar 18 10:50:07 2025,170
Tue Mar 18 10:51:07 2025,169
Tue Mar 18 10:52:07 2025,168
Tue Mar 18 10:53:07 2025,168
Tue Mar 18 10:54:07 2025,169
Tue Mar 18 10:55:07 2025,168
Tue Mar 18 10:56:07 2025,168
Tue Mar 18 10:57:07 2025,164
Tue Mar 18 10:58:07 2025,160
Tue Mar 18 10:59:07 2025,159
Tue Mar 18 11:00:07 2025,-
Tue Mar 18 11:01:07 2025,162
Tue Mar 18 11:02:07 2025,162
Tue Mar 18 11:03:07 2025,160
Tue Mar 18 11:04:07 2025,158
Tue Mar 18 11:05:09 2025,159
Tue Mar 18 11:06:07 2025,159
Tue Mar 18 11:07:07 2025,158
Tue Mar 18 11:08:07 2025,157
Tue Mar 18 11:09:07 2025,155
Tue Mar 18 11:10:07 2025,151
Tue Mar 18 11:11:07 2025,152
Tue Mar 18 11:12:07 2025,151
Tue Mar 18 11:13:07 2025,152
Tue Mar 18 11:14:07 2025,130
Tue Mar 18 11:15:07 2025,133
Tue Mar 18 11:16:08 2025,133
Tue Mar 18 11:17:07 2025,129
Tue Mar 18 11:18:07 2025,132
Tue Mar 18 11:19:07 2025,131
Tue Mar 18 11:20:09 2025,134
Tue Mar 18 11:21:07 2025,132
Tue Mar 18 11:22:07 2025,131
Tue Mar 18 11:23:07 2025,132
Tue Mar 18 11:24:07 2025,129
Tue Mar 18 11:25:08 2025,129
Tue Mar 18 11:26:07 2025,126
Tue Mar 18 11:27:07 2025,122
Tue Mar 18 11:28:08 2025,123
Tue Mar 18 11:29:07 2025,123
Tue Mar 18 11:30:07 2025,122
Tue Mar 18 11:31:08 2025,119
Tue Mar 18 11:32:07 2025,120
Tue Mar 18 11:33:08 2025,120
Tue Mar 18 11:34:07 2025,119
Tue Mar 18 11:35:08 2025,118
Tue Mar 18 11:36:08 2025,120
Tue Mar 18 11:37:07 2025,122
Tue Mar 18 11:38:07 2025,120
Tue Mar 18 11:39:10 2025,122
Tue Mar 18 11:40:10 2025,123
Tue Mar 18 11:41:08 2025,123
Tue Mar 18 11:42:07 2025,122
Tue Mar 18 11:43:08 2025,124
Tue Mar 18 11:44:07 2025,123
Tue Mar 18 11:45:07 2025,124
Tue Mar 18 11:46:07 2025,126
Tue Mar 18 11:47:07 2025,129
Tue Mar 18 11:48:08 2025,132
Tue Mar 18 11:49:07 2025,131
Tue Mar 18 11:50:08 2025,131
Tue Mar 18 11:51:07 2025,129
Tue Mar 18 11:52:07 2025,132
Tue Mar 18 11:53:07 2025,139
Tue Mar 18 11:54:07 2025,143
Tue Mar 18 11:55:07 2025,144
Tue Mar 18 11:56:07 2025,148
Tue Mar 18 11:57:07 2025,133
Tue Mar 18 11:58:07 2025,128
Tue Mar 18 11:59:07 2025,130
Tue Mar 18 12:00:07 2025,-
Tue Mar 18 12:01:07 2025,126
Tue Mar 18 12:02:07 2025,127
Tue Mar 18 12:03:07 2025,127
Tue Mar 18 12:04:07 2025,119
Tue Mar 18 12:05:08 2025,112
Tue Mar 18 12:06:08 2025,113
Tue Mar 18 12:07:08 2025,114
Tue Mar 18 12:08:07 2025,116
Tue Mar 18 12:09:07 2025,118
Tue Mar 18 12:10:11 2025,117
Tue Mar 18 12:11:08 2025,116
Tue Mar 18 12:12:09 2025,113
Tue Mar 18 12:13:07 2025,113
Tue Mar 18 12:29:22 2025,128
Tue Mar 18 12:47:05 2025,124
Tue Mar 18 12:48:07 2025,123
Tue Mar 18 12:49:07 2025,121
Tue Mar 18 12:50:07 2025,121
Tue Mar 18 12:51:07 2025,122
Tue Mar 18 12:52:07 2025,119
Tue Mar 18 12:53:07 2025,119
Tue Mar 18 12:54:07 2025,119
Tue Mar 18 14:16:59 2025,96
Tue Mar 18 14:33:02 2025,-
Tue Mar 18 15:57:14 2025,119
Tue Mar 18 15:58:07 2025,119
Tue Mar 18 15:59:07 2025,121
Tue Mar 18 16:00:07 2025,-
Tue Mar 18 16:01:07 2025,124
Tue Mar 18 16:02:07 2025,124
Tue Mar 18 16:03:07 2025,126
Tue Mar 18 16:04:07 2025,128
Tue Mar 18 16:05:07 2025,129
Tue Mar 18 16:06:07 2025,132
Tue Mar 18 16:07:07 2025,133
Tue Mar 18 16:08:07 2025,132
Tue Mar 18 16:16:45 2025,138
Tue Mar 18 16:17:08 2025,139
Tue Mar 18 16:18:07 2025,142
Tue Mar 18 17:27:07 2025,171
Tue Mar 18 17:28:07 2025,172
Tue Mar 18 17:29:07 2025,171
Tue Mar 18 17:30:07 2025,170
Tue Mar 18 17:31:07 2025,170
Tue Mar 18 17:32:07 2025,170
Tue Mar 18 17:33:07 2025,173
Tue Mar 18 17:34:07 2025,174
Tue Mar 18 17:35:08 2025,168
Tue Mar 18 17:36:07 2025,168
Tue Mar 18 17:37:07 2025,170
Tue Mar 18 17:38:07 2025,171
Tue Mar 18 17:39:07 2025,171
Tue Mar 18 17:40:07 2025,169
Tue Mar 18 17:41:07 2025,171
Tue Mar 18 17:42:07 2025,176
Tue Mar 18 17:43:07 2025,177
Tue Mar 18 17:44:07 2025,181
Tue Mar 18 17:45:07 2025,181
Tue Mar 18 17:46:08 2025,183
Tue Mar 18 17:47:07 2025,182
Tue Mar 18 17:48:07 2025,185
Tue Mar 18 17:49:07 2025,191
Tue Mar 18 17:50:07 2025,190
Tue Mar 18 17:51:07 2025,192
Tue Mar 18 17:52:07 2025,196
Tue Mar 18 17:53:07 2025,199
Tue Mar 18 17:54:07 2025,198
Tue Mar 18 17:55:07 2025,203
Tue Mar 18 17:56:07 2025,200
Tue Mar 18 17:57:07 2025,198
Tue Mar 18 17:58:07 2025,200
Tue Mar 18 17:59:07 2025,200
Tue Mar 18 18:00:07 2025,-
Tue Mar 18 18:01:07 2025,200
Tue Mar 18 18:02:07 2025,201
Tue Mar 18 18:03:06 2025,205
Tue Mar 18 18:04:07 2025,208
Tue Mar 18 18:05:08 2025,204
Tue Mar 18 18:06:07 2025,205
Tue Mar 18 18:07:07 2025,206
Tue Mar 18 18:08:07 2025,200
Tue Mar 18 18:09:07 2025,196
Tue Mar 18 18:10:07 2025,192
Tue Mar 18 18:11:07 2025,189
Tue Mar 18 22:47:14 2025,0
Tue Mar 18 22:48:07 2025,0
Tue Mar 18 22:49:09 2025,0
Tue Mar 18 22:50:08 2025,-
Tue Mar 18 22:51:09 2025,0
Tue Mar 18 22:52:07 2025,0
Tue Mar 18 22:53:09 2025,0
Tue Mar 18 22:54:08 2025,0
Tue Mar 18 22:55:08 2025,0
Tue Mar 18 22:56:07 2025,0
Tue Mar 18 22:57:07 2025,0
Tue Mar 18 22:58:09 2025,0
Tue Mar 18 22:59:07 2025,0
Tue Mar 18 23:00:07 2025,-
Tue Mar 18 23:01:07 2025,0
Tue Mar 18 23:02:08 2025,0
Tue Mar 18 23:03:07 2025,0
Tue Mar 18 23:04:09 2025,0
Tue Mar 18 23:05:08 2025,0
Tue Mar 18 23:06:09 2025,0
Tue Mar 18 23:07:07 2025,0
Tue Mar 18 23:08:07 2025,0
Tue Mar 18 23:09:07 2025,0
Tue Mar 18 23:10:07 2025,0
Tue Mar 18 23:11:08 2025,0
Tue Mar 18 23:12:08 2025,0
Tue Mar 18 23:13:07 2025,0
Tue Mar 18 23:14:07 2025,0
Tue Mar 18 23:15:07 2025,0
Tue Mar 18 23:16:07 2025,0
Tue Mar 18 23:17:07 2025,0
Tue Mar 18 23:18:23 2025,0
Tue Mar 18 23:20:08 2025,0
Tue Mar 18 23:21:08 2025,-
Tue Mar 18 23:22:12 2025,0
Tue Mar 18 23:23:09 2025,0
Tue Mar 18 23:24:08 2025,0
Tue Mar 18 23:25:07 2025,0
Tue Mar 18 23:26:07 2025,0
Tue Mar 18 23:27:07 2025,0
Tue Mar 18 23:28:09 2025,0
Tue Mar 18 23:29:07 2025,0
Tue Mar 18 23:30:07 2025,0
Tue Mar 18 23:31:07 2025,0
Tue Mar 18 23:32:08 2025,0
Tue Mar 18 23:33:07 2025,0
Tue Mar 18 23:34:08 2025,0
Tue Mar 18 23:35:08 2025,0
Tue Mar 18 23:36:59 2025,0
Tue Mar 18 23:37:07 2025,0
Tue Mar 18 23:38:09 2025,0
Tue Mar 18 23:39:07 2025,0
Tue Mar 18 23:40:07 2025,0
Tue Mar 18 23:41:07 2025,0
Tue Mar 18 23:42:07 2025,0
Tue Mar 18 23:43:07 2025,0
Tue Mar 18 23:44:07 2025,0
Tue Mar 18 23:45:07 2025,0
Tue Mar 18 23:46:07 2025,0
Tue Mar 18 23:47:08 2025,0
Wed Mar 19 08:27:35 2025,119
Wed Mar 19 08:28:07 2025,118
Wed Mar 19 08:29:07 2025,117
Wed Mar 19 08:30:07 2025,118
Wed Mar 19 08:31:07 2025,121
Wed Mar 19 08:32:07 2025,122
Wed Mar 19 08:33:07 2025,128
Wed Mar 19 08:34:08 2025,129
Wed Mar 19 08:35:08 2025,126
Wed Mar 19 08:36:08 2025,127
Wed Mar 19 08:37:07 2025,129
Wed Mar 19 08:38:07 2025,129
Wed Mar 19 08:39:07 2025,130
Wed Mar 19 08:40:07 2025,128
Wed Mar 19 08:41:18 2025,129
Wed Mar 19 08:42:07 2025,133
Wed Mar 19 10:43:22 2025,151
Wed Mar 19 14:20:30 2025,-
Wed Mar 19 15:48:16 2025,109
Wed Mar 19 21:08:32 2025,73
Wed Mar 19 21:09:08 2025,73
Wed Mar 19 21:10:07 2025,73
Wed Mar 19 21:11:07 2025,76
Wed Mar 19 21:12:08 2025,75
Wed Mar 19 21:13:07 2025,76
Wed Mar 19 21:14:07 2025,76
Wed Mar 19 21:15:07 2025,73
Wed Mar 19 21:16:07 2025,68
Wed Mar 19 21:17:07 2025,68
Wed Mar 19 21:18:07 2025,68
Wed Mar 19 21:19:07 2025,66
Wed Mar 19 21:20:07 2025,62
Wed Mar 19 21:21:07 2025,-
Wed Mar 19 21:22:07 2025,58
Wed Mar 19 21:23:07 2025,57
Wed Mar 19 21:24:07 2025,57
Wed Mar 19 21:25:15 2025,54
Wed Mar 19 21:27:08 2025,53
Wed Mar 19 21:28:07 2025,52
Wed Mar 19 21:29:07 2025,53
Wed Mar 19 21:30:07 2025,53
Wed Mar 19 21:31:07 2025,53
Wed Mar 19 21:32:07 2025,50
Wed Mar 19 21:33:07 2025,50
Wed Mar 19 21:34:07 2025,48
Wed Mar 19 21:35:07 2025,48
Wed Mar 19 21:36:07 2025,47
Wed Mar 19 21:37:07 2025,44
Wed Mar 19 21:38:07 2025,42
Wed Mar 19 21:39:07 2025,41
Wed Mar 19 21:40:07 2025,36
Wed Mar 19 21:41:07 2025,35
Wed Mar 19 21:42:07 2025,35
Wed Mar 19 21:43:08 2025,33
Wed Mar 19 21:44:07 2025,32
Wed Mar 19 21:45:07 2025,-
Wed Mar 19 21:46:07 2025,31
Wed Mar 19 21:47:08 2025,31
Wed Mar 19 21:48:08 2025,31
Wed Mar 19 21:49:07 2025,31
Wed Mar 19 21:50:07 2025,30
Wed Mar 19 21:51:07 2025,30
Wed Mar 19 21:52:10 2025,29
Wed Mar 19 21:53:07 2025,27
Wed Mar 19 21:54:07 2025,27
Wed Mar 19 21:55:07 2025,27
Wed Mar 19 21:56:07 2025,26
Wed Mar 19 21:57:07 2025,26
Wed Mar 19 21:58:07 2025,24
Wed Mar 19 21:59:07 2025,21
Wed Mar 19 22:00:07 2025,-
Wed Mar 19 22:01:07 2025,16
Wed Mar 19 22:02:08 2025,17
Wed Mar 19 22:03:07 2025,16
Wed Mar 19 22:04:07 2025,13
Wed Mar 19 22:05:07 2025,12
Wed Mar 19 22:06:07 2025,10
Wed Mar 19 22:07:07 2025,6
Wed Mar 19 22:08:07 2025,3
Wed Mar 19 22:09:08 2025,0
Wed Mar 19 22:10:07 2025,0
Wed Mar 19 22:11:08 2025,0
Wed Mar 19 22:12:07 2025,0
Wed Mar 19 22:13:07 2025,0
Wed Mar 19 22:14:07 2025,0
Wed Mar 19 22:15:07 2025,1
Wed Mar 19 22:16:07 2025,0
Wed Mar 19 22:17:07 2025,0
Wed Mar 19 22:18:07 2025,0
Wed Mar 19 22:19:07 2025,0
Wed Mar 19 22:20:07 2025,0
Wed Mar 19 22:21:07 2025,0
Wed Mar 19 22:22:07 2025,0
Wed Mar 19 22:23:07 2025,0
Wed Mar 19 22:24:07 2025,0
Wed Mar 19 22:25:07 2025,0
Wed Mar 19 22:26:07 2025,0
Wed Mar 19 22:27:06 2025,0
Wed Mar 19 22:28:07 2025,0
Wed Mar 19 22:29:07 2025,0
Wed Mar 19 22:30:06 2025,0
Wed Mar 19 22:31:07 2025,0
Wed Mar 19 22:32:07 2025,0
Wed Mar 19 22:33:07 2025,0
Wed Mar 19 22:34:07 2025,0
Wed Mar 19 22:35:07 2025,0
Wed Mar 19 22:36:07 2025,0
Wed Mar 19 22:37:07 2025,0
Wed Mar 19 22:38:06 2025,0
Wed Mar 19 22:39:07 2025,0
Wed Mar 19 22:40:07 2025,0
Wed Mar 19 22:41:07 2025,1
Wed Mar 19 22:42:07 2025,0
Wed Mar 19 22:43:07 2025,0
Wed Mar 19 22:44:09 2025,0
Wed Mar 19 22:45:07 2025,1
Wed Mar 19 22:46:07 2025,1
Wed Mar 19 22:47:07 2025,1
Wed Mar 19 22:48:07 2025,1
Wed Mar 19 22:49:07 2025,1
Wed Mar 19 22:50:07 2025,1
Wed Mar 19 22:51:07 2025,1
Wed Mar 19 22:52:07 2025,1
Wed Mar 19 22:53:06 2025,1
Wed Mar 19 22:54:07 2025,1
Wed Mar 19 22:55:07 2025,1
Wed Mar 19 22:56:07 2025,1
Wed Mar 19 22:57:06 2025,1
Wed Mar 19 22:58:07 2025,-
Wed Mar 19 22:59:07 2025,1
Wed Mar 19 23:00:07 2025,-
Wed Mar 19 23:01:07 2025,1
Wed Mar 19 23:02:08 2025,1
Wed Mar 19 23:03:07 2025,1
Wed Mar 19 23:04:07 2025,1
Wed Mar 19 23:05:06 2025,1
Wed Mar 19 23:06:07 2025,1
Wed Mar 19 23:07:07 2025,1
Wed Mar 19 23:08:07 2025,1
Wed Mar 19 23:09:07 2025,1
Thu Mar 20 09:00:17 2025,109
Thu Mar 20 09:01:12 2025,105
Thu Mar 20 09:02:07 2025,110
Thu Mar 20 09:03:07 2025,111
Thu Mar 20 09:04:07 2025,110
Thu Mar 20 09:05:07 2025,111
Thu Mar 20 09:06:07 2025,114
Thu Mar 20 09:07:07 2025,123
Thu Mar 20 09:08:07 2025,124
Thu Mar 20 09:09:07 2025,122
Thu Mar 20 09:10:07 2025,125
Thu Mar 20 09:11:07 2025,125
Thu Mar 20 09:12:07 2025,127
Thu Mar 20 09:13:06 2025,128
Thu Mar 20 09:14:07 2025,124
Thu Mar 20 09:15:07 2025,126
Thu Mar 20 09:16:07 2025,125
Thu Mar 20 09:17:07 2025,125
Thu Mar 20 09:18:07 2025,125
Thu Mar 20 09:19:07 2025,125
Thu Mar 20 09:20:07 2025,125
Thu Mar 20 09:21:07 2025,126
Thu Mar 20 09:22:07 2025,127
Thu Mar 20 09:23:07 2025,127
Thu Mar 20 09:24:07 2025,120
Thu Mar 20 09:25:07 2025,120
Thu Mar 20 09:26:07 2025,122
Thu Mar 20 09:27:07 2025,123
Thu Mar 20 09:28:07 2025,122
Thu Mar 20 09:29:07 2025,119
Thu Mar 20 09:30:07 2025,104
Thu Mar 20 09:31:07 2025,105
Thu Mar 20 09:32:07 2025,105
Thu Mar 20 09:33:07 2025,108
Thu Mar 20 09:34:15 2025,-
Thu Mar 20 09:35:07 2025,107
Thu Mar 20 09:36:06 2025,105
Thu Mar 20 09:37:07 2025,104
Thu Mar 20 09:38:07 2025,103
Thu Mar 20 09:39:07 2025,103
Thu Mar 20 09:40:07 2025,100
Thu Mar 20 09:41:07 2025,102
Thu Mar 20 09:42:07 2025,101
Thu Mar 20 09:43:07 2025,101
Thu Mar 20 09:44:07 2025,98
Thu Mar 20 09:45:07 2025,97
Thu Mar 20 09:46:07 2025,96
Thu Mar 20 09:47:07 2025,100
Thu Mar 20 09:48:07 2025,98
Thu Mar 20 09:49:07 2025,97
Thu Mar 20 09:50:07 2025,95
Thu Mar 20 09:51:07 2025,95
Thu Mar 20 09:52:07 2025,96
Thu Mar 20 09:53:07 2025,98
Thu Mar 20 09:54:07 2025,94
Thu Mar 20 09:55:07 2025,93
Thu Mar 20 09:56:07 2025,91
Thu Mar 20 09:57:07 2025,91
Thu Mar 20 09:58:08 2025,92
Thu Mar 20 09:59:06 2025,91
Thu Mar 20 10:00:08 2025,-
Thu Mar 20 10:01:07 2025,85
Thu Mar 20 10:02:07 2025,85
Thu Mar 20 10:03:07 2025,83
Thu Mar 20 10:04:07 2025,100
Thu Mar 20 10:05:07 2025,98
Thu Mar 20 10:06:07 2025,99
Thu Mar 20 10:07:07 2025,98
Thu Mar 20 10:08:07 2025,98
Thu Mar 20 10:09:07 2025,99
Thu Mar 20 10:10:07 2025,99
Thu Mar 20 10:11:07 2025,101
Thu Mar 20 10:12:07 2025,100
Thu Mar 20 10:13:07 2025,100
Thu Mar 20 10:14:07 2025,100
Thu Mar 20 10:15:07 2025,100
Thu Mar 20 10:16:07 2025,98
Thu Mar 20 10:17:07 2025,93
Thu Mar 20 10:18:07 2025,94
Thu Mar 20 10:19:07 2025,93
Thu Mar 20 10:20:07 2025,92
Thu Mar 20 10:21:07 2025,92
Thu Mar 20 10:22:07 2025,94
Thu Mar 20 10:23:07 2025,93
Thu Mar 20 10:24:07 2025,92
Thu Mar 20 10:25:07 2025,93
Thu Mar 20 10:26:07 2025,84
Thu Mar 20 10:27:08 2025,90
Thu Mar 20 10:28:08 2025,88
Thu Mar 20 10:29:08 2025,88
Thu Mar 20 10:30:07 2025,88
Thu Mar 20 10:31:06 2025,87
Thu Mar 20 10:32:07 2025,87
Thu Mar 20 10:33:07 2025,89
Thu Mar 20 10:34:07 2025,89
Thu Mar 20 10:35:07 2025,89
Thu Mar 20 10:36:07 2025,91
Thu Mar 20 10:37:07 2025,99
Thu Mar 20 10:38:07 2025,99
Thu Mar 20 10:39:07 2025,99
Thu Mar 20 10:40:07 2025,98
Thu Mar 20 10:41:07 2025,97
Thu Mar 20 10:42:07 2025,97
Thu Mar 20 10:43:07 2025,99
Thu Mar 20 10:44:07 2025,99
Thu Mar 20 10:45:07 2025,98
Thu Mar 20 10:46:07 2025,97
Thu Mar 20 10:47:07 2025,98
Thu Mar 20 10:48:07 2025,100
Thu Mar 20 10:49:06 2025,99
Thu Mar 20 10:50:08 2025,99
Thu Mar 20 10:51:08 2025,101
Thu Mar 20 10:52:07 2025,100
Thu Mar 20 10:53:06 2025,99
Thu Mar 20 10:54:07 2025,96
Thu Mar 20 10:55:08 2025,97
Thu Mar 20 10:56:07 2025,95
Thu Mar 20 10:57:07 2025,95
Thu Mar 20 10:58:07 2025,95
Thu Mar 20 10:59:07 2025,95
Thu Mar 20 11:00:07 2025,-
Thu Mar 20 11:01:07 2025,94
Thu Mar 20 11:02:07 2025,94
Thu Mar 20 11:03:06 2025,96
Thu Mar 20 11:04:08 2025,93
Thu Mar 20 11:05:06 2025,92
Thu Mar 20 11:06:07 2025,92
Thu Mar 20 11:07:07 2025,92
Thu Mar 20 11:08:06 2025,89
Thu Mar 20 11:09:07 2025,88
Thu Mar 20 11:10:07 2025,89
Thu Mar 20 11:11:06 2025,90
Thu Mar 20 11:12:07 2025,92
Thu Mar 20 11:13:07 2025,93
Thu Mar 20 11:14:08 2025,93
Thu Mar 20 11:15:07 2025,95
Thu Mar 20 11:16:07 2025,95
Thu Mar 20 11:17:11 2025,97
Thu Mar 20 11:18:09 2025,97
Thu Mar 20 11:19:07 2025,96
Thu Mar 20 11:20:07 2025,96
Thu Mar 20 11:21:07 2025,96
Thu Mar 20 11:22:07 2025,97
Thu Mar 20 11:23:10 2025,84
Thu Mar 20 11:24:07 2025,76
Thu Mar 20 11:25:07 2025,74
Thu Mar 20 11:26:10 2025,76
Thu Mar 20 11:27:07 2025,75
Thu Mar 20 11:28:07 2025,76
Thu Mar 20 11:29:07 2025,74
Thu Mar 20 11:30:07 2025,72
Thu Mar 20 11:31:11 2025,65
Thu Mar 20 11:32:07 2025,65
Thu Mar 20 11:33:07 2025,65
Thu Mar 20 11:34:07 2025,66
Thu Mar 20 11:35:07 2025,66
Thu Mar 20 11:36:07 2025,68
Thu Mar 20 11:37:07 2025,68
Thu Mar 20 11:38:07 2025,70
Thu Mar 20 11:39:06 2025,69
Thu Mar 20 11:40:08 2025,70
Thu Mar 20 11:41:07 2025,69
Thu Mar 20 11:42:06 2025,69
Thu Mar 20 11:43:07 2025,73
Thu Mar 20 11:44:07 2025,75
Thu Mar 20 11:45:07 2025,75
Thu Mar 20 11:46:11 2025,74
Thu Mar 20 11:47:12 2025,74
Thu Mar 20 11:48:07 2025,74
Thu Mar 20 11:49:11 2025,73
Thu Mar 20 11:50:07 2025,72
Thu Mar 20 11:51:07 2025,73
Thu Mar 20 11:52:07 2025,72
Thu Mar 20 11:53:11 2025,73
Thu Mar 20 11:54:11 2025,74
Thu Mar 20 11:55:07 2025,76
Thu Mar 20 11:56:07 2025,80
Thu Mar 20 11:57:07 2025,82
Thu Mar 20 11:58:06 2025,80
Thu Mar 20 11:59:07 2025,81
Thu Mar 20 12:00:07 2025,-
Thu Mar 20 12:01:12 2025,86
Thu Mar 20 12:02:07 2025,86
Thu Mar 20 12:03:07 2025,85
Thu Mar 20 12:04:07 2025,83
Thu Mar 20 12:05:07 2025,84
Thu Mar 20 12:06:07 2025,80
Thu Mar 20 12:07:07 2025,80
Thu Mar 20 12:08:07 2025,82
Thu Mar 20 12:09:07 2025,85
Thu Mar 20 12:10:07 2025,85
Thu Mar 20 12:11:07 2025,84
Thu Mar 20 12:12:07 2025,87
Thu Mar 20 12:13:07 2025,87
Thu Mar 20 12:14:07 2025,88
Thu Mar 20 12:15:07 2025,91
Thu Mar 20 12:16:07 2025,91
Thu Mar 20 12:17:07 2025,92
Thu Mar 20 12:18:07 2025,92
Thu Mar 20 12:19:07 2025,89
Thu Mar 20 12:20:07 2025,91
Thu Mar 20 13:00:49 2025,76
Thu Mar 20 13:01:10 2025,75
Thu Mar 20 13:02:07 2025,72
Thu Mar 20 13:03:07 2025,71
Thu Mar 20 13:04:07 2025,66
Thu Mar 20 13:05:07 2025,64
Thu Mar 20 13:06:07 2025,65
Thu Mar 20 13:07:07 2025,64
Thu Mar 20 13:08:07 2025,65
Thu Mar 20 13:09:07 2025,68
Thu Mar 20 13:10:07 2025,69
Thu Mar 20 13:11:07 2025,68
Thu Mar 20 13:12:07 2025,66
Thu Mar 20 13:13:06 2025,67
Thu Mar 20 13:14:07 2025,68
Thu Mar 20 13:15:07 2025,67
Thu Mar 20 13:17:36 2025,63
Thu Mar 20 13:18:07 2025,64
Thu Mar 20 13:19:07 2025,65
Thu Mar 20 13:20:07 2025,67
Thu Mar 20 13:21:07 2025,67
Thu Mar 20 13:22:07 2025,71
Thu Mar 20 13:23:07 2025,71
Thu Mar 20 13:24:07 2025,69
Thu Mar 20 13:25:07 2025,65
Thu Mar 20 13:26:07 2025,64
Thu Mar 20 13:27:07 2025,64
Thu Mar 20 13:28:07 2025,63
Thu Mar 20 13:29:07 2025,63
Thu Mar 20 13:30:07 2025,63
Thu Mar 20 13:31:07 2025,-
Thu Mar 20 13:32:08 2025,66
Thu Mar 20 13:33:07 2025,66
Thu Mar 20 13:34:07 2025,67
Thu Mar 20 13:35:10 2025,65
Thu Mar 20 13:36:07 2025,65
Thu Mar 20 13:37:07 2025,63
Thu Mar 20 13:38:07 2025,62
Thu Mar 20 13:39:07 2025,63
Thu Mar 20 13:40:09 2025,66
Thu Mar 20 13:41:07 2025,65
Thu Mar 20 13:42:07 2025,68
Thu Mar 20 13:43:07 2025,68
Thu Mar 20 13:44:07 2025,68
Thu Mar 20 13:45:07 2025,68
Thu Mar 20 13:46:07 2025,70
Thu Mar 20 13:47:07 2025,71
Thu Mar 20 13:48:08 2025,72
Thu Mar 20 13:49:07 2025,72
Thu Mar 20 13:50:07 2025,72
Thu Mar 20 13:51:07 2025,67
Thu Mar 20 13:52:07 2025,68
Thu Mar 20 13:53:07 2025,73
Thu Mar 20 13:54:07 2025,73
Thu Mar 20 13:55:07 2025,75
Thu Mar 20 13:56:07 2025,73
Thu Mar 20 13:57:07 2025,71
Thu Mar 20 13:58:07 2025,70
Thu Mar 20 13:59:07 2025,68
Thu Mar 20 14:00:07 2025,-
Thu Mar 20 14:01:07 2025,79
Thu Mar 20 14:02:07 2025,84
Thu Mar 20 14:03:07 2025,84
Thu Mar 20 14:04:07 2025,85
Thu Mar 20 14:05:07 2025,83
Thu Mar 20 14:06:07 2025,82
Thu Mar 20 14:07:07 2025,82
Thu Mar 20 14:08:09 2025,94
Thu Mar 20 14:09:07 2025,92
Thu Mar 20 14:10:07 2025,93
Thu Mar 20 14:11:07 2025,93
Thu Mar 20 14:12:07 2025,93
Thu Mar 20 14:13:07 2025,93
Thu Mar 20 14:14:07 2025,93
Thu Mar 20 14:15:07 2025,95
Thu Mar 20 14:16:08 2025,92
Thu Mar 20 14:17:07 2025,94
Thu Mar 20 14:18:07 2025,95
Thu Mar 20 14:19:08 2025,97
Thu Mar 20 14:20:07 2025,97
Thu Mar 20 14:21:07 2025,98
Thu Mar 20 14:22:08 2025,98
Thu Mar 20 14:23:07 2025,99
Thu Mar 20 14:24:08 2025,101
Thu Mar 20 14:25:07 2025,100
Thu Mar 20 14:26:08 2025,98
Thu Mar 20 14:27:07 2025,98
Thu Mar 20 14:28:07 2025,99
Thu Mar 20 14:29:07 2025,98
Thu Mar 20 14:30:08 2025,98
Thu Mar 20 14:31:07 2025,97
Thu Mar 20 14:32:07 2025,97
Thu Mar 20 14:33:07 2025,98
Thu Mar 20 14:34:07 2025,100
Thu Mar 20 14:35:07 2025,98
Thu Mar 20 14:36:07 2025,95
Thu Mar 20 14:37:07 2025,97
Thu Mar 20 14:38:07 2025,97
Thu Mar 20 14:39:07 2025,96
Thu Mar 20 14:40:07 2025,97
Thu Mar 20 14:41:07 2025,96
Thu Mar 20 14:42:07 2025,96
Thu Mar 20 14:43:07 2025,93
Thu Mar 20 14:44:07 2025,93
Thu Mar 20 14:45:07 2025,95
Thu Mar 20 14:46:08 2025,93
Thu Mar 20 14:47:07 2025,98
Thu Mar 20 14:48:07 2025,98
Thu Mar 20 14:49:07 2025,94
Thu Mar 20 14:50:07 2025,94
Thu Mar 20 14:51:07 2025,93
Thu Mar 20 14:52:07 2025,94
Thu Mar 20 14:53:07 2025,93
Thu Mar 20 14:54:07 2025,80
Thu Mar 20 14:55:08 2025,82
Thu Mar 20 14:56:07 2025,83
Thu Mar 20 14:57:07 2025,82
Thu Mar 20 14:58:08 2025,81
Thu Mar 20 14:59:07 2025,95
Thu Mar 20 15:00:07 2025,-
Thu Mar 20 15:01:07 2025,100
Thu Mar 20 15:02:07 2025,100
Thu Mar 20 15:03:07 2025,100
Thu Mar 20 15:04:08 2025,100
Thu Mar 20 15:05:07 2025,98
Thu Mar 20 15:06:07 2025,97
Thu Mar 20 15:07:07 2025,95
Thu Mar 20 15:08:13 2025,96
Thu Mar 20 15:09:07 2025,95
Thu Mar 20 15:10:07 2025,93
Thu Mar 20 15:11:07 2025,91
Thu Mar 20 15:12:07 2025,88
Thu Mar 20 15:13:07 2025,87
Thu Mar 20 15:14:07 2025,88
Thu Mar 20 15:15:07 2025,88
Thu Mar 20 15:16:08 2025,89
Thu Mar 20 15:17:07 2025,89
Thu Mar 20 15:22:38 2025,85
Thu Mar 20 15:23:19 2025,84
Thu Mar 20 15:29:02 2025,76
Thu Mar 20 15:30:20 2025,77
Thu Mar 20 15:31:38 2025,81
Thu Mar 20 15:32:07 2025,81
Thu Mar 20 15:33:07 2025,78
Thu Mar 20 15:34:07 2025,78
Thu Mar 20 15:35:07 2025,76
Thu Mar 20 15:36:07 2025,77
Thu Mar 20 15:37:08 2025,76
Thu Mar 20 15:38:08 2025,75
Thu Mar 20 15:39:07 2025,-
Thu Mar 20 15:40:07 2025,75
Thu Mar 20 15:41:07 2025,-
Thu Mar 20 15:42:07 2025,-
Thu Mar 20 15:43:07 2025,78
Thu Mar 20 15:44:07 2025,-
Thu Mar 20 15:45:06 2025,-
Thu Mar 20 15:46:07 2025,79
Thu Mar 20 15:47:07 2025,-
Thu Mar 20 15:48:07 2025,-
Thu Mar 20 15:49:07 2025,80
Thu Mar 20 15:50:07 2025,82
Thu Mar 20 15:51:07 2025,82
Thu Mar 20 15:52:07 2025,84
Thu Mar 20 15:53:07 2025,86
Thu Mar 20 15:54:07 2025,88
Thu Mar 20 15:55:07 2025,94
Thu Mar 20 15:56:07 2025,93
Thu Mar 20 15:57:07 2025,96
Thu Mar 20 15:58:07 2025,98
Thu Mar 20 15:59:07 2025,-
Thu Mar 20 16:00:08 2025,-
Thu Mar 20 16:01:07 2025,-
Thu Mar 20 16:02:08 2025,103
Thu Mar 20 16:03:07 2025,-
Thu Mar 20 16:04:07 2025,106
Thu Mar 20 16:05:08 2025,106
Thu Mar 20 16:06:07 2025,-
Thu Mar 20 16:07:08 2025,110
Thu Mar 20 16:08:08 2025,110
Thu Mar 20 16:09:07 2025,-
Thu Mar 20 16:10:08 2025,112
Thu Mar 20 16:11:08 2025,113
Thu Mar 20 16:12:07 2025,-
Thu Mar 20 16:13:08 2025,106
Thu Mar 20 16:14:07 2025,-
Thu Mar 20 16:15:07 2025,107
Thu Mar 20 16:16:07 2025,-
Thu Mar 20 16:17:08 2025,105
Thu Mar 20 16:18:07 2025,106
Thu Mar 20 16:19:07 2025,106
Thu Mar 20 16:20:07 2025,104
Thu Mar 20 16:21:07 2025,104
Thu Mar 20 16:22:07 2025,104
Thu Mar 20 16:23:07 2025,-
Thu Mar 20 16:24:07 2025,105
Thu Mar 20 16:25:08 2025,105
Thu Mar 20 16:26:07 2025,105
Thu Mar 20 16:27:07 2025,106
Thu Mar 20 16:28:07 2025,108
Thu Mar 20 16:29:07 2025,-
Thu Mar 20 16:30:08 2025,108
Thu Mar 20 16:31:08 2025,108
Thu Mar 20 16:32:07 2025,108
Thu Mar 20 16:33:07 2025,110
Thu Mar 20 16:34:07 2025,113
Thu Mar 20 16:35:08 2025,112
Thu Mar 20 16:36:07 2025,113
Thu Mar 20 16:37:07 2025,114
Thu Mar 20 16:38:26 2025,113
Thu Mar 20 16:39:48 2025,120
Thu Mar 20 16:40:07 2025,120
Thu Mar 20 16:44:34 2025,124
Thu Mar 20 16:45:08 2025,124
Thu Mar 20 16:46:07 2025,123
Thu Mar 20 16:47:07 2025,128
Thu Mar 20 16:48:08 2025,130
Thu Mar 20 16:49:07 2025,130
Thu Mar 20 16:50:07 2025,132
Thu Mar 20 16:51:09 2025,133
Thu Mar 20 16:52:07 2025,-
Thu Mar 20 16:53:07 2025,129
Thu Mar 20 16:54:08 2025,130
Thu Mar 20 16:55:08 2025,131
Thu Mar 20 16:56:07 2025,134
Thu Mar 20 16:57:07 2025,133
Thu Mar 20 16:58:07 2025,134
Thu Mar 20 16:59:07 2025,138
Thu Mar 20 17:00:07 2025,-
Thu Mar 20 17:01:07 2025,-
Thu Mar 20 17:02:07 2025,142
Thu Mar 20 17:03:08 2025,144
Thu Mar 20 17:04:07 2025,143
Thu Mar 20 17:05:08 2025,141
Thu Mar 20 17:06:07 2025,-
Thu Mar 20 17:07:07 2025,132
Thu Mar 20 17:08:07 2025,135
Thu Mar 20 17:09:07 2025,133
Thu Mar 20 17:10:07 2025,125
Thu Mar 20 17:11:07 2025,122
Thu Mar 20 17:12:07 2025,121
Thu Mar 20 17:13:07 2025,117
Thu Mar 20 17:14:08 2025,117
Thu Mar 20 17:15:08 2025,119
Thu Mar 20 17:16:07 2025,-
Thu Mar 20 17:17:07 2025,120
Thu Mar 20 17:18:08 2025,118
Thu Mar 20 17:19:07 2025,118
Thu Mar 20 17:20:07 2025,-
Thu Mar 20 17:21:09 2025,-
Thu Mar 20 17:22:09 2025,116
Thu Mar 20 17:23:07 2025,-
Thu Mar 20 17:24:07 2025,-
Thu Mar 20 17:25:07 2025,117
Thu Mar 20 17:26:07 2025,119
Thu Mar 20 17:27:07 2025,120
Thu Mar 20 17:28:07 2025,124
Thu Mar 20 17:29:08 2025,125
Thu Mar 20 17:30:07 2025,126
Thu Mar 20 17:31:06 2025,128
Thu Mar 20 17:32:07 2025,127
Thu Mar 20 17:33:07 2025,128
Thu Mar 20 17:34:07 2025,-
Thu Mar 20 17:35:08 2025,130
Thu Mar 20 17:36:07 2025,129
Thu Mar 20 17:37:08 2025,127
Thu Mar 20 17:38:08 2025,128
Thu Mar 20 17:39:08 2025,126
Thu Mar 20 17:40:07 2025,126
Thu Mar 20 17:41:07 2025,-
Thu Mar 20 17:42:07 2025,125
Thu Mar 20 17:43:07 2025,128
Thu Mar 20 17:44:07 2025,132
Thu Mar 20 17:45:07 2025,132
Thu Mar 20 17:46:07 2025,134
Thu Mar 20 17:47:07 2025,133
Thu Mar 20 17:48:07 2025,135
Thu Mar 20 17:49:07 2025,-
Thu Mar 20 17:50:07 2025,134
Thu Mar 20 17:51:07 2025,134
Thu Mar 20 17:52:07 2025,135
Thu Mar 20 17:53:07 2025,137
Thu Mar 20 17:54:07 2025,139
Thu Mar 20 17:55:07 2025,138
Thu Mar 20 17:56:07 2025,137
Thu Mar 20 17:57:07 2025,-
Thu Mar 20 17:58:07 2025,141
Thu Mar 20 17:59:07 2025,-
Thu Mar 20 18:00:07 2025,-
Thu Mar 20 18:01:07 2025,143
Thu Mar 20 18:02:07 2025,142
Thu Mar 20 18:03:07 2025,148
Thu Mar 20 18:04:07 2025,150
Thu Mar 20 18:05:07 2025,149
Thu Mar 20 18:06:08 2025,151
Thu Mar 20 18:07:07 2025,152
Thu Mar 20 18:08:08 2025,156
Thu Mar 20 18:09:07 2025,157
Thu Mar 20 18:10:07 2025,-
Thu Mar 20 18:11:07 2025,152
Thu Mar 20 18:12:07 2025,150
Thu Mar 20 18:13:07 2025,148
Thu Mar 20 18:14:09 2025,147
Thu Mar 20 18:15:07 2025,146
Thu Mar 20 18:16:08 2025,-
Thu Mar 20 18:17:08 2025,147
Thu Mar 20 18:18:07 2025,-
Thu Mar 20 18:19:07 2025,140
Thu Mar 20 18:20:07 2025,-
Thu Mar 20 18:21:07 2025,135
Thu Mar 20 18:22:07 2025,135
Thu Mar 20 18:23:08 2025,135
Thu Mar 20 18:24:07 2025,139
Thu Mar 20 18:25:07 2025,140
Thu Mar 20 18:26:08 2025,138
Thu Mar 20 18:27:07 2025,141
Thu Mar 20 18:28:08 2025,138
Thu Mar 20 18:29:07 2025,-
Thu Mar 20 18:30:07 2025,142
Thu Mar 20 18:31:07 2025,140
Thu Mar 20 18:32:07 2025,140
Thu Mar 20 18:33:07 2025,-
Thu Mar 20 18:34:07 2025,140
Thu Mar 20 18:35:07 2025,140
Thu Mar 20 18:36:07 2025,138
Thu Mar 20 18:37:08 2025,135
Thu Mar 20 18:38:07 2025,133
Thu Mar 20 18:39:07 2025,133
Thu Mar 20 18:40:07 2025,134
Thu Mar 20 18:41:08 2025,136
Thu Mar 20 18:42:07 2025,136
Thu Mar 20 18:43:07 2025,136
Thu Mar 20 18:44:07 2025,136
Thu Mar 20 18:45:07 2025,136
Thu Mar 20 18:46:07 2025,135
Thu Mar 20 18:47:09 2025,134
Thu Mar 20 18:48:07 2025,-
Thu Mar 20 18:49:07 2025,136
Thu Mar 20 18:50:09 2025,138
Thu Mar 20 18:51:07 2025,142
Thu Mar 20 18:52:08 2025,145
Thu Mar 20 18:53:07 2025,148
Thu Mar 20 18:54:08 2025,146
Thu Mar 20 18:55:07 2025,152
Thu Mar 20 18:56:07 2025,150
Thu Mar 20 18:57:07 2025,151
Thu Mar 20 18:58:07 2025,153
Thu Mar 20 18:59:07 2025,155
Thu Mar 20 19:00:07 2025,-
Thu Mar 20 19:01:07 2025,150
Thu Mar 20 19:02:08 2025,153
Thu Mar 20 19:03:08 2025,154
Thu Mar 20 19:04:07 2025,157
Thu Mar 20 19:05:07 2025,156
Thu Mar 20 19:06:07 2025,157
Thu Mar 20 19:07:07 2025,156
Thu Mar 20 19:31:07 2025,137
Thu Mar 20 19:32:07 2025,137
Thu Mar 20 19:33:07 2025,136
Thu Mar 20 19:34:07 2025,138
Thu Mar 20 19:35:08 2025,140
Thu Mar 20 19:36:07 2025,138
Thu Mar 20 19:37:07 2025,137
Thu Mar 20 19:38:07 2025,137
Thu Mar 20 19:39:07 2025,135
Thu Mar 20 19:40:08 2025,132
Thu Mar 20 19:41:07 2025,130
Thu Mar 20 19:42:07 2025,130
Thu Mar 20 19:43:07 2025,127
Thu Mar 20 19:44:07 2025,126
Thu Mar 20 19:45:07 2025,129
Thu Mar 20 19:46:07 2025,129
Thu Mar 20 19:47:09 2025,128
Thu Mar 20 19:48:08 2025,128
Thu Mar 20 19:49:07 2025,126
Thu Mar 20 19:50:07 2025,126
Thu Mar 20 19:51:07 2025,124
Thu Mar 20 19:52:07 2025,123
Thu Mar 20 19:53:07 2025,126
Thu Mar 20 19:54:07 2025,123
Thu Mar 20 19:55:07 2025,122
Thu Mar 20 19:56:07 2025,122
Thu Mar 20 19:57:07 2025,121
Thu Mar 20 19:58:08 2025,122
Thu Mar 20 19:59:08 2025,122
Thu Mar 20 20:00:07 2025,-
Thu Mar 20 20:01:07 2025,119
Thu Mar 20 20:02:08 2025,117
Thu Mar 20 20:03:07 2025,118
Thu Mar 20 20:04:07 2025,119
Thu Mar 20 20:05:07 2025,115
Thu Mar 20 20:06:07 2025,114
Thu Mar 20 20:07:07 2025,112
Thu Mar 20 20:08:08 2025,112
Thu Mar 20 20:09:08 2025,111
Thu Mar 20 20:10:07 2025,110
Thu Mar 20 20:11:10 2025,105
Thu Mar 20 20:12:07 2025,104
Thu Mar 20 20:13:07 2025,104
Thu Mar 20 20:14:07 2025,98
Thu Mar 20 20:16:07 2025,97
Thu Mar 20 20:17:07 2025,98
Thu Mar 20 20:18:07 2025,95
Thu Mar 20 20:19:07 2025,96
Thu Mar 20 20:20:22 2025,95
Thu Mar 20 20:23:07 2025,96
Thu Mar 20 20:24:07 2025,95
Thu Mar 20 20:25:07 2025,93
Thu Mar 20 20:26:07 2025,93
Thu Mar 20 20:27:07 2025,91
Thu Mar 20 20:28:07 2025,91
Thu Mar 20 20:29:07 2025,88
Thu Mar 20 20:30:07 2025,90
Thu Mar 20 20:31:08 2025,93
Thu Mar 20 20:32:07 2025,90
Thu Mar 20 20:33:08 2025,93
Thu Mar 20 20:34:07 2025,92
Thu Mar 20 20:35:07 2025,92
Thu Mar 20 20:36:08 2025,87
Thu Mar 20 20:37:07 2025,79
Thu Mar 20 20:38:07 2025,81
Thu Mar 20 20:39:08 2025,78
Thu Mar 20 20:40:07 2025,80
Thu Mar 20 20:41:07 2025,83
Thu Mar 20 20:42:12 2025,85
Thu Mar 20 20:43:08 2025,84
Thu Mar 20 20:44:07 2025,83
Thu Mar 20 20:45:07 2025,83
Thu Mar 20 20:46:07 2025,83
Thu Mar 20 20:47:07 2025,-
Thu Mar 20 20:48:07 2025,86
Thu Mar 20 20:49:07 2025,88
Thu Mar 20 20:50:07 2025,88
Thu Mar 20 20:51:10 2025,88
Thu Mar 20 20:52:07 2025,88
Thu Mar 20 20:53:07 2025,90
Thu Mar 20 20:54:07 2025,88
Thu Mar 20 20:55:07 2025,86
Thu Mar 20 20:56:06 2025,86
Thu Mar 20 20:57:08 2025,89
Thu Mar 20 20:58:07 2025,91
Thu Mar 20 20:59:07 2025,92
Thu Mar 20 21:00:07 2025,-
Thu Mar 20 21:01:07 2025,92
Thu Mar 20 21:02:07 2025,92
Thu Mar 20 21:03:08 2025,94
Thu Mar 20 21:04:07 2025,93
Thu Mar 20 21:05:07 2025,88
Thu Mar 20 21:06:07 2025,88
Thu Mar 20 21:07:07 2025,86
Thu Mar 20 21:08:07 2025,87
Thu Mar 20 21:09:07 2025,85
Thu Mar 20 21:10:07 2025,83
Thu Mar 20 21:11:07 2025,83
Thu Mar 20 21:12:07 2025,82
Thu Mar 20 21:13:07 2025,82
Thu Mar 20 21:14:07 2025,79
Thu Mar 20 21:15:07 2025,79
Thu Mar 20 21:16:07 2025,78
Thu Mar 20 21:17:07 2025,76
Thu Mar 20 21:18:07 2025,73
Thu Mar 20 21:19:07 2025,72
Thu Mar 20 21:20:07 2025,73
Thu Mar 20 21:21:07 2025,71
Thu Mar 20 21:22:07 2025,70
Thu Mar 20 21:23:07 2025,72
Thu Mar 20 21:24:07 2025,71
Thu Mar 20 21:25:07 2025,71
Thu Mar 20 21:26:07 2025,71
Thu Mar 20 21:27:07 2025,69
Thu Mar 20 21:28:07 2025,68
Thu Mar 20 21:29:07 2025,69
Thu Mar 20 21:30:07 2025,69
Thu Mar 20 21:31:07 2025,65
Thu Mar 20 21:32:07 2025,63
Thu Mar 20 21:33:07 2025,63
Thu Mar 20 21:34:07 2025,62
Thu Mar 20 21:35:07 2025,61
Thu Mar 20 21:36:07 2025,59
Thu Mar 20 21:37:07 2025,58
Thu Mar 20 21:38:07 2025,58
Thu Mar 20 21:39:07 2025,57
Thu Mar 20 21:40:07 2025,57
Thu Mar 20 21:41:07 2025,56
Thu Mar 20 21:42:07 2025,55
Thu Mar 20 21:43:07 2025,55
Thu Mar 20 21:44:07 2025,57
Thu Mar 20 21:45:08 2025,55
Thu Mar 20 21:46:07 2025,54
Thu Mar 20 21:47:07 2025,54
Thu Mar 20 21:48:07 2025,51
Thu Mar 20 21:49:08 2025,49
Thu Mar 20 21:50:07 2025,48
Thu Mar 20 21:51:07 2025,47
Thu Mar 20 21:52:07 2025,46
Thu Mar 20 21:53:07 2025,45
Thu Mar 20 21:54:06 2025,44
Thu Mar 20 21:55:07 2025,40
Thu Mar 20 21:56:07 2025,39
Thu Mar 20 21:57:07 2025,38
Thu Mar 20 21:58:07 2025,38
Thu Mar 20 21:59:08 2025,-
Thu Mar 20 22:00:08 2025,-
Thu Mar 20 22:01:07 2025,35
Thu Mar 20 22:02:07 2025,33
Thu Mar 20 22:03:08 2025,32
Thu Mar 20 22:04:08 2025,27
Thu Mar 20 22:05:07 2025,25
Thu Mar 20 22:06:07 2025,20
Thu Mar 20 22:07:07 2025,19
Thu Mar 20 22:08:07 2025,16
Thu Mar 20 22:09:07 2025,10
Thu Mar 20 22:10:09 2025,10
Thu Mar 20 22:11:07 2025,8
Thu Mar 20 22:12:07 2025,3
Thu Mar 20 22:13:07 2025,1
Thu Mar 20 22:14:07 2025,0
Thu Mar 20 22:15:07 2025,0
Thu Mar 20 22:16:08 2025,0
Thu Mar 20 22:17:07 2025,-
Thu Mar 20 22:18:07 2025,0
Thu Mar 20 22:19:07 2025,0
Thu Mar 20 22:20:07 2025,0
Thu Mar 20 22:21:07 2025,0
Thu Mar 20 22:22:07 2025,0
Thu Mar 20 22:23:07 2025,0
Thu Mar 20 22:24:07 2025,0
Thu Mar 20 22:25:07 2025,0
Thu Mar 20 22:26:07 2025,0
Thu Mar 20 22:27:07 2025,0
Thu Mar 20 22:28:12 2025,0
Thu Mar 20 22:29:07 2025,0
Thu Mar 20 22:30:07 2025,0
Thu Mar 20 22:31:07 2025,0
Thu Mar 20 22:32:07 2025,0
Thu Mar 20 22:33:07 2025,0
Thu Mar 20 22:34:07 2025,0
Thu Mar 20 22:35:15 2025,0
Thu Mar 20 22:36:08 2025,0
Thu Mar 20 22:37:07 2025,0
Thu Mar 20 22:38:08 2025,0
Thu Mar 20 22:39:07 2025,0
Thu Mar 20 22:40:07 2025,0
Thu Mar 20 22:41:07 2025,0
Thu Mar 20 22:42:07 2025,0
Thu Mar 20 22:43:07 2025,0
Thu Mar 20 22:44:06 2025,0
Thu Mar 20 22:45:07 2025,0
Thu Mar 20 22:46:07 2025,0
Thu Mar 20 22:47:07 2025,0
Thu Mar 20 22:48:07 2025,0
Thu Mar 20 22:49:07 2025,0
Thu Mar 20 22:50:07 2025,0
Thu Mar 20 22:51:07 2025,0
Thu Mar 20 22:52:07 2025,0
Thu Mar 20 22:53:07 2025,0
Thu Mar 20 22:54:07 2025,0
Thu Mar 20 22:55:07 2025,1
Thu Mar 20 22:56:07 2025,1
Thu Mar 20 22:57:07 2025,0
Thu Mar 20 22:58:07 2025,0
Thu Mar 20 22:59:07 2025,0
Thu Mar 20 23:00:07 2025,-
Thu Mar 20 23:01:07 2025,0
Thu Mar 20 23:02:06 2025,0
Thu Mar 20 23:03:07 2025,0
Thu Mar 20 23:04:08 2025,0
Thu Mar 20 23:05:07 2025,
Thu Mar 20 23:06:07 2025,0
Thu Mar 20 23:07:07 2025,0
Thu Mar 20 23:08:07 2025,0
Thu Mar 20 23:09:07 2025,0
Thu Mar 20 23:10:07 2025,0
Thu Mar 20 23:11:07 2025,0
Thu Mar 20 23:12:07 2025,0
Thu Mar 20 23:13:08 2025,0
Thu Mar 20 23:14:07 2025,0
Thu Mar 20 23:15:07 2025,0
Thu Mar 20 23:16:07 2025,0
Thu Mar 20 23:17:07 2025,0
Thu Mar 20 23:18:08 2025,0
Thu Mar 20 23:19:07 2025,0
Thu Mar 20 23:20:07 2025,0
Thu Mar 20 23:21:07 2025,0
Thu Mar 20 23:22:07 2025,0
Fri Mar 21 09:02:00 2025,155
Fri Mar 21 09:03:51 2025,156
Fri Mar 21 09:04:11 2025,153
Fri Mar 21 09:05:10 2025,154
Fri Mar 21 09:06:09 2025,152
Fri Mar 21 09:07:08 2025,152
Fri Mar 21 09:08:09 2025,154
Fri Mar 21 09:09:07 2025,153
Fri Mar 21 09:10:09 2025,153
Fri Mar 21 09:11:08 2025,153
Fri Mar 21 09:12:07 2025,154
Fri Mar 21 09:13:07 2025,154
Fri Mar 21 09:14:07 2025,163
Fri Mar 21 09:15:07 2025,172
Fri Mar 21 09:16:07 2025,168
Fri Mar 21 09:17:07 2025,170
Fri Mar 21 09:18:08 2025,167
Fri Mar 21 09:19:07 2025,165
Fri Mar 21 09:20:07 2025,158
Fri Mar 21 09:21:07 2025,155
Fri Mar 21 09:22:07 2025,157
Fri Mar 21 09:23:07 2025,160
Fri Mar 21 09:24:07 2025,161
Fri Mar 21 09:25:07 2025,154
Fri Mar 21 09:26:07 2025,156
Fri Mar 21 09:27:07 2025,156
Fri Mar 21 09:28:07 2025,156
Fri Mar 21 09:29:07 2025,156
Fri Mar 21 09:30:08 2025,155
Fri Mar 21 09:31:07 2025,133
Fri Mar 21 09:32:07 2025,132
Fri Mar 21 09:33:07 2025,137
Fri Mar 21 09:34:07 2025,137
Fri Mar 21 09:35:12 2025,136
Fri Mar 21 09:36:07 2025,132
Fri Mar 21 09:37:07 2025,133
Fri Mar 21 09:38:07 2025,133
Fri Mar 21 09:39:07 2025,133
Fri Mar 21 09:40:07 2025,134
Fri Mar 21 09:41:07 2025,136
Fri Mar 21 09:42:07 2025,132
Fri Mar 21 09:43:07 2025,132
Fri Mar 21 09:44:07 2025,128
Fri Mar 21 09:45:07 2025,127
Fri Mar 21 09:46:07 2025,127
Fri Mar 21 09:47:07 2025,126
Fri Mar 21 09:48:07 2025,127
Fri Mar 21 09:49:07 2025,128
Fri Mar 21 09:50:07 2025,129
Fri Mar 21 09:51:07 2025,130
Fri Mar 21 09:52:07 2025,131
Fri Mar 21 09:53:07 2025,133
Fri Mar 21 09:54:07 2025,134
Fri Mar 21 09:55:07 2025,133
Fri Mar 21 09:56:07 2025,137
Fri Mar 21 09:57:09 2025,133
Fri Mar 21 09:58:08 2025,133
Fri Mar 21 09:59:07 2025,134
Fri Mar 21 10:00:07 2025,-
Fri Mar 21 10:01:07 2025,136
Fri Mar 21 10:02:08 2025,149
Fri Mar 21 10:03:07 2025,150
Fri Mar 21 10:04:07 2025,160
Fri Mar 21 10:05:07 2025,159
Fri Mar 21 10:06:07 2025,160
Fri Mar 21 10:07:07 2025,160
Fri Mar 21 10:08:07 2025,160
Fri Mar 21 10:09:07 2025,184
Fri Mar 21 10:10:07 2025,185
Fri Mar 21 10:11:07 2025,188
Fri Mar 21 10:12:07 2025,183
Fri Mar 21 10:13:07 2025,185
Fri Mar 21 10:14:07 2025,187
Fri Mar 21 10:15:07 2025,183
Fri Mar 21 10:16:07 2025,184
Fri Mar 21 10:17:08 2025,183
Fri Mar 21 10:18:08 2025,181
Fri Mar 21 10:19:07 2025,172
Fri Mar 21 10:20:08 2025,167
Fri Mar 21 10:21:07 2025,165
Fri Mar 21 10:22:08 2025,166
Fri Mar 21 10:23:07 2025,167
Fri Mar 21 10:24:07 2025,166
Fri Mar 21 10:25:07 2025,166
Fri Mar 21 10:26:07 2025,163
Fri Mar 21 10:27:07 2025,154
Fri Mar 21 10:28:07 2025,153
Fri Mar 21 10:29:07 2025,154
Fri Mar 21 10:30:07 2025,151
Fri Mar 21 10:31:07 2025,150
Fri Mar 21 10:32:07 2025,151
Fri Mar 21 10:33:07 2025,144
Fri Mar 21 10:34:07 2025,144
Fri Mar 21 10:35:07 2025,142
Fri Mar 21 10:36:07 2025,141
Fri Mar 21 10:37:07 2025,139
Fri Mar 21 10:38:07 2025,137
Fri Mar 21 10:39:07 2025,137
Fri Mar 21 10:40:07 2025,139
Fri Mar 21 10:41:07 2025,138
Fri Mar 21 10:42:07 2025,137
Fri Mar 21 10:43:07 2025,133
Fri Mar 21 10:44:07 2025,133
Fri Mar 21 10:45:07 2025,134
Fri Mar 21 10:46:07 2025,134
Fri Mar 21 10:47:07 2025,133
Fri Mar 21 10:48:07 2025,133
Fri Mar 21 10:49:07 2025,134
Fri Mar 21 10:50:08 2025,135
Fri Mar 21 10:51:08 2025,134
Fri Mar 21 10:52:07 2025,135
Fri Mar 21 10:53:07 2025,157
Fri Mar 21 10:54:07 2025,159
Fri Mar 21 10:55:07 2025,160
Fri Mar 21 10:56:07 2025,159
Fri Mar 21 10:57:07 2025,159
Fri Mar 21 10:58:08 2025,162
Fri Mar 21 10:59:07 2025,161
Fri Mar 21 11:00:07 2025,-
Fri Mar 21 11:01:07 2025,160
Fri Mar 21 11:02:07 2025,161
Fri Mar 21 11:03:07 2025,162
Fri Mar 21 11:04:07 2025,161
Fri Mar 21 11:05:07 2025,177
Fri Mar 21 11:06:07 2025,176
Fri Mar 21 11:07:07 2025,176
Fri Mar 21 11:08:07 2025,172
Fri Mar 21 11:09:07 2025,171
Fri Mar 21 11:10:07 2025,170
Fri Mar 21 11:11:07 2025,175
Fri Mar 21 11:12:07 2025,176
Fri Mar 21 11:13:07 2025,175
Fri Mar 21 11:14:07 2025,176
Fri Mar 21 11:15:07 2025,178
Fri Mar 21 11:16:07 2025,177
Fri Mar 21 11:17:07 2025,178
Fri Mar 21 11:18:07 2025,178
Fri Mar 21 11:19:07 2025,174
Fri Mar 21 11:20:08 2025,157
Fri Mar 21 11:21:09 2025,154
Fri Mar 21 11:22:07 2025,136
Fri Mar 21 11:23:09 2025,133
Fri Mar 21 11:24:07 2025,132
Fri Mar 21 11:25:07 2025,133
Fri Mar 21 11:26:07 2025,134
Fri Mar 21 11:27:07 2025,134
Fri Mar 21 11:28:07 2025,136
Fri Mar 21 11:29:07 2025,135
Fri Mar 21 11:30:07 2025,134
Fri Mar 21 11:31:07 2025,135
Fri Mar 21 11:32:07 2025,135
Fri Mar 21 11:33:07 2025,132
Fri Mar 21 11:34:07 2025,127
Fri Mar 21 11:35:07 2025,126
Fri Mar 21 11:36:07 2025,127
Fri Mar 21 11:37:07 2025,126
Fri Mar 21 11:38:07 2025,123
Fri Mar 21 11:39:08 2025,121
Fri Mar 21 11:40:07 2025,121
Fri Mar 21 11:41:07 2025,122
Fri Mar 21 11:42:07 2025,123
Fri Mar 21 11:43:07 2025,124
Fri Mar 21 11:44:07 2025,124
Fri Mar 21 11:45:07 2025,122
Fri Mar 21 11:46:08 2025,118
Fri Mar 21 11:47:07 2025,120
Fri Mar 21 11:48:08 2025,123
Fri Mar 21 11:49:07 2025,122
Fri Mar 21 11:50:07 2025,125
Fri Mar 21 11:51:07 2025,125
Fri Mar 21 11:52:08 2025,129
Fri Mar 21 11:53:07 2025,129
Fri Mar 21 11:54:07 2025,135
Fri Mar 21 11:55:07 2025,134
Fri Mar 21 11:56:07 2025,133
Fri Mar 21 11:57:07 2025,134
Fri Mar 21 11:58:07 2025,136
Fri Mar 21 11:59:07 2025,119
Fri Mar 21 12:00:07 2025,-
Fri Mar 21 12:01:07 2025,122
Fri Mar 21 12:02:08 2025,126
Fri Mar 21 12:03:07 2025,125
Fri Mar 21 12:04:07 2025,123
Fri Mar 21 12:05:08 2025,122
Fri Mar 21 12:06:07 2025,125
Fri Mar 21 12:07:07 2025,128
Fri Mar 21 12:08:07 2025,131
Fri Mar 21 12:09:07 2025,122
Fri Mar 21 12:10:07 2025,119
Fri Mar 21 12:11:07 2025,119
Fri Mar 21 12:12:08 2025,117
Fri Mar 21 12:13:07 2025,116
Fri Mar 21 12:14:08 2025,117
Fri Mar 21 12:15:07 2025,118
Fri Mar 21 12:16:07 2025,120
Fri Mar 21 12:17:07 2025,120
Fri Mar 21 12:18:07 2025,122
Fri Mar 21 12:19:07 2025,121
Fri Mar 21 12:20:07 2025,124
Fri Mar 21 12:36:55 2025,133
Fri Mar 21 12:37:06 2025,133
Fri Mar 21 12:53:49 2025,126
Fri Mar 21 12:58:18 2025,136
Fri Mar 21 12:59:07 2025,135
Fri Mar 21 13:00:07 2025,-
Fri Mar 21 13:01:07 2025,132
Fri Mar 21 13:02:08 2025,130
Fri Mar 21 13:03:07 2025,123
Fri Mar 21 13:04:07 2025,118
Fri Mar 21 13:05:07 2025,119
Fri Mar 21 13:06:07 2025,120
Fri Mar 21 13:07:07 2025,121
Fri Mar 21 13:08:07 2025,119
Fri Mar 21 13:09:08 2025,116
Fri Mar 21 13:10:07 2025,113
Fri Mar 21 13:11:07 2025,112
Fri Mar 21 13:12:07 2025,113
Fri Mar 21 13:13:07 2025,112
Fri Mar 21 13:14:07 2025,112
Fri Mar 21 13:15:07 2025,108
Fri Mar 21 13:16:07 2025,104
Fri Mar 21 13:17:07 2025,103
Fri Mar 21 13:18:07 2025,103
Fri Mar 21 13:19:07 2025,103
Fri Mar 21 13:20:08 2025,105
Fri Mar 21 13:21:07 2025,104
Fri Mar 21 13:22:07 2025,101
Fri Mar 21 13:23:07 2025,101
Fri Mar 21 13:24:07 2025,100
Fri Mar 21 13:25:08 2025,97
Fri Mar 21 13:26:06 2025,97
Fri Mar 21 13:27:07 2025,96
Fri Mar 21 13:28:07 2025,95
Fri Mar 21 13:29:07 2025,92
Fri Mar 21 13:30:54 2025,89
Fri Mar 21 13:31:06 2025,-
Fri Mar 21 13:32:07 2025,-
Fri Mar 21 13:33:07 2025,93
Fri Mar 21 13:34:07 2025,-
Fri Mar 21 13:35:07 2025,-
Fri Mar 21 13:36:07 2025,107
Fri Mar 21 13:37:07 2025,-
Fri Mar 21 13:38:08 2025,111
Fri Mar 21 13:39:08 2025,111
Fri Mar 21 13:40:08 2025,110
Fri Mar 21 13:41:08 2025,111
Fri Mar 21 13:42:08 2025,112
Fri Mar 21 13:43:07 2025,-
Fri Mar 21 13:44:07 2025,-
Fri Mar 21 13:45:09 2025,-
Fri Mar 21 13:46:08 2025,124
Fri Mar 21 13:47:07 2025,122
Fri Mar 21 13:48:07 2025,-
Fri Mar 21 13:49:07 2025,-
Fri Mar 21 13:50:08 2025,121
Fri Mar 21 13:51:08 2025,122
Fri Mar 21 13:52:07 2025,123
Fri Mar 21 13:53:07 2025,-
Fri Mar 21 13:54:07 2025,124
Fri Mar 21 13:55:07 2025,127
Fri Mar 21 13:56:07 2025,-
Fri Mar 21 13:57:07 2025,129
Fri Mar 21 13:58:07 2025,-
Fri Mar 21 13:59:08 2025,131
Fri Mar 21 14:00:07 2025,-
Fri Mar 21 14:01:07 2025,132
Fri Mar 21 14:02:07 2025,-
Fri Mar 21 14:03:07 2025,-
Fri Mar 21 14:04:07 2025,-
Fri Mar 21 14:05:08 2025,133
Fri Mar 21 14:06:07 2025,-
Fri Mar 21 14:07:07 2025,-
Fri Mar 21 14:08:08 2025,130
Fri Mar 21 14:09:08 2025,130
Fri Mar 21 14:10:08 2025,131
Fri Mar 21 14:11:07 2025,-
Fri Mar 21 14:12:07 2025,-
Fri Mar 21 14:13:07 2025,129
Fri Mar 21 14:14:07 2025,-
Fri Mar 21 14:15:07 2025,-
Fri Mar 21 14:16:08 2025,130
Fri Mar 21 14:17:07 2025,-
Fri Mar 21 14:18:08 2025,130
Fri Mar 21 14:19:07 2025,-
Fri Mar 21 14:20:08 2025,125
Fri Mar 21 14:21:08 2025,120
Fri Mar 21 14:22:08 2025,120
Fri Mar 21 14:23:07 2025,-
Fri Mar 21 14:24:08 2025,118
Fri Mar 21 14:25:07 2025,-
Fri Mar 21 14:26:07 2025,155
Fri Mar 21 14:27:07 2025,-
Fri Mar 21 14:28:07 2025,-
Fri Mar 21 14:29:07 2025,-
Fri Mar 21 14:30:12 2025,162
Fri Mar 21 14:31:07 2025,161
Fri Mar 21 14:32:09 2025,160
Fri Mar 21 14:33:08 2025,162
Fri Mar 21 14:34:08 2025,161
Fri Mar 21 14:35:07 2025,161
Fri Mar 21 14:36:08 2025,159
Fri Mar 21 14:37:07 2025,159
Fri Mar 21 14:38:08 2025,159
Fri Mar 21 14:39:07 2025,158
Fri Mar 21 14:40:07 2025,157
Fri Mar 21 14:41:07 2025,157
Fri Mar 21 14:42:07 2025,158
Fri Mar 21 14:43:06 2025,160
Fri Mar 21 14:44:07 2025,160
Fri Mar 21 14:45:07 2025,160
Fri Mar 21 14:46:07 2025,147
Fri Mar 21 14:47:07 2025,141
Fri Mar 21 14:48:08 2025,141
Fri Mar 21 14:49:07 2025,141
Fri Mar 21 14:50:08 2025,140
Fri Mar 21 14:51:08 2025,117
Fri Mar 21 14:52:07 2025,116
Fri Mar 21 14:53:07 2025,115
Fri Mar 21 14:54:07 2025,115
Fri Mar 21 14:55:07 2025,118
Fri Mar 21 14:56:06 2025,119
Fri Mar 21 14:57:07 2025,118
Fri Mar 21 14:58:08 2025,117
Fri Mar 21 14:59:07 2025,115
Fri Mar 21 15:00:07 2025,-
Fri Mar 21 15:01:07 2025,115
Fri Mar 21 15:02:08 2025,116
Fri Mar 21 15:03:07 2025,117
Fri Mar 21 15:04:07 2025,117
Fri Mar 21 15:05:07 2025,115
Fri Mar 21 15:06:07 2025,113
Fri Mar 21 15:07:08 2025,114
Fri Mar 21 15:08:08 2025,112
Fri Mar 21 15:09:08 2025,111
Fri Mar 21 15:10:07 2025,110
Fri Mar 21 15:11:10 2025,129
Fri Mar 21 15:12:07 2025,126
Fri Mar 21 15:13:07 2025,123
Fri Mar 21 15:14:07 2025,124
Fri Mar 21 15:15:10 2025,124
Fri Mar 21 15:16:08 2025,123
Fri Mar 21 15:17:07 2025,122
Fri Mar 21 15:18:07 2025,127
Fri Mar 21 15:19:08 2025,130
Fri Mar 21 15:20:07 2025,131
Fri Mar 21 15:21:09 2025,124
Fri Mar 21 15:22:07 2025,125
Fri Mar 21 15:23:08 2025,123
Fri Mar 21 15:24:08 2025,128
Fri Mar 21 15:25:07 2025,130
Fri Mar 21 15:26:07 2025,-
Fri Mar 21 15:27:07 2025,132
Fri Mar 21 15:28:08 2025,127
Fri Mar 21 15:29:08 2025,131
Fri Mar 21 15:30:08 2025,131
Fri Mar 21 15:31:07 2025,129
Fri Mar 21 15:32:07 2025,128
Fri Mar 21 15:33:07 2025,129
Fri Mar 21 15:34:07 2025,129
Fri Mar 21 15:35:07 2025,128
Fri Mar 21 15:36:08 2025,126
Fri Mar 21 15:37:07 2025,125
Fri Mar 21 15:38:08 2025,125
Fri Mar 21 15:39:07 2025,125
Fri Mar 21 15:40:08 2025,127
Fri Mar 21 15:41:07 2025,130
Fri Mar 21 15:42:07 2025,133
Fri Mar 21 15:43:07 2025,112
Fri Mar 21 15:44:08 2025,111
Fri Mar 21 15:45:07 2025,113
Fri Mar 21 15:46:08 2025,113
Fri Mar 21 15:47:07 2025,112
Fri Mar 21 15:48:07 2025,114
Fri Mar 21 15:49:08 2025,114
Fri Mar 21 15:50:07 2025,114
Fri Mar 21 15:51:07 2025,115
Fri Mar 21 15:52:07 2025,113
Fri Mar 21 15:53:07 2025,113
Fri Mar 21 15:54:07 2025,111
Fri Mar 21 15:55:07 2025,109
Fri Mar 21 15:56:07 2025,112
Fri Mar 21 15:57:08 2025,114
Fri Mar 21 15:58:08 2025,117
Fri Mar 21 15:59:08 2025,118
Fri Mar 21 16:00:07 2025,-
Fri Mar 21 16:01:07 2025,121
Fri Mar 21 16:02:07 2025,117
Fri Mar 21 16:03:07 2025,115
Fri Mar 21 16:04:08 2025,114
Fri Mar 21 16:05:08 2025,115
Fri Mar 21 16:06:08 2025,116
Fri Mar 21 16:07:07 2025,117
Fri Mar 21 16:08:07 2025,118
Fri Mar 21 16:09:07 2025,117
Fri Mar 21 16:10:07 2025,119
Fri Mar 21 16:11:07 2025,121
Fri Mar 21 16:12:07 2025,122
Fri Mar 21 16:13:07 2025,125
Fri Mar 21 16:14:07 2025,110
Fri Mar 21 16:15:07 2025,108
Fri Mar 21 16:16:07 2025,103
Fri Mar 21 16:17:07 2025,102
Fri Mar 21 16:18:09 2025,109
Fri Mar 21 16:19:07 2025,111
Fri Mar 21 16:20:07 2025,109
Fri Mar 21 16:21:07 2025,110
Fri Mar 21 16:22:07 2025,114
Fri Mar 21 16:23:07 2025,118
Fri Mar 21 16:24:07 2025,120
Fri Mar 21 16:25:07 2025,120
Fri Mar 21 16:26:06 2025,119
Fri Mar 21 16:27:07 2025,118
Fri Mar 21 16:28:07 2025,118
Fri Mar 21 16:29:07 2025,120
Fri Mar 21 16:30:06 2025,123
Fri Mar 21 16:31:07 2025,124
Fri Mar 21 16:32:06 2025,124
Fri Mar 21 16:33:07 2025,125
Fri Mar 21 16:34:07 2025,129
Fri Mar 21 16:35:07 2025,135
Fri Mar 21 16:36:08 2025,144
Fri Mar 21 16:37:07 2025,146
Fri Mar 21 16:38:07 2025,150
Fri Mar 21 16:39:07 2025,153
Fri Mar 21 16:40:07 2025,155
Fri Mar 21 16:41:07 2025,155
Fri Mar 21 16:42:07 2025,154
Fri Mar 21 16:43:07 2025,156
Fri Mar 21 16:44:07 2025,161
Fri Mar 21 16:45:07 2025,162
Fri Mar 21 17:22:54 2025,191
Fri Mar 21 17:42:38 2025,187
Fri Mar 21 19:03:01 2025,122
Sat Mar 22 17:39:46 2025,61
Sat Mar 22 17:55:37 2025,43
Sat Mar 22 17:57:19 2025,40
Sun Mar 23 22:00:12 2025,32
Sun Mar 23 22:01:07 2025,32
Sun Mar 23 22:03:26 2025,25
Sun Mar 23 22:04:10 2025,24
Sun Mar 23 22:05:08 2025,22
Sun Mar 23 22:06:07 2025,20
Sun Mar 23 22:07:19 2025,17
Sun Mar 23 22:08:09 2025,16
Sun Mar 23 22:09:07 2025,13
Sun Mar 23 22:10:07 2025,12
Sun Mar 23 22:11:09 2025,10
Sun Mar 23 22:12:08 2025,5
Sun Mar 23 22:13:11 2025,2
Sun Mar 23 22:14:07 2025,1
Sun Mar 23 22:15:07 2025,0
Sun Mar 23 22:16:07 2025,0
Sun Mar 23 22:17:09 2025,0
Sun Mar 23 22:18:07 2025,0
Sun Mar 23 22:19:07 2025,0
Sun Mar 23 22:20:10 2025,0
Sun Mar 23 22:21:07 2025,0
Sun Mar 23 22:22:07 2025,0
Sun Mar 23 22:23:07 2025,0
Sun Mar 23 22:24:07 2025,0
Sun Mar 23 22:25:07 2025,0
Sun Mar 23 22:26:07 2025,0
Sun Mar 23 22:27:07 2025,0
Sun Mar 23 22:28:07 2025,0
Sun Mar 23 22:29:07 2025,0
Sun Mar 23 22:30:07 2025,0
Sun Mar 23 22:31:07 2025,0
Sun Mar 23 22:32:07 2025,0
Sun Mar 23 22:33:07 2025,0
Sun Mar 23 22:34:07 2025,0
Sun Mar 23 22:35:08 2025,0
Sun Mar 23 22:36:07 2025,0
Sun Mar 23 22:37:07 2025,1
Sun Mar 23 22:38:07 2025,1
Sun Mar 23 22:39:07 2025,1
Sun Mar 23 22:40:07 2025,1
Sun Mar 23 22:41:07 2025,2
Sun Mar 23 22:42:07 2025,2
Sun Mar 23 22:43:09 2025,3
Sun Mar 23 22:44:07 2025,2
Sun Mar 23 22:45:07 2025,2
Sun Mar 23 22:46:07 2025,2
Sun Mar 23 22:47:07 2025,2
Sun Mar 23 22:48:07 2025,3
Sun Mar 23 22:49:07 2025,3
Sun Mar 23 22:50:07 2025,3
Sun Mar 23 22:51:07 2025,3
Sun Mar 23 22:52:07 2025,3
Sun Mar 23 22:53:07 2025,3
Sun Mar 23 22:54:07 2025,3
Sun Mar 23 22:55:07 2025,3
Sun Mar 23 22:56:07 2025,3
Sun Mar 23 22:57:13 2025,3
Sun Mar 23 22:58:07 2025,3
Sun Mar 23 22:59:07 2025,3
Sun Mar 23 23:00:07 2025,-
Sun Mar 23 23:01:08 2025,3
Sun Mar 23 23:02:10 2025,3
Sun Mar 23 23:03:07 2025,3
Sun Mar 23 23:04:07 2025,3
Sun Mar 23 23:05:07 2025,3
Sun Mar 23 23:06:07 2025,3
Sun Mar 23 23:07:07 2025,3
Sun Mar 23 23:08:07 2025,3
Sun Mar 23 23:09:07 2025,3
Sun Mar 23 23:10:07 2025,3
Sun Mar 23 23:11:07 2025,3
Sun Mar 23 23:12:07 2025,3
Sun Mar 23 23:13:07 2025,3
Sun Mar 23 23:14:07 2025,3
Sun Mar 23 23:15:08 2025,3
Sun Mar 23 23:16:08 2025,3
Sun Mar 23 23:17:07 2025,3
Mon Mar 24 08:53:07 2025,67
Mon Mar 24 08:54:08 2025,67
Mon Mar 24 08:55:07 2025,67
Mon Mar 24 08:56:08 2025,67
Mon Mar 24 08:57:07 2025,65
Mon Mar 24 08:58:08 2025,65
Mon Mar 24 08:59:07 2025,65
Mon Mar 24 09:00:08 2025,-
Mon Mar 24 09:01:08 2025,72
Mon Mar 24 09:02:08 2025,-
Mon Mar 24 09:03:07 2025,-
Mon Mar 24 09:04:08 2025,78
Mon Mar 24 09:05:08 2025,76
Mon Mar 24 09:06:06 2025,76
Mon Mar 24 09:07:07 2025,77
Mon Mar 24 09:08:08 2025,78
Mon Mar 24 09:09:07 2025,78
Mon Mar 24 09:10:07 2025,78
Mon Mar 24 09:11:07 2025,76
Mon Mar 24 09:12:07 2025,76
Mon Mar 24 09:13:07 2025,77
Mon Mar 24 09:14:08 2025,80
Mon Mar 24 09:15:08 2025,81
Mon Mar 24 09:16:07 2025,79
Mon Mar 24 09:17:08 2025,-
Mon Mar 24 09:18:08 2025,79
Mon Mar 24 09:19:07 2025,81
Mon Mar 24 09:20:08 2025,81
Mon Mar 24 09:21:08 2025,82
Mon Mar 24 09:22:07 2025,78
Mon Mar 24 09:23:07 2025,79
Mon Mar 24 09:24:07 2025,-
Mon Mar 24 09:25:07 2025,84
Mon Mar 24 09:26:07 2025,86
Mon Mar 24 09:27:07 2025,86
Mon Mar 24 09:28:07 2025,86
Mon Mar 24 09:29:08 2025,88
Mon Mar 24 09:30:07 2025,-
Mon Mar 24 09:31:08 2025,90
Mon Mar 24 09:32:07 2025,89
Mon Mar 24 09:33:07 2025,90
Mon Mar 24 09:34:07 2025,-
Mon Mar 24 09:35:08 2025,90
Mon Mar 24 09:36:07 2025,-
Mon Mar 24 09:37:07 2025,-
Mon Mar 24 09:38:07 2025,90
Mon Mar 24 09:39:07 2025,91
Mon Mar 24 09:40:08 2025,96
Mon Mar 24 09:41:07 2025,96
Mon Mar 24 09:42:07 2025,95
Mon Mar 24 09:43:07 2025,95
Mon Mar 24 09:44:08 2025,96
Mon Mar 24 09:45:07 2025,-
Mon Mar 24 09:46:08 2025,100
Mon Mar 24 09:47:08 2025,99
Mon Mar 24 09:48:07 2025,-
Mon Mar 24 09:49:07 2025,-
Mon Mar 24 09:50:07 2025,-
Mon Mar 24 09:51:07 2025,-
Mon Mar 24 09:52:08 2025,102
Mon Mar 24 09:53:07 2025,-
Mon Mar 24 09:54:07 2025,-
Mon Mar 24 09:55:09 2025,114
Mon Mar 24 09:56:09 2025,114
Mon Mar 24 09:57:07 2025,115
Mon Mar 24 09:58:07 2025,114
Mon Mar 24 09:59:08 2025,117
Mon Mar 24 10:00:07 2025,-
Mon Mar 24 10:01:07 2025,-
Mon Mar 24 10:02:07 2025,-
Mon Mar 24 10:03:07 2025,119
Mon Mar 24 10:04:07 2025,118
Mon Mar 24 10:05:07 2025,117
Mon Mar 24 10:06:07 2025,-
Mon Mar 24 10:07:07 2025,119
Mon Mar 24 10:08:08 2025,120
Mon Mar 24 10:09:07 2025,122
Mon Mar 24 10:10:07 2025,122
Mon Mar 24 10:11:07 2025,124
Mon Mar 24 10:12:07 2025,123
Mon Mar 24 10:13:07 2025,122
Mon Mar 24 10:14:07 2025,121
Mon Mar 24 10:15:07 2025,-
Mon Mar 24 10:16:08 2025,125
Mon Mar 24 10:17:07 2025,-
Mon Mar 24 10:18:07 2025,-
Mon Mar 24 10:19:07 2025,126
Mon Mar 24 10:20:09 2025,128
Mon Mar 24 10:21:07 2025,125
Mon Mar 24 10:22:08 2025,123
Mon Mar 24 10:23:08 2025,125
Mon Mar 24 10:24:07 2025,124
Mon Mar 24 10:25:07 2025,115
Mon Mar 24 10:26:08 2025,115
Mon Mar 24 10:27:07 2025,116
Mon Mar 24 10:28:07 2025,117
Mon Mar 24 10:29:07 2025,120
Mon Mar 24 10:30:08 2025,120
Mon Mar 24 10:31:07 2025,118
Mon Mar 24 10:32:08 2025,118
Mon Mar 24 10:33:08 2025,119
Mon Mar 24 10:34:07 2025,118
Mon Mar 24 10:35:07 2025,119
Mon Mar 24 10:36:08 2025,117
Mon Mar 24 10:37:07 2025,117
Mon Mar 24 10:38:08 2025,115
Mon Mar 24 10:39:07 2025,110
Mon Mar 24 10:40:07 2025,112
Mon Mar 24 10:41:07 2025,113
Mon Mar 24 10:42:07 2025,112
Mon Mar 24 10:43:08 2025,108
Mon Mar 24 10:44:07 2025,110
Mon Mar 24 10:45:07 2025,111
Mon Mar 24 10:46:07 2025,109
Mon Mar 24 10:47:08 2025,110
Mon Mar 24 10:48:07 2025,107
Mon Mar 24 10:49:07 2025,104
Mon Mar 24 10:50:07 2025,103
Mon Mar 24 10:51:07 2025,103
Mon Mar 24 10:52:07 2025,105
Mon Mar 24 10:53:07 2025,107
Mon Mar 24 10:54:07 2025,109
Mon Mar 24 10:55:08 2025,112
Mon Mar 24 10:56:07 2025,112
Mon Mar 24 10:57:07 2025,114
Mon Mar 24 10:58:06 2025,115
Mon Mar 24 10:59:07 2025,113
Mon Mar 24 11:00:07 2025,-
Mon Mar 24 11:01:07 2025,133
Mon Mar 24 11:02:07 2025,135
Mon Mar 24 11:03:07 2025,134
Mon Mar 24 11:04:08 2025,136
Mon Mar 24 11:05:07 2025,135
Mon Mar 24 11:06:07 2025,133
Mon Mar 24 11:07:07 2025,135
Mon Mar 24 11:08:07 2025,120
Mon Mar 24 11:09:07 2025,119
Mon Mar 24 11:10:39 2025,118
Mon Mar 24 11:11:08 2025,118
Mon Mar 24 11:12:07 2025,118
Mon Mar 24 11:13:07 2025,118
Mon Mar 24 11:14:08 2025,117
Mon Mar 24 11:15:07 2025,119
Mon Mar 24 11:16:07 2025,117
Mon Mar 24 11:17:08 2025,120
Mon Mar 24 11:18:07 2025,118
Mon Mar 24 11:19:08 2025,114
Mon Mar 24 11:20:07 2025,115
Mon Mar 24 11:21:08 2025,116
Mon Mar 24 11:22:07 2025,120
Mon Mar 24 11:23:07 2025,120
Mon Mar 24 11:24:07 2025,120
Mon Mar 24 11:25:07 2025,121
Mon Mar 24 11:26:07 2025,121
Mon Mar 24 11:27:08 2025,121
Mon Mar 24 11:28:08 2025,121
Mon Mar 24 11:29:07 2025,124
Mon Mar 24 11:30:07 2025,124
Mon Mar 24 11:31:07 2025,123
Mon Mar 24 11:32:07 2025,125
Mon Mar 24 11:33:07 2025,125
Mon Mar 24 11:34:07 2025,126
Mon Mar 24 11:35:07 2025,126
Mon Mar 24 11:36:07 2025,126
Mon Mar 24 11:37:08 2025,129
Mon Mar 24 11:38:07 2025,127
Mon Mar 24 11:39:08 2025,132
Mon Mar 24 11:40:07 2025,132
Mon Mar 24 11:41:07 2025,133
Mon Mar 24 11:42:08 2025,134
Mon Mar 24 11:43:08 2025,136
Mon Mar 24 11:44:07 2025,134
Mon Mar 24 11:45:08 2025,134
Mon Mar 24 11:46:07 2025,135
Mon Mar 24 11:47:07 2025,136
Mon Mar 24 11:48:07 2025,134
Mon Mar 24 11:49:08 2025,136
Mon Mar 24 11:50:08 2025,136
Mon Mar 24 11:51:07 2025,138
Mon Mar 24 11:52:06 2025,139
Mon Mar 24 11:53:07 2025,139
Mon Mar 24 11:54:07 2025,142
Mon Mar 24 11:55:07 2025,143
Mon Mar 24 11:56:07 2025,145
Mon Mar 24 11:57:07 2025,147
Mon Mar 24 11:58:07 2025,149
Mon Mar 24 11:59:07 2025,152
Mon Mar 24 12:00:10 2025,152
Mon Mar 24 12:01:07 2025,155
Mon Mar 24 12:02:07 2025,156
Mon Mar 24 12:03:07 2025,154
Mon Mar 24 12:04:07 2025,159
Mon Mar 24 12:05:07 2025,161
Mon Mar 24 12:06:07 2025,159
Mon Mar 24 12:07:07 2025,157
Mon Mar 24 12:08:06 2025,159
Mon Mar 24 12:14:18 2025,142
Mon Mar 24 12:15:50 2025,144
Mon Mar 24 12:16:06 2025,146
Mon Mar 24 12:22:11 2025,142
Mon Mar 24 12:23:18 2025,143
Mon Mar 24 12:29:10 2025,139
Mon Mar 24 12:30:30 2025,139
Mon Mar 24 12:31:07 2025,137
Mon Mar 24 12:32:07 2025,140
Mon Mar 24 12:33:07 2025,140
Mon Mar 24 12:34:07 2025,140
Mon Mar 24 12:35:07 2025,138
Mon Mar 24 12:36:07 2025,137
Mon Mar 24 12:37:07 2025,138
Mon Mar 24 12:38:07 2025,137
Mon Mar 24 12:39:07 2025,138
Mon Mar 24 12:40:07 2025,138
Mon Mar 24 12:41:07 2025,140
Mon Mar 24 12:42:07 2025,143
Mon Mar 24 12:43:07 2025,145
Mon Mar 24 12:44:07 2025,145
Mon Mar 24 12:45:07 2025,140
Mon Mar 24 12:46:07 2025,138
Mon Mar 24 12:47:07 2025,137
Mon Mar 24 12:48:07 2025,136
Mon Mar 24 12:49:07 2025,141
Mon Mar 24 12:50:07 2025,138
Mon Mar 24 12:51:59 2025,133
Mon Mar 24 12:52:07 2025,133
Mon Mar 24 12:53:32 2025,131
Mon Mar 24 12:54:07 2025,130
Mon Mar 24 12:55:07 2025,130
Mon Mar 24 12:56:07 2025,131
Mon Mar 24 12:57:07 2025,129
Mon Mar 24 12:58:07 2025,128
Mon Mar 24 12:59:07 2025,127
Mon Mar 24 13:00:07 2025,-
Mon Mar 24 13:01:07 2025,129
Mon Mar 24 13:02:07 2025,131
Mon Mar 24 13:03:07 2025,131
Mon Mar 24 13:04:07 2025,130
Mon Mar 24 13:05:08 2025,130
Mon Mar 24 13:06:07 2025,131
Mon Mar 24 13:07:07 2025,132
Mon Mar 24 13:08:07 2025,128
Mon Mar 24 13:09:08 2025,127
Mon Mar 24 13:10:07 2025,128
Mon Mar 24 13:11:08 2025,120
Mon Mar 24 13:12:08 2025,118
Mon Mar 24 13:13:07 2025,118
Mon Mar 24 13:14:07 2025,118
Mon Mar 24 13:15:07 2025,119
Mon Mar 24 13:16:07 2025,113
Mon Mar 24 13:17:07 2025,110
Mon Mar 24 13:18:07 2025,112
Mon Mar 24 13:19:07 2025,112
Mon Mar 24 13:32:30 2025,103
Mon Mar 24 13:35:34 2025,98
Mon Mar 24 13:36:07 2025,95
Mon Mar 24 13:37:07 2025,93
Mon Mar 24 13:38:08 2025,90
Mon Mar 24 13:39:07 2025,93
Mon Mar 24 13:40:07 2025,94
Mon Mar 24 13:41:07 2025,93
Mon Mar 24 13:42:07 2025,110
Mon Mar 24 13:43:07 2025,109
Mon Mar 24 13:44:07 2025,111
Mon Mar 24 13:45:07 2025,110
Mon Mar 24 13:46:07 2025,111
Mon Mar 24 13:47:07 2025,115
Mon Mar 24 13:48:07 2025,114
Mon Mar 24 13:49:07 2025,111
Mon Mar 24 13:50:07 2025,109
Mon Mar 24 13:51:07 2025,112
Mon Mar 24 13:52:07 2025,113
Mon Mar 24 13:53:07 2025,115
Mon Mar 24 13:54:07 2025,115
Mon Mar 24 13:55:07 2025,113
Mon Mar 24 13:56:07 2025,114
Mon Mar 24 13:57:07 2025,115
Mon Mar 24 13:58:07 2025,116
Mon Mar 24 13:59:07 2025,115
Mon Mar 24 14:00:07 2025,-
Mon Mar 24 14:01:07 2025,122
Mon Mar 24 14:02:07 2025,123
Mon Mar 24 14:03:07 2025,125
Mon Mar 24 14:04:08 2025,123
Mon Mar 24 14:05:07 2025,122
Mon Mar 24 14:06:07 2025,122
Mon Mar 24 14:07:07 2025,122
Mon Mar 24 14:08:08 2025,122
Mon Mar 24 14:09:07 2025,125
Mon Mar 24 14:10:08 2025,122
Mon Mar 24 14:11:07 2025,147
Mon Mar 24 14:12:07 2025,147
Mon Mar 24 14:13:07 2025,145
Mon Mar 24 14:14:07 2025,148
Mon Mar 24 14:15:07 2025,156
Mon Mar 24 14:16:07 2025,165
Mon Mar 24 14:17:07 2025,169
Mon Mar 24 14:18:07 2025,170
Mon Mar 24 14:19:07 2025,172
Mon Mar 24 14:20:07 2025,169
Mon Mar 24 14:21:07 2025,169
Mon Mar 24 14:22:07 2025,169
Mon Mar 24 14:23:07 2025,168
Mon Mar 24 14:24:07 2025,165
Mon Mar 24 14:25:07 2025,166
Mon Mar 24 14:26:07 2025,181
Mon Mar 24 14:27:07 2025,182
Mon Mar 24 14:28:07 2025,184
Mon Mar 24 14:29:07 2025,184
Mon Mar 24 14:30:07 2025,182
Mon Mar 24 14:31:07 2025,183
Mon Mar 24 14:32:07 2025,181
Mon Mar 24 14:33:07 2025,181
Mon Mar 24 14:34:07 2025,180
Mon Mar 24 14:35:07 2025,179
Mon Mar 24 14:36:07 2025,179
Mon Mar 24 14:37:07 2025,179
Mon Mar 24 14:38:07 2025,177
Mon Mar 24 14:39:06 2025,176
Mon Mar 24 14:40:07 2025,175
Mon Mar 24 14:41:07 2025,176
Mon Mar 24 14:42:07 2025,178
Mon Mar 24 14:43:07 2025,181
Mon Mar 24 14:44:14 2025,178
Mon Mar 24 14:45:07 2025,163
Mon Mar 24 14:46:07 2025,-
Mon Mar 24 14:47:08 2025,158
Mon Mar 24 14:48:07 2025,158
Mon Mar 24 14:49:07 2025,160
Mon Mar 24 14:50:07 2025,161
Mon Mar 24 14:51:07 2025,164
Mon Mar 24 14:52:07 2025,144
Mon Mar 24 14:53:07 2025,144
Mon Mar 24 14:54:07 2025,145
Mon Mar 24 14:55:07 2025,146
Mon Mar 24 14:56:07 2025,148
Mon Mar 24 14:57:07 2025,-
Mon Mar 24 14:58:07 2025,149
Mon Mar 24 14:59:07 2025,150
Mon Mar 24 15:00:10 2025,149
Mon Mar 24 15:01:07 2025,149
Mon Mar 24 15:02:07 2025,159
Mon Mar 24 15:03:07 2025,168
Mon Mar 24 15:04:07 2025,170
Mon Mar 24 15:05:07 2025,170
Mon Mar 24 15:06:07 2025,169
Mon Mar 24 15:07:07 2025,169
Mon Mar 24 15:08:07 2025,174
Mon Mar 24 15:09:08 2025,177
Mon Mar 24 15:10:08 2025,178
Mon Mar 24 15:11:07 2025,177
Mon Mar 24 15:12:07 2025,178
Mon Mar 24 15:25:59 2025,155
Mon Mar 24 15:26:06 2025,155
Mon Mar 24 15:27:23 2025,156
Mon Mar 24 15:28:07 2025,157
Mon Mar 24 15:29:07 2025,167
Mon Mar 24 15:30:07 2025,174
Mon Mar 24 15:31:07 2025,174
Mon Mar 24 15:32:07 2025,158
Mon Mar 24 15:33:06 2025,158
Mon Mar 24 15:34:07 2025,159
Mon Mar 24 15:35:07 2025,158
Mon Mar 24 15:36:07 2025,158
Mon Mar 24 15:37:07 2025,155
Mon Mar 24 15:38:07 2025,151
Mon Mar 24 15:39:07 2025,151
Mon Mar 24 15:40:07 2025,150
Mon Mar 24 15:41:07 2025,153
Mon Mar 24 15:42:07 2025,152
Mon Mar 24 15:43:07 2025,151
Mon Mar 24 15:44:07 2025,151
Mon Mar 24 15:45:07 2025,150
Mon Mar 24 15:46:07 2025,151
Mon Mar 24 15:47:07 2025,151
Mon Mar 24 15:48:07 2025,149
Mon Mar 24 15:49:07 2025,148
Mon Mar 24 15:50:07 2025,147
Mon Mar 24 15:51:07 2025,148
Mon Mar 24 15:52:07 2025,145
Mon Mar 24 15:53:07 2025,144
Mon Mar 24 15:54:07 2025,146
Mon Mar 24 15:55:07 2025,146
Mon Mar 24 15:56:07 2025,149
Mon Mar 24 15:57:07 2025,146
Mon Mar 24 15:58:07 2025,148
Mon Mar 24 15:59:07 2025,146
Mon Mar 24 16:00:07 2025,-
Mon Mar 24 16:01:09 2025,148
Mon Mar 24 16:02:07 2025,150
Mon Mar 24 16:03:07 2025,150
Mon Mar 24 16:04:07 2025,153
Mon Mar 24 16:05:08 2025,138
Mon Mar 24 16:06:07 2025,125
Mon Mar 24 16:07:07 2025,110
Mon Mar 24 16:08:07 2025,109
Mon Mar 24 16:09:07 2025,110
Mon Mar 24 16:10:07 2025,113
Mon Mar 24 16:11:07 2025,123
Mon Mar 24 16:12:07 2025,122
Mon Mar 24 16:13:07 2025,121
Mon Mar 24 16:14:07 2025,122
Mon Mar 24 16:15:10 2025,124
Mon Mar 24 16:16:08 2025,124
Mon Mar 24 16:17:07 2025,123
Mon Mar 24 16:18:07 2025,122
Mon Mar 24 16:19:07 2025,122
Mon Mar 24 16:20:07 2025,125
Mon Mar 24 16:21:07 2025,127
Mon Mar 24 16:22:07 2025,127
Mon Mar 24 16:23:07 2025,128
Mon Mar 24 16:24:07 2025,131
Mon Mar 24 16:25:07 2025,131
Mon Mar 24 16:26:07 2025,137
Mon Mar 24 16:27:07 2025,139
Mon Mar 24 16:28:08 2025,138
Mon Mar 24 16:29:07 2025,139
Mon Mar 24 16:30:07 2025,141
Mon Mar 24 16:31:07 2025,139
Mon Mar 24 16:32:08 2025,122
Mon Mar 24 16:33:07 2025,124
Mon Mar 24 16:34:07 2025,126
Mon Mar 24 16:35:09 2025,121
Mon Mar 24 16:36:07 2025,122
Mon Mar 24 16:37:07 2025,123
Mon Mar 24 16:38:07 2025,128
Mon Mar 24 16:39:07 2025,129
Mon Mar 24 16:40:08 2025,129
Mon Mar 24 16:41:08 2025,131
Mon Mar 24 16:42:07 2025,130
Mon Mar 24 16:43:07 2025,133
Mon Mar 24 16:44:07 2025,135
Mon Mar 24 16:45:07 2025,136
Mon Mar 24 16:46:07 2025,134
Mon Mar 24 16:47:07 2025,135
Mon Mar 24 16:48:07 2025,133
Mon Mar 24 16:49:07 2025,137
Mon Mar 24 16:50:07 2025,135
Mon Mar 24 16:51:16 2025,133
Mon Mar 24 16:52:07 2025,135
Mon Mar 24 16:53:07 2025,133
Mon Mar 24 16:54:07 2025,133
Mon Mar 24 16:55:07 2025,134
Mon Mar 24 16:56:07 2025,135
Mon Mar 24 16:57:07 2025,135
Mon Mar 24 16:58:07 2025,139
Mon Mar 24 16:59:07 2025,131
Mon Mar 24 17:00:07 2025,-
Mon Mar 24 17:01:07 2025,136
Mon Mar 24 17:02:07 2025,138
Mon Mar 24 17:03:07 2025,141
Mon Mar 24 17:04:07 2025,143
Mon Mar 24 17:05:07 2025,141
Mon Mar 24 17:06:07 2025,139
Mon Mar 24 17:07:07 2025,141
Mon Mar 24 17:08:07 2025,140
Mon Mar 24 17:09:07 2025,145
Mon Mar 24 17:10:07 2025,146
Mon Mar 24 17:11:07 2025,145
Mon Mar 24 17:12:07 2025,146
Mon Mar 24 17:13:07 2025,145
Mon Mar 24 17:14:07 2025,143
Mon Mar 24 17:15:07 2025,140
Mon Mar 24 17:16:07 2025,136
Mon Mar 24 17:17:07 2025,135
Mon Mar 24 17:18:07 2025,136
Mon Mar 24 17:19:07 2025,138
Mon Mar 24 17:20:07 2025,139
Mon Mar 24 17:21:07 2025,137
Mon Mar 24 17:22:07 2025,140
Mon Mar 24 17:23:07 2025,138
Mon Mar 24 17:24:07 2025,140
Mon Mar 24 17:25:07 2025,140
Mon Mar 24 17:26:07 2025,144
Mon Mar 24 17:27:07 2025,143
Mon Mar 24 17:28:07 2025,148
Mon Mar 24 17:29:07 2025,150
Mon Mar 24 17:30:07 2025,152
Mon Mar 24 17:31:07 2025,156
Mon Mar 24 17:32:07 2025,152
Mon Mar 24 17:33:07 2025,154
Mon Mar 24 17:34:07 2025,151
Mon Mar 24 17:35:07 2025,151
Mon Mar 24 17:36:07 2025,154
Mon Mar 24 17:37:07 2025,154
Mon Mar 24 17:38:07 2025,152
Mon Mar 24 17:39:07 2025,148
Mon Mar 24 17:40:07 2025,150
Mon Mar 24 17:41:07 2025,-
Mon Mar 24 17:42:06 2025,154
Mon Mar 24 17:43:07 2025,153
Mon Mar 24 17:44:09 2025,152
Mon Mar 24 17:45:07 2025,150
Mon Mar 24 17:46:07 2025,150
Mon Mar 24 17:47:07 2025,149
Mon Mar 24 17:48:07 2025,148
Mon Mar 24 17:49:07 2025,146
Mon Mar 24 17:50:07 2025,147
Mon Mar 24 18:05:13 2025,153
Mon Mar 24 18:06:07 2025,152
Mon Mar 24 18:07:07 2025,155
Mon Mar 24 18:08:07 2025,153
Mon Mar 24 18:09:08 2025,157
Mon Mar 24 18:10:07 2025,161
Mon Mar 24 18:11:07 2025,159
Mon Mar 24 18:12:07 2025,160
Mon Mar 24 18:13:08 2025,154
Mon Mar 24 18:14:08 2025,156
Mon Mar 24 18:15:06 2025,158
Mon Mar 24 18:16:08 2025,151
Mon Mar 24 18:17:07 2025,152
Mon Mar 24 18:18:08 2025,152
Mon Mar 24 18:19:07 2025,152
Mon Mar 24 18:20:08 2025,149
Mon Mar 24 18:21:07 2025,149
Mon Mar 24 18:22:08 2025,153
Mon Mar 24 18:23:07 2025,151
Mon Mar 24 18:24:07 2025,148
Mon Mar 24 18:25:07 2025,151
Mon Mar 24 18:26:08 2025,150
Mon Mar 24 18:27:07 2025,148
Mon Mar 24 18:28:09 2025,150
Mon Mar 24 18:29:07 2025,144
Mon Mar 24 18:30:09 2025,-
Mon Mar 24 18:31:06 2025,140
Mon Mar 24 18:32:07 2025,140
Mon Mar 24 18:33:08 2025,-
Mon Mar 24 18:34:11 2025,134
Mon Mar 24 18:35:07 2025,134
Mon Mar 24 18:36:08 2025,136
Mon Mar 24 18:37:07 2025,135
Mon Mar 24 18:38:08 2025,132
Mon Mar 24 18:39:07 2025,134
Mon Mar 24 18:40:07 2025,137
Mon Mar 24 18:41:07 2025,138
Mon Mar 24 18:42:07 2025,138
Mon Mar 24 21:53:25 2025,27
Mon Mar 24 21:54:15 2025,27
Mon Mar 24 21:55:13 2025,26
Mon Mar 24 21:56:07 2025,24
Mon Mar 24 21:57:07 2025,20
Mon Mar 24 21:58:07 2025,18
Mon Mar 24 21:59:07 2025,14
Mon Mar 24 22:00:07 2025,-
Mon Mar 24 22:01:06 2025,5
Mon Mar 24 22:02:07 2025,3
Mon Mar 24 22:03:07 2025,3
Mon Mar 24 22:04:07 2025,2
Mon Mar 24 22:05:07 2025,0
Mon Mar 24 22:06:07 2025,0
Mon Mar 24 22:07:06 2025,0
Mon Mar 24 22:08:06 2025,0
Mon Mar 24 22:09:05 2025,0
Mon Mar 24 22:10:09 2025,0
Mon Mar 24 22:11:09 2025,0
Mon Mar 24 22:12:09 2025,0
Mon Mar 24 22:13:09 2025,0
Mon Mar 24 22:14:09 2025,0
Mon Mar 24 22:15:08 2025,0
Mon Mar 24 22:16:08 2025,0
Mon Mar 24 22:17:09 2025,0
Mon Mar 24 22:18:08 2025,0
Mon Mar 24 22:19:09 2025,0
Mon Mar 24 22:20:08 2025,-
Mon Mar 24 22:21:09 2025,0
Mon Mar 24 22:22:08 2025,0
Mon Mar 24 22:23:08 2025,0
Mon Mar 24 22:24:09 2025,0
Mon Mar 24 22:25:09 2025,0
Mon Mar 24 22:26:09 2025,0
Mon Mar 24 22:27:09 2025,0
Mon Mar 24 22:28:09 2025,0
Mon Mar 24 22:29:08 2025,0
Mon Mar 24 22:30:09 2025,0
Mon Mar 24 22:31:09 2025,0
Mon Mar 24 22:32:09 2025,0
Mon Mar 24 22:33:09 2025,0
Mon Mar 24 22:34:09 2025,0
Mon Mar 24 22:35:09 2025,0
Mon Mar 24 22:36:08 2025,0
Mon Mar 24 22:37:08 2025,0
Mon Mar 24 22:38:08 2025,0
Mon Mar 24 22:39:09 2025,0
Mon Mar 24 22:40:11 2025,0
Mon Mar 24 22:41:06 2025,0
Mon Mar 24 22:42:06 2025,0
Mon Mar 24 22:43:06 2025,0
Mon Mar 24 22:44:06 2025,1
Mon Mar 24 22:45:07 2025,0
Mon Mar 24 22:46:06 2025,3
Mon Mar 24 22:47:07 2025,1
Mon Mar 24 22:48:06 2025,2
Mon Mar 24 22:49:07 2025,2
Mon Mar 24 22:50:06 2025,-
Mon Mar 24 22:51:06 2025,2
Mon Mar 24 22:52:06 2025,2
Mon Mar 24 22:53:06 2025,2
Mon Mar 24 22:54:06 2025,2
Mon Mar 24 22:55:07 2025,2
Mon Mar 24 22:56:06 2025,2
Mon Mar 24 22:57:06 2025,2
Mon Mar 24 22:58:06 2025,2
Mon Mar 24 22:59:06 2025,2
Mon Mar 24 23:00:07 2025,-
Mon Mar 24 23:01:08 2025,2
Mon Mar 24 23:02:06 2025,2
Mon Mar 24 23:03:06 2025,2
Mon Mar 24 23:04:06 2025,2
Mon Mar 24 23:05:06 2025,2
Mon Mar 24 23:06:06 2025,2
Mon Mar 24 23:07:06 2025,2
Mon Mar 24 23:08:06 2025,2
Mon Mar 24 23:09:06 2025,2
Mon Mar 24 23:10:07 2025,2
Mon Mar 24 23:11:06 2025,2
Mon Mar 24 23:12:06 2025,2
Mon Mar 24 23:13:06 2025,2
Mon Mar 24 23:14:06 2025,2
Mon Mar 24 23:15:12 2025,2
Mon Mar 24 23:16:07 2025,2
Mon Mar 24 23:17:06 2025,2
Mon Mar 24 23:18:06 2025,2
Mon Mar 24 23:19:06 2025,2
Mon Mar 24 23:38:00 2025,2
Tue Mar 25 00:27:00 2025,2
Tue Mar 25 01:01:01 2025,2
Tue Mar 25 01:21:15 2025,2
Tue Mar 25 02:11:52 2025,2
Tue Mar 25 02:27:47 2025,2
Tue Mar 25 02:44:35 2025,2
Tue Mar 25 03:01:52 2025,2
Tue Mar 25 03:02:06 2025,2
Tue Mar 25 03:34:22 2025,2
Tue Mar 25 03:51:11 2025,2
Tue Mar 25 04:43:40 2025,2
Tue Mar 25 04:44:06 2025,2
Tue Mar 25 05:12:07 2025,0
Tue Mar 25 06:00:44 2025,13
Tue Mar 25 06:18:17 2025,80
Tue Mar 25 06:34:14 2025,108
Tue Mar 25 07:06:30 2025,127
Tue Mar 25 07:13:16 2025,126
Tue Mar 25 07:44:58 2025,127
Tue Mar 25 07:45:06 2025,126
Tue Mar 25 08:14:11 2025,97
Tue Mar 25 08:39:32 2025,114
Tue Mar 25 08:40:07 2025,112
Tue Mar 25 08:41:07 2025,112
Tue Mar 25 08:42:07 2025,111
Tue Mar 25 08:43:07 2025,111
Tue Mar 25 08:44:07 2025,109
Tue Mar 25 08:45:07 2025,109
Tue Mar 25 08:46:06 2025,107
Tue Mar 25 08:47:06 2025,106
Tue Mar 25 08:48:07 2025,105
Tue Mar 25 08:49:07 2025,107
Tue Mar 25 08:50:07 2025,111
Tue Mar 25 08:51:07 2025,114
Tue Mar 25 08:52:07 2025,112
Tue Mar 25 08:53:07 2025,111
Tue Mar 25 08:54:07 2025,112
Tue Mar 25 08:55:07 2025,113
Tue Mar 25 08:56:07 2025,123
Tue Mar 25 08:57:07 2025,137
Tue Mar 25 08:58:06 2025,139
Tue Mar 25 08:59:07 2025,139
Tue Mar 25 09:00:07 2025,-
Tue Mar 25 09:01:07 2025,139
Tue Mar 25 09:02:07 2025,139
Tue Mar 25 09:03:07 2025,139
Tue Mar 25 09:04:07 2025,140
Tue Mar 25 09:05:08 2025,140
Tue Mar 25 09:06:08 2025,139
Tue Mar 25 09:07:07 2025,139
Tue Mar 25 09:08:07 2025,136
Tue Mar 25 09:09:07 2025,136
Tue Mar 25 09:10:09 2025,135
Tue Mar 25 09:11:07 2025,134
Tue Mar 25 09:12:07 2025,134
Tue Mar 25 09:13:07 2025,135
Tue Mar 25 09:14:07 2025,134
Tue Mar 25 09:15:07 2025,134
Tue Mar 25 09:16:07 2025,134
Tue Mar 25 09:17:07 2025,131
Tue Mar 25 09:18:07 2025,130
Tue Mar 25 09:19:07 2025,130
Tue Mar 25 09:20:07 2025,131
Tue Mar 25 09:21:07 2025,133
Tue Mar 25 09:22:07 2025,134
Tue Mar 25 09:23:07 2025,131
Tue Mar 25 09:24:07 2025,114
Tue Mar 25 09:25:09 2025,114
Tue Mar 25 09:26:07 2025,112
Tue Mar 25 09:27:07 2025,114
Tue Mar 25 09:28:07 2025,112
Tue Mar 25 09:29:07 2025,113
Tue Mar 25 09:30:07 2025,112
Tue Mar 25 09:31:07 2025,109
Tue Mar 25 09:32:07 2025,108
Tue Mar 25 09:33:08 2025,111
Tue Mar 25 09:34:07 2025,110
Tue Mar 25 09:35:07 2025,111
Tue Mar 25 09:36:07 2025,111
Tue Mar 25 09:37:07 2025,112
Tue Mar 25 09:38:07 2025,111
Tue Mar 25 09:39:07 2025,125
Tue Mar 25 09:40:07 2025,125
Tue Mar 25 09:41:07 2025,126
Tue Mar 25 09:42:07 2025,124
Tue Mar 25 09:43:07 2025,-
Tue Mar 25 09:44:07 2025,124
Tue Mar 25 09:45:07 2025,125
Tue Mar 25 09:46:07 2025,125
Tue Mar 25 09:47:07 2025,121
Tue Mar 25 09:48:07 2025,119
Tue Mar 25 09:49:07 2025,119
Tue Mar 25 09:50:07 2025,118
Tue Mar 25 09:51:07 2025,119
Tue Mar 25 09:52:07 2025,120
Tue Mar 25 09:53:07 2025,121
Tue Mar 25 09:54:07 2025,123
Tue Mar 25 09:55:07 2025,122
Tue Mar 25 09:56:07 2025,145
Tue Mar 25 09:57:07 2025,143
Tue Mar 25 09:58:07 2025,142
Tue Mar 25 09:59:07 2025,146
Tue Mar 25 10:00:07 2025,-
Tue Mar 25 10:01:07 2025,142
Tue Mar 25 10:02:07 2025,143
Tue Mar 25 10:03:07 2025,144
Tue Mar 25 10:04:07 2025,146
Tue Mar 25 10:05:07 2025,145
Tue Mar 25 10:06:07 2025,142
Tue Mar 25 10:07:08 2025,140
Tue Mar 25 10:08:06 2025,141
Tue Mar 25 10:09:07 2025,138
Tue Mar 25 10:10:07 2025,134
Tue Mar 25 10:11:07 2025,134
Tue Mar 25 10:12:06 2025,135
Tue Mar 25 10:13:06 2025,137
Tue Mar 25 10:14:07 2025,138
Tue Mar 25 10:15:07 2025,139
Tue Mar 25 10:16:07 2025,154
Tue Mar 25 10:17:07 2025,154
Tue Mar 25 10:18:07 2025,155
Tue Mar 25 10:19:07 2025,154
Tue Mar 25 10:20:07 2025,153
Tue Mar 25 10:21:06 2025,152
Tue Mar 25 10:22:07 2025,157
Tue Mar 25 10:23:07 2025,159
Tue Mar 25 10:24:15 2025,158
Tue Mar 25 10:25:07 2025,160
Tue Mar 25 10:26:07 2025,159
Tue Mar 25 10:27:07 2025,162
Tue Mar 25 10:28:07 2025,160
Tue Mar 25 10:29:07 2025,162
Tue Mar 25 10:30:07 2025,-
Tue Mar 25 10:31:07 2025,167
Tue Mar 25 10:32:07 2025,166
Tue Mar 25 10:33:07 2025,148
Tue Mar 25 10:34:07 2025,151
Tue Mar 25 10:35:07 2025,153
Tue Mar 25 10:36:07 2025,152
Tue Mar 25 10:37:07 2025,155
Tue Mar 25 10:38:07 2025,154
Tue Mar 25 10:39:06 2025,155
Tue Mar 25 10:40:06 2025,156
Tue Mar 25 10:41:06 2025,157
Tue Mar 25 10:42:07 2025,155
Tue Mar 25 10:43:07 2025,155
Tue Mar 25 10:44:07 2025,156
Tue Mar 25 10:45:07 2025,160
Tue Mar 25 10:46:07 2025,159
Tue Mar 25 10:47:07 2025,161
Tue Mar 25 10:48:07 2025,160
Tue Mar 25 10:49:07 2025,161
Tue Mar 25 10:50:07 2025,160
Tue Mar 25 10:51:07 2025,157
Tue Mar 25 10:52:07 2025,158
Tue Mar 25 10:53:07 2025,-
Tue Mar 25 10:54:07 2025,157
Tue Mar 25 10:55:07 2025,158
Tue Mar 25 10:56:07 2025,157
Tue Mar 25 10:57:07 2025,157
Tue Mar 25 10:58:07 2025,158
Tue Mar 25 10:59:07 2025,161
Tue Mar 25 11:00:07 2025,-
Tue Mar 25 11:01:07 2025,158
Tue Mar 25 11:02:07 2025,160
Tue Mar 25 11:03:07 2025,159
Tue Mar 25 11:04:06 2025,163
Tue Mar 25 11:05:07 2025,160
Tue Mar 25 11:06:07 2025,160
Tue Mar 25 11:07:07 2025,161
Tue Mar 25 11:08:07 2025,162
Tue Mar 25 11:09:07 2025,145
Tue Mar 25 11:10:07 2025,144
Tue Mar 25 11:11:07 2025,128
Tue Mar 25 11:12:06 2025,124
Tue Mar 25 11:13:07 2025,125
Tue Mar 25 11:14:07 2025,129
Tue Mar 25 11:15:07 2025,132
Tue Mar 25 11:16:07 2025,133
Tue Mar 25 11:17:06 2025,133
Tue Mar 25 11:18:06 2025,132
Tue Mar 25 11:19:06 2025,133
Tue Mar 25 11:20:07 2025,131
Tue Mar 25 11:21:06 2025,122
Tue Mar 25 11:22:07 2025,117
Tue Mar 25 11:23:07 2025,117
Tue Mar 25 11:24:07 2025,117
Tue Mar 25 11:25:07 2025,117
Tue Mar 25 11:26:06 2025,119
Tue Mar 25 11:27:07 2025,117
Tue Mar 25 11:28:06 2025,118
Tue Mar 25 11:29:06 2025,118
Tue Mar 25 11:30:07 2025,117
Tue Mar 25 11:31:07 2025,117
Tue Mar 25 11:32:07 2025,118
Tue Mar 25 11:33:07 2025,118
Tue Mar 25 11:34:07 2025,116
Tue Mar 25 11:35:07 2025,116
Tue Mar 25 11:36:08 2025,120
Tue Mar 25 11:37:06 2025,117
Tue Mar 25 11:38:07 2025,119
Tue Mar 25 11:39:06 2025,121
Tue Mar 25 11:40:07 2025,122
Tue Mar 25 11:41:07 2025,127
Tue Mar 25 11:42:07 2025,127
Tue Mar 25 11:43:06 2025,127
Tue Mar 25 11:44:06 2025,129
Tue Mar 25 11:45:06 2025,128
Tue Mar 25 11:46:07 2025,127
Tue Mar 25 11:47:06 2025,128
Tue Mar 25 11:48:07 2025,128
Tue Mar 25 11:49:07 2025,125
Tue Mar 25 11:50:07 2025,115
Tue Mar 25 11:51:07 2025,114
Tue Mar 25 11:52:07 2025,117
Tue Mar 25 11:53:07 2025,117
Tue Mar 25 11:54:07 2025,116
Tue Mar 25 11:55:07 2025,119
Tue Mar 25 11:56:07 2025,121
Tue Mar 25 11:57:07 2025,120
Tue Mar 25 11:58:07 2025,120
Tue Mar 25 11:59:06 2025,122
Tue Mar 25 12:00:07 2025,-
Tue Mar 25 12:01:07 2025,123
Tue Mar 25 12:02:07 2025,124
Tue Mar 25 12:03:07 2025,123
Tue Mar 25 12:04:07 2025,125
Tue Mar 25 12:05:07 2025,125
Tue Mar 25 12:06:07 2025,125
Tue Mar 25 12:07:07 2025,125
Tue Mar 25 12:08:07 2025,125
Tue Mar 25 12:09:07 2025,128
Tue Mar 25 12:10:06 2025,129
Tue Mar 25 12:11:08 2025,129
Tue Mar 25 12:12:07 2025,130
Tue Mar 25 12:13:07 2025,131
Tue Mar 25 12:14:08 2025,127
Tue Mar 25 12:15:07 2025,128
Tue Mar 25 12:16:06 2025,129
Tue Mar 25 12:17:07 2025,129
Tue Mar 25 12:18:07 2025,130
Tue Mar 25 12:19:07 2025,130
Tue Mar 25 12:20:07 2025,130
Tue Mar 25 12:21:07 2025,131
Tue Mar 25 12:22:07 2025,131
Tue Mar 25 12:23:07 2025,128
Tue Mar 25 12:24:07 2025,127
Tue Mar 25 12:25:07 2025,131
Tue Mar 25 12:26:07 2025,132
Tue Mar 25 12:27:06 2025,132
Tue Mar 25 12:28:07 2025,131
Tue Mar 25 12:29:07 2025,135
Tue Mar 25 12:30:07 2025,131
Tue Mar 25 12:31:07 2025,131
Tue Mar 25 12:32:06 2025,131
Tue Mar 25 12:33:07 2025,131
Tue Mar 25 12:34:06 2025,132
Tue Mar 25 12:35:07 2025,132
Tue Mar 25 12:36:07 2025,133
Tue Mar 25 12:37:06 2025,132
Tue Mar 25 12:38:06 2025,133
Tue Mar 25 12:39:07 2025,135
Tue Mar 25 12:40:07 2025,135
Tue Mar 25 12:41:07 2025,133
Tue Mar 25 12:42:06 2025,134
Tue Mar 25 12:43:07 2025,136
Tue Mar 25 12:44:06 2025,139
Tue Mar 25 12:45:10 2025,-
Tue Mar 25 12:46:07 2025,142
Tue Mar 25 12:47:07 2025,142
Tue Mar 25 12:48:13 2025,145
Tue Mar 25 12:49:06 2025,144
Tue Mar 25 12:50:07 2025,144
Tue Mar 25 12:51:08 2025,142
Tue Mar 25 12:52:07 2025,143
Tue Mar 25 12:53:07 2025,143
Tue Mar 25 12:54:07 2025,143
Tue Mar 25 12:55:07 2025,143
Tue Mar 25 12:56:09 2025,137
Tue Mar 25 12:57:07 2025,133
Tue Mar 25 12:58:08 2025,132
Tue Mar 25 12:59:07 2025,133
Tue Mar 25 13:00:08 2025,-
Tue Mar 25 13:01:07 2025,128
Tue Mar 25 13:02:07 2025,128
Tue Mar 25 13:03:07 2025,124
Tue Mar 25 13:04:07 2025,128
Tue Mar 25 13:05:07 2025,124
Tue Mar 25 13:06:07 2025,122
Tue Mar 25 13:07:06 2025,122
Tue Mar 25 13:08:07 2025,120
Tue Mar 25 13:09:07 2025,119
Tue Mar 25 13:10:07 2025,-
Tue Mar 25 13:11:06 2025,120
Tue Mar 25 13:12:07 2025,120
Tue Mar 25 13:13:08 2025,119
Tue Mar 25 13:14:07 2025,117
Tue Mar 25 13:15:07 2025,118
Tue Mar 25 13:16:07 2025,120
Tue Mar 25 13:17:06 2025,122
Tue Mar 25 13:18:07 2025,126
Tue Mar 25 13:19:07 2025,125
Tue Mar 25 13:20:06 2025,125
Tue Mar 25 13:21:07 2025,125
Tue Mar 25 13:22:06 2025,126
Tue Mar 25 13:23:07 2025,124
Tue Mar 25 13:24:07 2025,123
Tue Mar 25 13:25:07 2025,119
Tue Mar 25 13:26:07 2025,118
Tue Mar 25 13:27:07 2025,117
Tue Mar 25 13:28:07 2025,113
Tue Mar 25 13:29:06 2025,112
Tue Mar 25 13:30:07 2025,112
Tue Mar 25 13:31:07 2025,109
Tue Mar 25 13:32:07 2025,107
Tue Mar 25 13:33:07 2025,107
Tue Mar 25 13:34:06 2025,104
Tue Mar 25 13:35:07 2025,-
Tue Mar 25 13:36:06 2025,105
Tue Mar 25 13:37:07 2025,105
Tue Mar 25 13:38:07 2025,105
Tue Mar 25 13:39:06 2025,106
Tue Mar 25 13:40:07 2025,106
Tue Mar 25 13:41:07 2025,106
Tue Mar 25 13:42:06 2025,104
Tue Mar 25 13:43:06 2025,103
Tue Mar 25 13:46:29 2025,98
Tue Mar 25 13:47:07 2025,98
Tue Mar 25 13:48:07 2025,97
Tue Mar 25 14:03:04 2025,93
Tue Mar 25 14:37:12 2025,120
Tue Mar 25 15:06:32 2025,138
Tue Mar 25 15:21:29 2025,144
Tue Mar 25 15:47:41 2025,-
Tue Mar 25 15:48:06 2025,121
Tue Mar 25 15:49:06 2025,121
Tue Mar 25 15:50:07 2025,126
Tue Mar 25 15:51:07 2025,126
Tue Mar 25 15:52:07 2025,126
Tue Mar 25 15:53:07 2025,129
Tue Mar 25 15:54:07 2025,129
Tue Mar 25 15:55:07 2025,130
Tue Mar 25 15:56:07 2025,136
Tue Mar 25 15:57:10 2025,139
Tue Mar 25 15:58:07 2025,139
Tue Mar 25 15:59:07 2025,140
Tue Mar 25 16:00:07 2025,-
Tue Mar 25 16:01:07 2025,140
Tue Mar 25 16:02:07 2025,141
Tue Mar 25 16:03:06 2025,141
Tue Mar 25 16:04:06 2025,141
Tue Mar 25 16:05:07 2025,142
Tue Mar 25 16:06:07 2025,139
Tue Mar 25 16:07:07 2025,141
Tue Mar 25 16:08:07 2025,144
Tue Mar 25 16:09:06 2025,144
Tue Mar 25 16:10:08 2025,143
Tue Mar 25 16:11:07 2025,143
Tue Mar 25 16:12:07 2025,145
Tue Mar 25 16:13:07 2025,144
Tue Mar 25 16:14:07 2025,148
Tue Mar 25 16:15:07 2025,146
Tue Mar 25 16:16:07 2025,146
Tue Mar 25 16:17:07 2025,148
Tue Mar 25 16:18:06 2025,148
Tue Mar 25 16:19:07 2025,145
Tue Mar 25 16:20:07 2025,135
Tue Mar 25 16:21:07 2025,130
Tue Mar 25 16:22:07 2025,131
Tue Mar 25 16:23:07 2025,130
Tue Mar 25 16:24:07 2025,132
Tue Mar 25 16:25:06 2025,131
Tue Mar 25 16:26:07 2025,133
Tue Mar 25 16:27:07 2025,131
Tue Mar 25 16:28:06 2025,132
Tue Mar 25 16:29:07 2025,133
Tue Mar 25 16:30:07 2025,134
Tue Mar 25 16:31:06 2025,134
Tue Mar 25 16:32:07 2025,134
Tue Mar 25 16:33:07 2025,134
Tue Mar 25 16:34:07 2025,133
Tue Mar 25 16:35:06 2025,132
Tue Mar 25 16:36:06 2025,130
Tue Mar 25 16:37:06 2025,132
Tue Mar 25 16:38:13 2025,137
Tue Mar 25 16:39:07 2025,137
Tue Mar 25 16:40:07 2025,135
Tue Mar 25 16:41:06 2025,136
Tue Mar 25 16:42:07 2025,139
Tue Mar 25 16:43:06 2025,140
Tue Mar 25 16:44:06 2025,140
Tue Mar 25 16:45:06 2025,141
Tue Mar 25 16:46:06 2025,143
Tue Mar 25 16:47:10 2025,148
Tue Mar 25 16:48:07 2025,144
Tue Mar 25 16:49:07 2025,149
Tue Mar 25 16:50:07 2025,152
Tue Mar 25 16:51:06 2025,154
Tue Mar 25 16:52:08 2025,153
Tue Mar 25 16:53:06 2025,154
Tue Mar 25 16:54:07 2025,156
Tue Mar 25 16:55:07 2025,163
Tue Mar 25 16:56:07 2025,172
Tue Mar 25 16:57:06 2025,174
Tue Mar 25 16:58:06 2025,175
Tue Mar 25 16:59:06 2025,174
Tue Mar 25 17:00:07 2025,-
Tue Mar 25 17:01:06 2025,176
Tue Mar 25 17:02:06 2025,178
Tue Mar 25 17:03:07 2025,177
Tue Mar 25 17:04:06 2025,179
Tue Mar 25 17:05:07 2025,177
Tue Mar 25 17:06:07 2025,177
Tue Mar 25 17:07:07 2025,174
Tue Mar 25 17:08:06 2025,172
Tue Mar 25 17:09:07 2025,172
Tue Mar 25 17:10:06 2025,170
Tue Mar 25 17:11:06 2025,173
Tue Mar 25 17:12:06 2025,176
Tue Mar 25 17:13:07 2025,-
Tue Mar 25 17:14:06 2025,171
Tue Mar 25 17:15:07 2025,171
Tue Mar 25 17:16:08 2025,172
Tue Mar 25 17:17:07 2025,171
Tue Mar 25 17:18:06 2025,171
Tue Mar 25 17:19:07 2025,170
Tue Mar 25 17:20:08 2025,164
Tue Mar 25 17:21:07 2025,163
Tue Mar 25 17:22:07 2025,165
Tue Mar 25 17:23:06 2025,167
Tue Mar 25 17:24:07 2025,169
Tue Mar 25 17:25:06 2025,170
Tue Mar 25 17:26:06 2025,170
Tue Mar 25 17:27:07 2025,170
Tue Mar 25 17:28:07 2025,178
Tue Mar 25 17:29:07 2025,178
Tue Mar 25 17:30:07 2025,178
Tue Mar 25 17:31:07 2025,175
Tue Mar 25 17:32:06 2025,180
Tue Mar 25 17:33:07 2025,180
Tue Mar 25 17:34:06 2025,176
Tue Mar 25 17:35:11 2025,176
Tue Mar 25 17:36:06 2025,182
Tue Mar 25 17:37:06 2025,184
Tue Mar 25 17:38:07 2025,187
Tue Mar 25 17:39:07 2025,191
Tue Mar 25 17:40:07 2025,190
Tue Mar 25 17:41:07 2025,192
Tue Mar 25 17:42:07 2025,197
Tue Mar 25 17:43:07 2025,200
Tue Mar 25 17:44:06 2025,203
Tue Mar 25 17:45:08 2025,210
Tue Mar 25 17:46:07 2025,209
Tue Mar 25 17:47:07 2025,209
Tue Mar 25 17:48:07 2025,207
Tue Mar 25 17:49:07 2025,211
Tue Mar 25 17:50:07 2025,213
Tue Mar 25 17:51:07 2025,218
Tue Mar 25 17:52:07 2025,218
Tue Mar 25 17:53:07 2025,216
Tue Mar 25 17:54:07 2025,214
Tue Mar 25 17:55:07 2025,219
Tue Mar 25 17:56:07 2025,220
Tue Mar 25 17:57:06 2025,220
Tue Mar 25 17:58:07 2025,225
Tue Mar 25 17:59:06 2025,226
Tue Mar 25 18:00:07 2025,-
Tue Mar 25 18:01:07 2025,230
Tue Mar 25 18:02:07 2025,230
Tue Mar 25 18:03:07 2025,229
Tue Mar 25 18:04:06 2025,230
Tue Mar 25 18:05:06 2025,234
Tue Mar 25 18:06:06 2025,235
Tue Mar 25 18:07:06 2025,235
Tue Mar 25 18:08:07 2025,240
Tue Mar 25 18:09:07 2025,237
Tue Mar 25 18:10:06 2025,231
Tue Mar 25 18:11:07 2025,228
Tue Mar 25 18:12:06 2025,232
Tue Mar 25 18:13:06 2025,224
Tue Mar 25 18:14:06 2025,218
Tue Mar 25 18:15:07 2025,223
Tue Mar 25 18:16:06 2025,220
Tue Mar 25 18:17:06 2025,220
Tue Mar 25 18:18:07 2025,217
Tue Mar 25 18:19:07 2025,219
Tue Mar 25 18:20:07 2025,223
Tue Mar 25 18:21:07 2025,223
Tue Mar 25 18:22:06 2025,222
Tue Mar 25 18:23:06 2025,223
Tue Mar 25 18:24:06 2025,220
Tue Mar 25 18:25:07 2025,217
Tue Mar 25 18:26:07 2025,216
Tue Mar 25 18:27:06 2025,-
Tue Mar 25 18:28:06 2025,213
Tue Mar 25 18:29:06 2025,211
Tue Mar 25 18:30:06 2025,212
Tue Mar 25 18:31:07 2025,207
Tue Mar 25 18:32:06 2025,208
Tue Mar 25 18:33:06 2025,212
Tue Mar 25 18:34:06 2025,210
Tue Mar 25 18:35:08 2025,210
Tue Mar 25 18:36:06 2025,210
Tue Mar 25 18:37:06 2025,210
Tue Mar 25 18:38:06 2025,210
Tue Mar 25 18:39:07 2025,210
Tue Mar 25 18:40:06 2025,206
Tue Mar 25 18:41:06 2025,200
Tue Mar 25 18:42:07 2025,199
Tue Mar 25 18:43:06 2025,197
Tue Mar 25 18:44:07 2025,197
Tue Mar 25 18:45:07 2025,198
Tue Mar 25 18:46:07 2025,198
Tue Mar 25 18:47:06 2025,196
Tue Mar 25 18:48:07 2025,198
Tue Mar 25 18:49:06 2025,198
Tue Mar 25 18:50:07 2025,199
Tue Mar 25 18:51:06 2025,202
Tue Mar 25 18:52:07 2025,200
Tue Mar 25 18:53:06 2025,199
Tue Mar 25 18:54:06 2025,202
Tue Mar 25 18:55:06 2025,203
Tue Mar 25 18:56:07 2025,203
Tue Mar 25 18:57:06 2025,202
Tue Mar 25 18:58:07 2025,200
Tue Mar 25 18:59:08 2025,201
Tue Mar 25 19:00:07 2025,-
Tue Mar 25 19:01:07 2025,190
Tue Mar 25 21:34:29 2025,80
Tue Mar 25 21:35:07 2025,80
Tue Mar 25 21:36:07 2025,76
Tue Mar 25 21:37:07 2025,77
Tue Mar 25 21:38:10 2025,75
Tue Mar 25 21:39:07 2025,73
Tue Mar 25 21:40:07 2025,72
Tue Mar 25 21:42:15 2025,72
Tue Mar 25 21:43:07 2025,67
Tue Mar 25 21:44:07 2025,67
Tue Mar 25 21:45:07 2025,62
Tue Mar 25 21:46:07 2025,59
Tue Mar 25 21:47:07 2025,58
Tue Mar 25 21:48:07 2025,58
Tue Mar 25 21:49:07 2025,57
Tue Mar 25 21:50:07 2025,-
Tue Mar 25 21:51:07 2025,53
Tue Mar 25 21:52:07 2025,51
Tue Mar 25 21:53:07 2025,47
Tue Mar 25 21:54:07 2025,45
Tue Mar 25 21:55:07 2025,43
Tue Mar 25 21:56:07 2025,43
Tue Mar 25 21:57:07 2025,42
Tue Mar 25 21:58:07 2025,38
Tue Mar 25 21:59:07 2025,34
Tue Mar 25 22:15:10 2025,-
Tue Mar 25 22:25:13 2025,0
Tue Mar 25 22:26:07 2025,0
Tue Mar 25 22:27:07 2025,0
Tue Mar 25 22:28:07 2025,0
Tue Mar 25 22:29:07 2025,0
Tue Mar 25 22:30:07 2025,0
Tue Mar 25 22:31:07 2025,0
Tue Mar 25 22:32:07 2025,0
Tue Mar 25 22:33:07 2025,0
Tue Mar 25 22:34:07 2025,0
Tue Mar 25 22:35:07 2025,1
Tue Mar 25 22:36:07 2025,1
Tue Mar 25 22:37:07 2025,0
Tue Mar 25 22:38:07 2025,0
Tue Mar 25 22:39:08 2025,0
Tue Mar 25 22:40:12 2025,0
Tue Mar 25 22:41:07 2025,1
Tue Mar 25 22:42:07 2025,0
Tue Mar 25 22:43:07 2025,1
Tue Mar 25 22:44:07 2025,1
Tue Mar 25 22:45:08 2025,1
Tue Mar 25 22:46:07 2025,1
Tue Mar 25 22:47:07 2025,1
Tue Mar 25 22:48:07 2025,1
Tue Mar 25 22:49:07 2025,1
Tue Mar 25 22:50:06 2025,1
Tue Mar 25 22:51:07 2025,1
Tue Mar 25 22:52:07 2025,1
Tue Mar 25 22:53:07 2025,1
Tue Mar 25 22:54:07 2025,1
Tue Mar 25 22:55:07 2025,1
Tue Mar 25 22:56:07 2025,1
Tue Mar 25 22:57:07 2025,1
Tue Mar 25 22:58:07 2025,1
Tue Mar 25 22:59:07 2025,1
Tue Mar 25 23:00:07 2025,-
Tue Mar 25 23:01:07 2025,1
Tue Mar 25 23:02:07 2025,1
Tue Mar 25 23:03:07 2025,1
Tue Mar 25 23:04:07 2025,1
Tue Mar 25 23:05:07 2025,1
Tue Mar 25 23:06:07 2025,1
Tue Mar 25 23:07:07 2025,1
Tue Mar 25 23:08:07 2025,1
Tue Mar 25 23:09:07 2025,1
Tue Mar 25 23:10:07 2025,1
Tue Mar 25 23:11:07 2025,1
Tue Mar 25 23:12:07 2025,1
Tue Mar 25 23:13:07 2025,1
Tue Mar 25 23:14:07 2025,1
Tue Mar 25 23:15:07 2025,1
Tue Mar 25 23:16:07 2025,1
Tue Mar 25 23:17:07 2025,1
Tue Mar 25 23:18:06 2025,1
Tue Mar 25 23:19:07 2025,1
Tue Mar 25 23:20:07 2025,1
Tue Mar 25 23:21:07 2025,1
Tue Mar 25 23:22:07 2025,1
Tue Mar 25 23:23:07 2025,1
Tue Mar 25 23:24:07 2025,1
Tue Mar 25 23:25:07 2025,1
Tue Mar 25 23:26:07 2025,1
Tue Mar 25 23:27:06 2025,1
Tue Mar 25 23:28:07 2025,1
Tue Mar 25 23:29:07 2025,1
Tue Mar 25 23:30:07 2025,1
Tue Mar 25 23:31:07 2025,1
Tue Mar 25 23:32:07 2025,1
Tue Mar 25 23:33:07 2025,1
Tue Mar 25 23:34:07 2025,1
Tue Mar 25 23:35:07 2025,1
Tue Mar 25 23:36:07 2025,1
Tue Mar 25 23:37:10 2025,1
Tue Mar 25 23:38:07 2025,1
Tue Mar 25 23:39:07 2025,1
Tue Mar 25 23:40:07 2025,1
Tue Mar 25 23:41:07 2025,1
Tue Mar 25 23:42:07 2025,1
Tue Mar 25 23:43:07 2025,1
Tue Mar 25 23:44:07 2025,1
Tue Mar 25 23:45:07 2025,1
Tue Mar 25 23:46:07 2025,1
Tue Mar 25 23:47:07 2025,1
Tue Mar 25 23:48:07 2025,1
Tue Mar 25 23:49:07 2025,1
Tue Mar 25 23:50:08 2025,1
Tue Mar 25 23:51:07 2025,1
Tue Mar 25 23:52:07 2025,1
Tue Mar 25 23:53:07 2025,1
Tue Mar 25 23:54:07 2025,1
Tue Mar 25 23:55:08 2025,1
Tue Mar 25 23:56:07 2025,1
Tue Mar 25 23:57:10 2025,1
Tue Mar 25 23:58:07 2025,1
Tue Mar 25 23:59:07 2025,1
Wed Mar 26 00:00:07 2025,-
Wed Mar 26 00:01:07 2025,1
Wed Mar 26 00:02:07 2025,1
Wed Mar 26 00:03:07 2025,1
Wed Mar 26 00:04:07 2025,1
Wed Mar 26 00:05:07 2025,1
Wed Mar 26 00:06:07 2025,1
Wed Mar 26 00:07:07 2025,1
Wed Mar 26 00:08:07 2025,1
Wed Mar 26 00:09:07 2025,1
Wed Mar 26 00:10:07 2025,1
Wed Mar 26 00:11:07 2025,1
Wed Mar 26 00:12:07 2025,1
Wed Mar 26 00:13:07 2025,1
Wed Mar 26 00:14:07 2025,1
Wed Mar 26 00:15:07 2025,1
Wed Mar 26 00:16:07 2025,1
Wed Mar 26 00:17:07 2025,1
Wed Mar 26 00:18:07 2025,1
Wed Mar 26 00:19:07 2025,1
Wed Mar 26 00:20:07 2025,1
Wed Mar 26 00:21:07 2025,1
Wed Mar 26 00:22:07 2025,1
Wed Mar 26 00:23:07 2025,1
Wed Mar 26 00:24:07 2025,1
Wed Mar 26 00:25:08 2025,1
Wed Mar 26 00:26:07 2025,1
Wed Mar 26 00:27:07 2025,1
Wed Mar 26 00:28:07 2025,1
Wed Mar 26 00:29:07 2025,1
Wed Mar 26 00:30:07 2025,1
Wed Mar 26 00:31:07 2025,1
Wed Mar 26 00:32:07 2025,1
Wed Mar 26 00:33:07 2025,1
Wed Mar 26 00:34:11 2025,1
Wed Mar 26 00:35:08 2025,1
Wed Mar 26 00:36:07 2025,1
Wed Mar 26 00:37:07 2025,1
Wed Mar 26 00:38:07 2025,1
Wed Mar 26 00:39:07 2025,1
Wed Mar 26 00:40:07 2025,1
Wed Mar 26 02:41:15 2025,1
Wed Mar 26 04:33:35 2025,1
Wed Mar 26 05:34:24 2025,0
Wed Mar 26 07:20:14 2025,138
Wed Mar 26 08:34:23 2025,138
Wed Mar 26 08:35:07 2025,138
Wed Mar 26 08:36:07 2025,136
Wed Mar 26 08:37:07 2025,134
Wed Mar 26 08:38:07 2025,134
Wed Mar 26 08:39:07 2025,133
Wed Mar 26 08:40:09 2025,133
Wed Mar 26 08:41:07 2025,134
Wed Mar 26 08:42:07 2025,133
Wed Mar 26 08:43:12 2025,133
Wed Mar 26 08:44:07 2025,131
Wed Mar 26 08:45:08 2025,132
Wed Mar 26 08:46:07 2025,132
Wed Mar 26 08:47:07 2025,134
Wed Mar 26 08:48:07 2025,137
Wed Mar 26 08:49:07 2025,136
Wed Mar 26 08:50:07 2025,135
Wed Mar 26 08:51:07 2025,137
Wed Mar 26 09:29:01 2025,144
Wed Mar 26 09:30:07 2025,143
Wed Mar 26 09:31:07 2025,139
Wed Mar 26 09:32:07 2025,137
Wed Mar 26 09:33:07 2025,139
Wed Mar 26 09:34:07 2025,137
Wed Mar 26 09:35:07 2025,138
Wed Mar 26 09:36:07 2025,138
Wed Mar 26 09:37:07 2025,137
Wed Mar 26 09:38:07 2025,135
Wed Mar 26 09:39:07 2025,134
Wed Mar 26 09:40:07 2025,137
Wed Mar 26 09:41:07 2025,139
Wed Mar 26 09:42:07 2025,138
Wed Mar 26 09:43:07 2025,137
Wed Mar 26 09:44:07 2025,133
Wed Mar 26 09:45:07 2025,135
Wed Mar 26 09:46:07 2025,135
Wed Mar 26 09:47:09 2025,132
Wed Mar 26 09:48:07 2025,135
Wed Mar 26 09:49:07 2025,135
Wed Mar 26 09:50:07 2025,134
Wed Mar 26 09:51:07 2025,133
Wed Mar 26 09:52:11 2025,132
Wed Mar 26 09:53:07 2025,135
Wed Mar 26 09:54:07 2025,134
Wed Mar 26 09:55:07 2025,135
Wed Mar 26 09:56:07 2025,138
Wed Mar 26 09:57:07 2025,144
Wed Mar 26 09:58:07 2025,151
Wed Mar 26 09:59:07 2025,153
Wed Mar 26 10:00:07 2025,-
Wed Mar 26 10:01:07 2025,151
Wed Mar 26 10:02:09 2025,151
Wed Mar 26 10:03:07 2025,150
Wed Mar 26 10:04:07 2025,148
Wed Mar 26 10:05:07 2025,147
Wed Mar 26 10:06:07 2025,147
Wed Mar 26 10:07:07 2025,147
Wed Mar 26 10:08:07 2025,163
Wed Mar 26 10:09:07 2025,170
Wed Mar 26 10:10:07 2025,171
Wed Mar 26 10:11:07 2025,176
Wed Mar 26 10:12:07 2025,182
Wed Mar 26 10:13:07 2025,183
Wed Mar 26 10:14:07 2025,184
Wed Mar 26 10:15:07 2025,169
Wed Mar 26 10:16:06 2025,163
Wed Mar 26 10:17:07 2025,159
Wed Mar 26 10:18:07 2025,155
Wed Mar 26 10:19:07 2025,152
Wed Mar 26 10:20:07 2025,152
Wed Mar 26 10:21:07 2025,153
Wed Mar 26 10:22:15 2025,152
Wed Mar 26 10:23:07 2025,150
Wed Mar 26 10:24:08 2025,154
Wed Mar 26 10:25:07 2025,153
Wed Mar 26 10:26:07 2025,157
Wed Mar 26 10:27:07 2025,158
Wed Mar 26 10:28:07 2025,157
Wed Mar 26 10:29:07 2025,157
Wed Mar 26 10:30:07 2025,154
Wed Mar 26 10:31:09 2025,156
Wed Mar 26 10:32:07 2025,158
Wed Mar 26 10:33:07 2025,157
Wed Mar 26 10:34:08 2025,160
Wed Mar 26 10:35:07 2025,159
Wed Mar 26 10:36:08 2025,158
Wed Mar 26 10:37:07 2025,159
Wed Mar 26 10:38:11 2025,159
Wed Mar 26 10:39:08 2025,158
Wed Mar 26 10:40:08 2025,158
Wed Mar 26 10:41:09 2025,157
Wed Mar 26 10:42:07 2025,159
Wed Mar 26 10:43:07 2025,161
Wed Mar 26 10:44:07 2025,162
Wed Mar 26 10:45:07 2025,164
Wed Mar 26 10:46:07 2025,165
Wed Mar 26 10:47:07 2025,164
Wed Mar 26 10:48:09 2025,162
Wed Mar 26 10:49:11 2025,165
Wed Mar 26 10:50:07 2025,167
Wed Mar 26 10:51:07 2025,167
Wed Mar 26 10:52:07 2025,168
Wed Mar 26 10:53:07 2025,168
Wed Mar 26 10:54:07 2025,167
Wed Mar 26 10:55:31 2025,170
Wed Mar 26 10:56:11 2025,172
Wed Mar 26 10:57:13 2025,175
Wed Mar 26 10:58:07 2025,174
Wed Mar 26 10:59:07 2025,176
Wed Mar 26 11:00:07 2025,-
Wed Mar 26 11:01:07 2025,179
Wed Mar 26 11:02:07 2025,180
Wed Mar 26 11:03:07 2025,194
Wed Mar 26 11:04:07 2025,196
Wed Mar 26 11:05:07 2025,194
Wed Mar 26 11:06:07 2025,194
Wed Mar 26 11:07:07 2025,193
Wed Mar 26 11:08:07 2025,193
Wed Mar 26 11:09:07 2025,187
Wed Mar 26 11:10:07 2025,183
Wed Mar 26 11:11:07 2025,179
Wed Mar 26 11:12:07 2025,178
Wed Mar 26 11:13:07 2025,177
Wed Mar 26 11:14:07 2025,175
Wed Mar 26 11:15:07 2025,173
Wed Mar 26 11:16:07 2025,171
Wed Mar 26 11:17:07 2025,171
Wed Mar 26 11:18:07 2025,167
Wed Mar 26 11:19:07 2025,162
Wed Mar 26 11:20:07 2025,163
Wed Mar 26 11:21:07 2025,165
Wed Mar 26 11:22:07 2025,165
Wed Mar 26 11:23:07 2025,165
Wed Mar 26 11:24:07 2025,165
Wed Mar 26 11:25:07 2025,163
Wed Mar 26 11:26:07 2025,162
Wed Mar 26 11:27:07 2025,160
Wed Mar 26 11:28:07 2025,158
Wed Mar 26 11:29:07 2025,137
Wed Mar 26 11:30:07 2025,136
Wed Mar 26 11:31:07 2025,138
Wed Mar 26 11:32:07 2025,137
Wed Mar 26 11:33:08 2025,136
Wed Mar 26 11:34:06 2025,133
Wed Mar 26 11:35:08 2025,131
Wed Mar 26 11:36:12 2025,136
Wed Mar 26 11:37:07 2025,135
Wed Mar 26 11:38:07 2025,133
Wed Mar 26 11:39:07 2025,136
Wed Mar 26 11:40:07 2025,137
Wed Mar 26 11:41:07 2025,135
Wed Mar 26 11:42:07 2025,131
Wed Mar 26 11:43:07 2025,127
Wed Mar 26 11:44:07 2025,129
Wed Mar 26 11:45:10 2025,128
Wed Mar 26 11:46:07 2025,129
Wed Mar 26 11:47:07 2025,128
Wed Mar 26 11:48:07 2025,127
Wed Mar 26 11:49:07 2025,130
Wed Mar 26 11:50:07 2025,130
Wed Mar 26 11:51:07 2025,131
Wed Mar 26 11:52:11 2025,130
Wed Mar 26 11:53:07 2025,133
Wed Mar 26 11:54:07 2025,135
Wed Mar 26 11:55:06 2025,135
Wed Mar 26 11:56:07 2025,137
Wed Mar 26 11:57:07 2025,138
Wed Mar 26 11:58:07 2025,138
Wed Mar 26 11:59:07 2025,138
Wed Mar 26 12:00:07 2025,-
Wed Mar 26 12:01:07 2025,140
Wed Mar 26 12:02:07 2025,138
Wed Mar 26 12:03:07 2025,138
Wed Mar 26 12:04:07 2025,140
Wed Mar 26 12:05:07 2025,141
Wed Mar 26 12:06:07 2025,127
Wed Mar 26 12:07:07 2025,120
Wed Mar 26 12:08:07 2025,122
Wed Mar 26 12:09:10 2025,123
Wed Mar 26 12:10:12 2025,122
Wed Mar 26 12:11:07 2025,122
Wed Mar 26 12:12:07 2025,120
Wed Mar 26 12:13:07 2025,120
Wed Mar 26 12:14:10 2025,123
Wed Mar 26 12:15:07 2025,125
Wed Mar 26 12:16:07 2025,123
Wed Mar 26 12:17:07 2025,125
Wed Mar 26 12:18:07 2025,127
Wed Mar 26 12:19:07 2025,127
Wed Mar 26 12:20:07 2025,129
Wed Mar 26 12:21:07 2025,130
Wed Mar 26 12:22:07 2025,128
Wed Mar 26 12:23:07 2025,130
Wed Mar 26 12:24:10 2025,129
Wed Mar 26 12:25:07 2025,131
Wed Mar 26 12:26:07 2025,132
Wed Mar 26 12:27:07 2025,131
Wed Mar 26 12:28:07 2025,132
Wed Mar 26 12:29:07 2025,131
Wed Mar 26 12:30:07 2025,133
Wed Mar 26 12:31:07 2025,129
Wed Mar 26 12:32:11 2025,130
Wed Mar 26 12:33:07 2025,132
Wed Mar 26 12:34:07 2025,130
Wed Mar 26 12:35:08 2025,-
Wed Mar 26 12:36:07 2025,134
Wed Mar 26 12:37:07 2025,133
Wed Mar 26 12:38:07 2025,137
Wed Mar 26 12:39:07 2025,138
Wed Mar 26 12:40:07 2025,138
Wed Mar 26 12:41:11 2025,135
Wed Mar 26 12:42:07 2025,136
Wed Mar 26 12:43:07 2025,132
Wed Mar 26 12:44:08 2025,135
Wed Mar 26 12:45:07 2025,135
Wed Mar 26 12:46:07 2025,133
Wed Mar 26 12:47:07 2025,135
Wed Mar 26 12:48:06 2025,127
Wed Mar 26 12:49:11 2025,126
Wed Mar 26 12:50:07 2025,126
Wed Mar 26 12:51:07 2025,130
Wed Mar 26 12:52:07 2025,128
Wed Mar 26 12:53:07 2025,125
Wed Mar 26 12:54:07 2025,128
Wed Mar 26 12:55:07 2025,131
Wed Mar 26 12:56:10 2025,128
Wed Mar 26 12:57:07 2025,124
Wed Mar 26 12:58:07 2025,123
Wed Mar 26 12:59:07 2025,125
Wed Mar 26 13:00:08 2025,-
Wed Mar 26 13:01:07 2025,124
Wed Mar 26 13:02:07 2025,127
Wed Mar 26 13:03:07 2025,134
Wed Mar 26 13:04:11 2025,130
Wed Mar 26 13:05:07 2025,129
Wed Mar 26 13:06:07 2025,129
Wed Mar 26 13:07:07 2025,128
Wed Mar 26 13:08:07 2025,127
Wed Mar 26 13:09:11 2025,126
Wed Mar 26 13:10:07 2025,126
Wed Mar 26 13:11:07 2025,124
Wed Mar 26 13:28:13 2025,-
Wed Mar 26 13:29:09 2025,119
Wed Mar 26 13:30:07 2025,117
Wed Mar 26 13:31:08 2025,112
Wed Mar 26 13:32:07 2025,114
Wed Mar 26 13:33:07 2025,109
Wed Mar 26 13:34:07 2025,106
Wed Mar 26 13:35:07 2025,109
Wed Mar 26 13:36:07 2025,106
Wed Mar 26 13:37:08 2025,99
Wed Mar 26 13:38:07 2025,96
Wed Mar 26 13:39:12 2025,96
Wed Mar 26 13:40:07 2025,95
Wed Mar 26 13:41:07 2025,94
Wed Mar 26 13:42:07 2025,93
Wed Mar 26 13:43:07 2025,94
Wed Mar 26 13:50:07 2025,90
Wed Mar 26 13:51:07 2025,90
Wed Mar 26 13:52:08 2025,90
Wed Mar 26 13:53:08 2025,92
Wed Mar 26 13:54:07 2025,91
Wed Mar 26 13:55:07 2025,87
Wed Mar 26 13:56:07 2025,88
Wed Mar 26 13:57:07 2025,89
Wed Mar 26 13:58:07 2025,90
Wed Mar 26 13:59:07 2025,90
Wed Mar 26 14:00:07 2025,-
Wed Mar 26 14:01:07 2025,87
Wed Mar 26 14:02:08 2025,87
Wed Mar 26 14:03:08 2025,84
Wed Mar 26 14:04:08 2025,85
Wed Mar 26 14:05:07 2025,86
Wed Mar 26 14:06:16 2025,84
Wed Mar 26 14:07:07 2025,87
Wed Mar 26 14:08:07 2025,87
Wed Mar 26 14:09:07 2025,86
Wed Mar 26 14:10:07 2025,87
Wed Mar 26 14:11:07 2025,93
Wed Mar 26 14:12:07 2025,93
Wed Mar 26 14:13:07 2025,94
Wed Mar 26 14:14:07 2025,93
Wed Mar 26 14:15:07 2025,96
Wed Mar 26 14:16:07 2025,96
Wed Mar 26 14:17:07 2025,98
Wed Mar 26 14:18:07 2025,98
Wed Mar 26 14:19:07 2025,95
Wed Mar 26 14:20:14 2025,100
Wed Mar 26 14:21:07 2025,102
Wed Mar 26 14:22:07 2025,101
Wed Mar 26 14:23:07 2025,100
Wed Mar 26 14:24:07 2025,101
Wed Mar 26 14:25:09 2025,103
Wed Mar 26 14:26:08 2025,107
Wed Mar 26 14:27:07 2025,110
Wed Mar 26 14:28:07 2025,112
Wed Mar 26 14:29:07 2025,110
Wed Mar 26 14:30:09 2025,111
Wed Mar 26 14:31:07 2025,110
Wed Mar 26 14:32:13 2025,-
Wed Mar 26 14:33:07 2025,111
Wed Mar 26 14:34:07 2025,108
Wed Mar 26 14:35:07 2025,111
Wed Mar 26 14:36:12 2025,114
Wed Mar 26 14:37:08 2025,111
Wed Mar 26 14:38:07 2025,116
Wed Mar 26 14:39:08 2025,-
Wed Mar 26 14:40:12 2025,120
Wed Mar 26 14:41:07 2025,119
Wed Mar 26 14:42:08 2025,120
Wed Mar 26 14:43:07 2025,122
Wed Mar 26 14:44:08 2025,120
Wed Mar 26 14:45:11 2025,120
Wed Mar 26 14:46:07 2025,118
Wed Mar 26 14:47:12 2025,118
Wed Mar 26 14:48:07 2025,121
Wed Mar 26 14:49:07 2025,121
Wed Mar 26 14:50:07 2025,120
Wed Mar 26 14:51:07 2025,123
Wed Mar 26 14:52:07 2025,-
Wed Mar 26 14:53:07 2025,122
Wed Mar 26 14:54:07 2025,122
Wed Mar 26 14:55:07 2025,125
Wed Mar 26 14:56:07 2025,128
Wed Mar 26 14:57:07 2025,127
Wed Mar 26 14:58:07 2025,127
Wed Mar 26 14:59:07 2025,128
Wed Mar 26 15:00:07 2025,-
Wed Mar 26 15:01:07 2025,126
Wed Mar 26 15:02:07 2025,126
Wed Mar 26 15:03:07 2025,126
Wed Mar 26 15:04:07 2025,127
Wed Mar 26 15:05:07 2025,127
Wed Mar 26 15:06:07 2025,128
Wed Mar 26 15:07:07 2025,128
Wed Mar 26 15:08:10 2025,129
Wed Mar 26 15:09:07 2025,132
Wed Mar 26 15:10:14 2025,133
Wed Mar 26 15:11:07 2025,133
Wed Mar 26 15:12:07 2025,131
Wed Mar 26 15:13:07 2025,133
Wed Mar 26 15:14:07 2025,134
Wed Mar 26 15:15:07 2025,133
Wed Mar 26 15:16:07 2025,137
Wed Mar 26 15:17:07 2025,137
Wed Mar 26 15:18:07 2025,137
Wed Mar 26 15:19:08 2025,140
Wed Mar 26 15:20:07 2025,138
Wed Mar 26 15:21:07 2025,137
Wed Mar 26 15:22:07 2025,138
Wed Mar 26 15:23:07 2025,-
Wed Mar 26 15:24:07 2025,140
Wed Mar 26 15:25:07 2025,143
Wed Mar 26 15:26:07 2025,142
Wed Mar 26 15:27:07 2025,139
Wed Mar 26 15:28:07 2025,138
Wed Mar 26 15:29:07 2025,137
Wed Mar 26 15:30:09 2025,139
Wed Mar 26 15:31:07 2025,141
Wed Mar 26 15:32:07 2025,142
Wed Mar 26 15:33:07 2025,142
Wed Mar 26 15:34:07 2025,142
Wed Mar 26 15:35:07 2025,147
Wed Mar 26 15:36:07 2025,154
Wed Mar 26 15:37:07 2025,150
Wed Mar 26 15:38:07 2025,147
Wed Mar 26 15:39:07 2025,149
Wed Mar 26 15:40:07 2025,147
Wed Mar 26 15:41:07 2025,148
Wed Mar 26 15:42:07 2025,147
Wed Mar 26 15:43:07 2025,146
Wed Mar 26 15:44:07 2025,149
Wed Mar 26 15:45:07 2025,150
Wed Mar 26 15:46:07 2025,151
Wed Mar 26 15:47:07 2025,148
Wed Mar 26 15:48:07 2025,151
Wed Mar 26 15:49:07 2025,159
Wed Mar 26 15:50:09 2025,163
Wed Mar 26 15:51:07 2025,161
Wed Mar 26 15:52:12 2025,160
Wed Mar 26 15:53:07 2025,160
Wed Mar 26 15:54:08 2025,159
Wed Mar 26 15:55:07 2025,161
Wed Mar 26 15:56:07 2025,158
Wed Mar 26 15:57:08 2025,173
Wed Mar 26 15:58:08 2025,169
Wed Mar 26 15:59:07 2025,170
Wed Mar 26 16:00:07 2025,-
Wed Mar 26 16:01:07 2025,169
Wed Mar 26 16:02:15 2025,170
Wed Mar 26 16:03:08 2025,168
Wed Mar 26 16:04:22 2025,169
Wed Mar 26 16:05:07 2025,169
Wed Mar 26 16:06:10 2025,167
Wed Mar 26 16:07:18 2025,-
Wed Mar 26 16:08:11 2025,166
Wed Mar 26 16:09:07 2025,166
Wed Mar 26 16:10:11 2025,165
Wed Mar 26 16:11:07 2025,165
Wed Mar 26 16:12:07 2025,165
Wed Mar 26 16:13:13 2025,-
Wed Mar 26 16:14:09 2025,161
Wed Mar 26 16:15:11 2025,161
Wed Mar 26 16:16:07 2025,163
Wed Mar 26 16:17:07 2025,165
Wed Mar 26 16:18:07 2025,171
Wed Mar 26 16:19:07 2025,176
Wed Mar 26 16:20:08 2025,176
Wed Mar 26 16:21:08 2025,181
Wed Mar 26 16:22:07 2025,181
Wed Mar 26 16:23:13 2025,184
Wed Mar 26 16:24:07 2025,184
Wed Mar 26 16:25:13 2025,183
Wed Mar 26 16:26:07 2025,181
Wed Mar 26 16:27:07 2025,175
Wed Mar 26 16:28:07 2025,176
Wed Mar 26 16:29:12 2025,174
Wed Mar 26 16:30:07 2025,172
Wed Mar 26 16:31:08 2025,-
Wed Mar 26 16:32:07 2025,172
Wed Mar 26 16:33:07 2025,172
Wed Mar 26 16:34:07 2025,176
Wed Mar 26 16:35:10 2025,177
Wed Mar 26 16:36:08 2025,179
Wed Mar 26 16:37:07 2025,182
Wed Mar 26 16:38:07 2025,183
Wed Mar 26 16:39:08 2025,183
Wed Mar 26 16:40:07 2025,185
Wed Mar 26 16:41:16 2025,187
Wed Mar 26 16:42:07 2025,185
Wed Mar 26 16:43:07 2025,185
Wed Mar 26 16:44:07 2025,183
Wed Mar 26 16:45:07 2025,186
Wed Mar 26 16:46:07 2025,186
Wed Mar 26 16:47:07 2025,185
Wed Mar 26 16:48:06 2025,188
Wed Mar 26 16:49:07 2025,190
Wed Mar 26 16:50:07 2025,192
Wed Mar 26 16:51:08 2025,193
Wed Mar 26 16:52:07 2025,197
Wed Mar 26 16:53:07 2025,200
Wed Mar 26 16:54:07 2025,198
Wed Mar 26 16:55:07 2025,198
Wed Mar 26 16:56:07 2025,204
Wed Mar 26 16:57:07 2025,207
Wed Mar 26 16:58:07 2025,208
Wed Mar 26 16:59:07 2025,210
Wed Mar 26 17:00:07 2025,-
Wed Mar 26 17:01:07 2025,201
Wed Mar 26 17:02:19 2025,202
Wed Mar 26 17:03:07 2025,200
Wed Mar 26 17:04:12 2025,188
Wed Mar 26 17:05:07 2025,184
Wed Mar 26 17:06:12 2025,176
Wed Mar 26 17:07:07 2025,182
Wed Mar 26 17:08:13 2025,179
Wed Mar 26 17:09:07 2025,179
Wed Mar 26 17:10:07 2025,180
Wed Mar 26 17:11:07 2025,181
Wed Mar 26 17:12:07 2025,178
Wed Mar 26 17:13:07 2025,176
Wed Mar 26 17:14:07 2025,175
Wed Mar 26 17:15:08 2025,173
Wed Mar 26 17:16:07 2025,172
Wed Mar 26 17:17:07 2025,168
Wed Mar 26 17:18:07 2025,172
Wed Mar 26 17:19:07 2025,172
Wed Mar 26 17:20:07 2025,173
Wed Mar 26 17:21:07 2025,171
Wed Mar 26 17:22:08 2025,172
Wed Mar 26 17:23:07 2025,171
Wed Mar 26 17:24:07 2025,173
Wed Mar 26 17:25:07 2025,168
Wed Mar 26 17:26:12 2025,164
Wed Mar 26 17:27:07 2025,163
Wed Mar 26 17:28:07 2025,164
Wed Mar 26 17:29:06 2025,168
Wed Mar 26 17:30:08 2025,169
Wed Mar 26 17:31:07 2025,170
Wed Mar 26 17:32:12 2025,170
Wed Mar 26 17:33:12 2025,169
Wed Mar 26 17:34:11 2025,165
Wed Mar 26 17:35:09 2025,164
Wed Mar 26 17:36:08 2025,164
Wed Mar 26 17:37:08 2025,164
Wed Mar 26 17:38:11 2025,169
Wed Mar 26 17:39:12 2025,173
Wed Mar 26 17:40:07 2025,178
Wed Mar 26 17:41:07 2025,176
Wed Mar 26 17:42:07 2025,177
Wed Mar 26 17:43:07 2025,177
Wed Mar 26 17:44:07 2025,174
Wed Mar 26 17:45:07 2025,178
Wed Mar 26 17:46:07 2025,180
Wed Mar 26 17:47:07 2025,181
Wed Mar 26 17:48:07 2025,181
Wed Mar 26 17:49:07 2025,185
Wed Mar 26 17:50:08 2025,188
Wed Mar 26 17:51:07 2025,187
Wed Mar 26 18:09:07 2025,201
Wed Mar 26 18:10:07 2025,198
Wed Mar 26 18:41:51 2025,181
Wed Mar 26 18:42:07 2025,182
Wed Mar 26 18:43:07 2025,184
Wed Mar 26 18:44:07 2025,183
Wed Mar 26 18:45:07 2025,186
Wed Mar 26 18:46:07 2025,188
Wed Mar 26 19:02:31 2025,204
Wed Mar 26 19:03:07 2025,207
Wed Mar 26 19:19:12 2025,163
Wed Mar 26 19:20:07 2025,159
Wed Mar 26 19:21:07 2025,159
Wed Mar 26 19:22:07 2025,158
Wed Mar 26 19:23:08 2025,-
Wed Mar 26 19:24:07 2025,154
Wed Mar 26 19:25:14 2025,153
Wed Mar 26 19:26:07 2025,152
Wed Mar 26 19:27:07 2025,148
Wed Mar 26 19:28:07 2025,143
Wed Mar 26 19:29:07 2025,143
Wed Mar 26 19:30:07 2025,142
Wed Mar 26 19:31:07 2025,141
Wed Mar 26 19:32:07 2025,142
Wed Mar 26 19:33:07 2025,143
Wed Mar 26 19:34:07 2025,142
Wed Mar 26 19:35:07 2025,141
Wed Mar 26 19:36:07 2025,136
Wed Mar 26 19:37:07 2025,137
Wed Mar 26 19:38:07 2025,139
Wed Mar 26 19:39:07 2025,138
Wed Mar 26 19:40:08 2025,137
Wed Mar 26 19:41:07 2025,136
Wed Mar 26 19:42:07 2025,139
Wed Mar 26 19:43:07 2025,141
Wed Mar 26 19:44:07 2025,141
Wed Mar 26 19:45:07 2025,141
Wed Mar 26 19:46:07 2025,144
Wed Mar 26 19:47:07 2025,145
Wed Mar 26 19:48:11 2025,148
Wed Mar 26 19:49:07 2025,150
Wed Mar 26 19:51:07 2025,152
Wed Mar 26 19:52:07 2025,155
Wed Mar 26 19:53:07 2025,152
Wed Mar 26 19:54:13 2025,152
Wed Mar 26 19:55:07 2025,151
Wed Mar 26 19:56:07 2025,152
Wed Mar 26 19:57:07 2025,154
Wed Mar 26 19:58:07 2025,153
Wed Mar 26 19:59:12 2025,152
Wed Mar 26 20:00:07 2025,-
Wed Mar 26 20:01:08 2025,148
Wed Mar 26 20:02:07 2025,146
Wed Mar 26 20:03:07 2025,147
Wed Mar 26 20:04:07 2025,145
Wed Mar 26 20:05:07 2025,145
Wed Mar 26 20:06:06 2025,145
Wed Mar 26 20:07:07 2025,146
Wed Mar 26 20:08:10 2025,148
Wed Mar 26 20:09:07 2025,143
Wed Mar 26 20:10:08 2025,139
Wed Mar 26 20:11:07 2025,136
Wed Mar 26 20:12:19 2025,137
Wed Mar 26 20:13:07 2025,136
Wed Mar 26 20:14:07 2025,135
Wed Mar 26 20:15:07 2025,132
Wed Mar 26 20:16:07 2025,136
Wed Mar 26 20:17:07 2025,134
Wed Mar 26 20:18:07 2025,139
Wed Mar 26 20:19:07 2025,138
Wed Mar 26 20:42:51 2025,109
Wed Mar 26 20:43:08 2025,106
Wed Mar 26 20:59:40 2025,94
Wed Mar 26 21:00:07 2025,-
Wed Mar 26 21:18:33 2025,86
Wed Mar 26 21:35:12 2025,72
Wed Mar 26 21:36:07 2025,72
Wed Mar 26 21:44:20 2025,59
Wed Mar 26 22:01:04 2025,22
Wed Mar 26 22:02:07 2025,12
Wed Mar 26 22:03:07 2025,8
Wed Mar 26 22:04:07 2025,6
Wed Mar 26 22:05:07 2025,4
Wed Mar 26 22:06:07 2025,3
Wed Mar 26 22:07:07 2025,0
Wed Mar 26 22:08:07 2025,0
Wed Mar 26 22:09:07 2025,0
Wed Mar 26 22:10:07 2025,0
Wed Mar 26 22:11:07 2025,1
Wed Mar 26 22:12:07 2025,0
Wed Mar 26 22:13:07 2025,0
Wed Mar 26 22:14:11 2025,0
Wed Mar 26 22:15:07 2025,0
Wed Mar 26 22:16:07 2025,0
Wed Mar 26 22:17:07 2025,0
Wed Mar 26 22:18:07 2025,0
Wed Mar 26 22:35:04 2025,2
Wed Mar 26 22:36:12 2025,1
Wed Mar 26 22:44:55 2025,2
Wed Mar 26 22:45:08 2025,2
Wed Mar 26 23:02:49 2025,2
Wed Mar 26 23:03:08 2025,2
Wed Mar 26 23:37:01 2025,2
Wed Mar 26 23:38:07 2025,2
Wed Mar 26 23:39:07 2025,2
Wed Mar 26 23:40:11 2025,2
Wed Mar 26 23:41:07 2025,2
Wed Mar 26 23:42:08 2025,2
Wed Mar 26 23:43:07 2025,2
Wed Mar 26 23:44:07 2025,2
Wed Mar 26 23:45:08 2025,2
Wed Mar 26 23:46:07 2025,2
Wed Mar 26 23:47:07 2025,2
Wed Mar 26 23:48:07 2025,2
Wed Mar 26 23:49:07 2025,2
Wed Mar 26 23:50:08 2025,2
Wed Mar 26 23:51:07 2025,2
Wed Mar 26 23:52:07 2025,2
Wed Mar 26 23:53:08 2025,2
Wed Mar 26 23:54:07 2025,2
Wed Mar 26 23:55:07 2025,2
Wed Mar 26 23:56:07 2025,2
Wed Mar 26 23:57:13 2025,2
Wed Mar 26 23:58:07 2025,2
Wed Mar 26 23:59:07 2025,2
Thu Mar 27 00:00:08 2025,-
Thu Mar 27 00:01:07 2025,2
Thu Mar 27 00:02:07 2025,2
Thu Mar 27 00:03:07 2025,2
Thu Mar 27 00:04:07 2025,2
Thu Mar 27 00:05:07 2025,2
Thu Mar 27 00:06:07 2025,2
Thu Mar 27 00:07:07 2025,2
Thu Mar 27 00:08:07 2025,2
Thu Mar 27 00:09:07 2025,2
Thu Mar 27 00:10:07 2025,2
Thu Mar 27 00:11:07 2025,2
Thu Mar 27 00:12:08 2025,2
Thu Mar 27 00:13:07 2025,2
Thu Mar 27 00:14:08 2025,2
Thu Mar 27 00:15:08 2025,2
Thu Mar 27 00:16:07 2025,2
Thu Mar 27 00:17:07 2025,2
Thu Mar 27 00:18:07 2025,2
Thu Mar 27 00:19:07 2025,2
Thu Mar 27 00:20:07 2025,2
Thu Mar 27 00:21:07 2025,2
Thu Mar 27 00:22:12 2025,2
Thu Mar 27 00:23:07 2025,2
Thu Mar 27 00:24:07 2025,2
Thu Mar 27 00:25:07 2025,2
Thu Mar 27 00:26:07 2025,2
Thu Mar 27 00:27:07 2025,2
Thu Mar 27 00:28:07 2025,2
Thu Mar 27 00:29:07 2025,2
Thu Mar 27 00:30:07 2025,2
Thu Mar 27 00:31:07 2025,2
Thu Mar 27 00:32:07 2025,2
Thu Mar 27 00:33:07 2025,2
Thu Mar 27 00:34:07 2025,2
Thu Mar 27 00:35:13 2025,2
Thu Mar 27 00:36:07 2025,2
Thu Mar 27 00:37:08 2025,2
Thu Mar 27 00:38:07 2025,2
Thu Mar 27 00:39:08 2025,2
Thu Mar 27 00:40:08 2025,2
Thu Mar 27 00:41:08 2025,2
Thu Mar 27 00:42:08 2025,2
Thu Mar 27 00:45:53 2025,2
Thu Mar 27 00:46:07 2025,2
Thu Mar 27 01:02:12 2025,2
Thu Mar 27 01:18:51 2025,-
Thu Mar 27 01:19:06 2025,2
Thu Mar 27 01:50:55 2025,2
Thu Mar 27 01:51:06 2025,2
Thu Mar 27 02:08:47 2025,2
Thu Mar 27 02:09:08 2025,2
Thu Mar 27 02:10:07 2025,2
Thu Mar 27 02:11:07 2025,2
Thu Mar 27 02:12:07 2025,2
Thu Mar 27 02:13:07 2025,2
Thu Mar 27 02:14:07 2025,2
Thu Mar 27 02:15:07 2025,2
Thu Mar 27 02:16:07 2025,2
Thu Mar 27 02:17:07 2025,2
Thu Mar 27 02:18:07 2025,2
Thu Mar 27 02:19:07 2025,2
Thu Mar 27 02:20:07 2025,2
Thu Mar 27 02:37:23 2025,2
Thu Mar 27 02:53:53 2025,2
Thu Mar 27 02:54:06 2025,2
Thu Mar 27 02:55:07 2025,2
Thu Mar 27 02:56:07 2025,2
Thu Mar 27 02:57:07 2025,2
Thu Mar 27 02:58:07 2025,2
Thu Mar 27 02:59:07 2025,2
Thu Mar 27 03:00:07 2025,-
Thu Mar 27 03:01:07 2025,2
Thu Mar 27 03:02:07 2025,2
Thu Mar 27 03:03:11 2025,2
Thu Mar 27 03:04:07 2025,2
Thu Mar 27 03:05:08 2025,2
Thu Mar 27 03:06:09 2025,2
Thu Mar 27 03:07:08 2025,2
Thu Mar 27 03:08:07 2025,2
Thu Mar 27 03:09:07 2025,2
Thu Mar 27 03:10:07 2025,2
Thu Mar 27 03:11:07 2025,2
Thu Mar 27 03:12:07 2025,2
Thu Mar 27 03:13:07 2025,2
Thu Mar 27 03:14:08 2025,2
Thu Mar 27 03:15:08 2025,2
Thu Mar 27 03:16:07 2025,2
Thu Mar 27 03:17:07 2025,2
Thu Mar 27 03:18:07 2025,2
Thu Mar 27 03:19:07 2025,2
Thu Mar 27 03:20:07 2025,2
Thu Mar 27 03:21:07 2025,2
Thu Mar 27 03:22:07 2025,2
Thu Mar 27 03:23:07 2025,2
Thu Mar 27 03:24:07 2025,2
Thu Mar 27 03:25:08 2025,2
Thu Mar 27 03:26:07 2025,2
Thu Mar 27 03:27:08 2025,2
Thu Mar 27 03:43:41 2025,2
Thu Mar 27 03:44:07 2025,2
Thu Mar 27 04:01:12 2025,2
Thu Mar 27 04:02:06 2025,2
Thu Mar 27 04:03:07 2025,2
Thu Mar 27 04:04:07 2025,2
Thu Mar 27 04:05:07 2025,2
Thu Mar 27 04:06:07 2025,2
Thu Mar 27 04:07:07 2025,2
Thu Mar 27 04:08:07 2025,2
Thu Mar 27 04:09:07 2025,2
Thu Mar 27 04:10:07 2025,2
Thu Mar 27 04:11:07 2025,2
Thu Mar 27 04:12:07 2025,2
Thu Mar 27 04:13:07 2025,2
Thu Mar 27 04:14:07 2025,2
Thu Mar 27 04:15:08 2025,2
Thu Mar 27 04:16:07 2025,2
Thu Mar 27 04:17:07 2025,2
Thu Mar 27 04:18:07 2025,2
Thu Mar 27 04:19:07 2025,2
Thu Mar 27 04:20:07 2025,2
Thu Mar 27 04:21:07 2025,2
Thu Mar 27 04:22:07 2025,2
Thu Mar 27 04:23:07 2025,2
Thu Mar 27 04:24:07 2025,2
Thu Mar 27 04:25:07 2025,2
Thu Mar 27 04:26:07 2025,2
Thu Mar 27 04:27:07 2025,2
Thu Mar 27 04:28:07 2025,2
Thu Mar 27 04:29:07 2025,2
Thu Mar 27 04:30:08 2025,2
Thu Mar 27 04:31:08 2025,2
Thu Mar 27 04:32:07 2025,2
Thu Mar 27 04:33:08 2025,2
Thu Mar 27 04:34:07 2025,2
Thu Mar 27 04:35:07 2025,2
Thu Mar 27 04:36:07 2025,2
Thu Mar 27 04:37:07 2025,2
Thu Mar 27 04:38:07 2025,2
Thu Mar 27 04:39:07 2025,2
Thu Mar 27 04:40:13 2025,2
Thu Mar 27 04:41:07 2025,2
Thu Mar 27 04:42:07 2025,2
Thu Mar 27 04:43:08 2025,2
Thu Mar 27 04:44:07 2025,2
Thu Mar 27 04:45:08 2025,2
Thu Mar 27 04:46:07 2025,2
Thu Mar 27 04:47:12 2025,2
Thu Mar 27 04:48:11 2025,2
Thu Mar 27 04:49:07 2025,2
Thu Mar 27 04:50:07 2025,2
Thu Mar 27 04:51:07 2025,2
Thu Mar 27 04:52:07 2025,2
Thu Mar 27 04:53:07 2025,2
Thu Mar 27 04:54:07 2025,2
Thu Mar 27 04:55:08 2025,2
Thu Mar 27 04:56:07 2025,2
Thu Mar 27 04:57:12 2025,2
Thu Mar 27 04:58:07 2025,2
Thu Mar 27 04:59:08 2025,2
Thu Mar 27 05:00:07 2025,-
Thu Mar 27 05:01:07 2025,0
Thu Mar 27 05:02:08 2025,0
Thu Mar 27 05:03:07 2025,0
Thu Mar 27 05:04:07 2025,0
Thu Mar 27 05:05:07 2025,0
Thu Mar 27 05:06:07 2025,0
Thu Mar 27 05:23:29 2025,0
Thu Mar 27 05:40:54 2025,0
Thu Mar 27 05:41:07 2025,1
Thu Mar 27 05:57:42 2025,0
Thu Mar 27 05:58:08 2025,0
Thu Mar 27 05:59:07 2025,0
Thu Mar 27 06:00:07 2025,-
Thu Mar 27 06:01:07 2025,20
Thu Mar 27 06:02:08 2025,25
Thu Mar 27 06:03:07 2025,26
Thu Mar 27 06:04:07 2025,28
Thu Mar 27 06:21:52 2025,73
Thu Mar 27 06:22:06 2025,72
Thu Mar 27 06:23:07 2025,74
Thu Mar 27 06:24:07 2025,74
Thu Mar 27 06:25:07 2025,76
Thu Mar 27 06:26:07 2025,75
Thu Mar 27 06:27:07 2025,76
Thu Mar 27 06:28:07 2025,80
Thu Mar 27 06:29:07 2025,85
Thu Mar 27 06:30:07 2025,90
Thu Mar 27 06:31:12 2025,91
Thu Mar 27 06:32:07 2025,92
Thu Mar 27 06:33:07 2025,97
Thu Mar 27 06:34:07 2025,99
Thu Mar 27 06:35:08 2025,100
Thu Mar 27 06:36:08 2025,100
Thu Mar 27 06:37:07 2025,100
Thu Mar 27 06:38:07 2025,101
Thu Mar 27 06:39:07 2025,102
Thu Mar 27 06:40:07 2025,102
Thu Mar 27 06:41:07 2025,104
Thu Mar 27 06:42:07 2025,106
Thu Mar 27 06:43:07 2025,106
Thu Mar 27 06:44:07 2025,106
Thu Mar 27 06:45:08 2025,107
Thu Mar 27 06:46:07 2025,109
Thu Mar 27 06:47:07 2025,110
Thu Mar 27 06:48:08 2025,110
Thu Mar 27 06:49:07 2025,114
Thu Mar 27 06:50:07 2025,116
Thu Mar 27 06:51:07 2025,116
Thu Mar 27 06:52:07 2025,116
Thu Mar 27 06:53:08 2025,118
Thu Mar 27 06:54:07 2025,119
Thu Mar 27 06:55:08 2025,119
Thu Mar 27 06:56:07 2025,118
Thu Mar 27 06:57:07 2025,117
Thu Mar 27 06:58:07 2025,118
Thu Mar 27 06:59:08 2025,118
Thu Mar 27 07:00:07 2025,-
Thu Mar 27 07:01:08 2025,120
Thu Mar 27 07:02:08 2025,121
Thu Mar 27 07:03:07 2025,122
Thu Mar 27 07:04:07 2025,123
Thu Mar 27 07:05:07 2025,126
Thu Mar 27 07:06:07 2025,131
Thu Mar 27 07:07:07 2025,132
Thu Mar 27 07:08:07 2025,133
Thu Mar 27 07:09:07 2025,134
Thu Mar 27 07:10:08 2025,137
Thu Mar 27 07:11:16 2025,141
Thu Mar 27 07:12:07 2025,142
Thu Mar 27 07:13:07 2025,145
Thu Mar 27 07:14:08 2025,142
Thu Mar 27 07:15:08 2025,144
Thu Mar 27 07:16:08 2025,143
Thu Mar 27 07:17:07 2025,142
Thu Mar 27 07:18:07 2025,144
Thu Mar 27 07:19:11 2025,145
Thu Mar 27 07:20:11 2025,145
Thu Mar 27 07:21:07 2025,148
Thu Mar 27 07:36:35 2025,134
Thu Mar 27 07:37:07 2025,133
Thu Mar 27 07:38:07 2025,132
Thu Mar 27 07:39:11 2025,130
Thu Mar 27 07:40:07 2025,125
Thu Mar 27 07:41:09 2025,120
Thu Mar 27 07:42:07 2025,117
Thu Mar 27 07:57:06 2025,97
Thu Mar 27 07:58:07 2025,97
Thu Mar 27 07:59:11 2025,95
Thu Mar 27 08:00:07 2025,-
Thu Mar 27 08:01:07 2025,91
Thu Mar 27 08:02:08 2025,89
Thu Mar 27 08:03:07 2025,91
Thu Mar 27 08:04:07 2025,92
Thu Mar 27 08:05:08 2025,89
Thu Mar 27 08:06:07 2025,88
Thu Mar 27 08:07:07 2025,89
Thu Mar 27 08:08:07 2025,93
Thu Mar 27 08:09:07 2025,93
Thu Mar 27 08:10:07 2025,100
Thu Mar 27 08:11:07 2025,110
Thu Mar 27 08:12:08 2025,109
Thu Mar 27 08:13:07 2025,105
Thu Mar 27 08:14:07 2025,102
Thu Mar 27 08:15:07 2025,103
Thu Mar 27 08:16:07 2025,104
Thu Mar 27 08:17:07 2025,106
Thu Mar 27 08:18:07 2025,104
Thu Mar 27 08:19:07 2025,103
Thu Mar 27 08:20:07 2025,102
Thu Mar 27 08:21:07 2025,101
Thu Mar 27 08:22:07 2025,101
Thu Mar 27 08:23:08 2025,101
Thu Mar 27 08:24:07 2025,101
Thu Mar 27 08:25:07 2025,100
Thu Mar 27 08:26:07 2025,99
Thu Mar 27 08:27:07 2025,99
Thu Mar 27 08:28:12 2025,97
Thu Mar 27 08:29:07 2025,95
Thu Mar 27 08:30:07 2025,94
Thu Mar 27 08:31:07 2025,92
Thu Mar 27 08:32:07 2025,91
Thu Mar 27 08:48:08 2025,99
Thu Mar 27 09:04:43 2025,97
Thu Mar 27 09:21:33 2025,101
Thu Mar 27 09:38:39 2025,87
Thu Mar 27 09:39:07 2025,87
Thu Mar 27 09:40:07 2025,86
Thu Mar 27 09:45:58 2025,86
Thu Mar 27 09:46:06 2025,87
Thu Mar 27 09:47:07 2025,86
Thu Mar 27 09:48:09 2025,85
Thu Mar 27 09:49:07 2025,85
Thu Mar 27 09:50:08 2025,85
Thu Mar 27 09:51:08 2025,85
Thu Mar 27 09:52:07 2025,85
Thu Mar 27 09:53:07 2025,85
Thu Mar 27 09:54:13 2025,84
Thu Mar 27 09:55:07 2025,81
Thu Mar 27 09:56:07 2025,80
Thu Mar 27 09:57:07 2025,81
Thu Mar 27 09:58:07 2025,80
Thu Mar 27 10:32:22 2025,99
Thu Mar 27 10:48:22 2025,97
Thu Mar 27 10:49:07 2025,100
Thu Mar 27 11:06:32 2025,116
Thu Mar 27 11:24:11 2025,97
Thu Mar 27 11:40:29 2025,97
Thu Mar 27 11:41:11 2025,96
Thu Mar 27 11:42:11 2025,98
Thu Mar 27 11:43:07 2025,98
Thu Mar 27 11:44:07 2025,104
Thu Mar 27 11:45:07 2025,104
Thu Mar 27 11:46:07 2025,104
Thu Mar 27 11:47:07 2025,105
Thu Mar 27 11:48:07 2025,106
Thu Mar 27 11:49:07 2025,106
Thu Mar 27 11:50:07 2025,100
Thu Mar 27 11:51:07 2025,100
Thu Mar 27 11:52:07 2025,101
Thu Mar 27 11:53:07 2025,102
Thu Mar 27 11:54:07 2025,104
Thu Mar 27 11:55:07 2025,102
Thu Mar 27 11:56:07 2025,103
Thu Mar 27 11:57:07 2025,106
Thu Mar 27 11:58:07 2025,109
Thu Mar 27 11:59:07 2025,110
Thu Mar 27 12:00:07 2025,-
Thu Mar 27 12:01:07 2025,110
Thu Mar 27 12:02:07 2025,108
Thu Mar 27 12:03:10 2025,108
Thu Mar 27 12:04:07 2025,109
Thu Mar 27 12:05:07 2025,107
Thu Mar 27 12:06:07 2025,104
Thu Mar 27 12:07:07 2025,101
Thu Mar 27 12:08:07 2025,105
Thu Mar 27 12:09:07 2025,101
Thu Mar 27 12:10:07 2025,103
Thu Mar 27 12:11:07 2025,102
Thu Mar 27 12:12:07 2025,102
Thu Mar 27 12:13:07 2025,104
Thu Mar 27 12:14:07 2025,103
Thu Mar 27 12:15:14 2025,102
Thu Mar 27 12:16:07 2025,99
Thu Mar 27 12:17:07 2025,101
Thu Mar 27 12:18:07 2025,101
Thu Mar 27 12:19:07 2025,102
Thu Mar 27 12:20:07 2025,105
Thu Mar 27 12:21:08 2025,105
Thu Mar 27 12:22:07 2025,106
Thu Mar 27 12:23:07 2025,104
Thu Mar 27 12:24:07 2025,103
Thu Mar 27 12:42:34 2025,113
Thu Mar 27 12:43:07 2025,111
Thu Mar 27 12:49:48 2025,104
Thu Mar 27 12:50:07 2025,104
Thu Mar 27 13:06:16 2025,103
Thu Mar 27 13:07:07 2025,101
Thu Mar 27 13:08:07 2025,96
Thu Mar 27 13:09:07 2025,97
Thu Mar 27 13:10:07 2025,96
Thu Mar 27 13:11:07 2025,95
Thu Mar 27 13:12:07 2025,94
Thu Mar 27 13:13:07 2025,92
Thu Mar 27 13:14:07 2025,91
Thu Mar 27 13:15:07 2025,89
Thu Mar 27 13:16:07 2025,88
Thu Mar 27 13:17:07 2025,86
Thu Mar 27 13:18:07 2025,88
Thu Mar 27 13:19:07 2025,84
Thu Mar 27 13:20:07 2025,94
Thu Mar 27 13:21:06 2025,95
Thu Mar 27 13:22:07 2025,94
Thu Mar 27 13:23:07 2025,93
Thu Mar 27 13:24:07 2025,92
Thu Mar 27 13:25:07 2025,91
Thu Mar 27 13:26:07 2025,88
Thu Mar 27 13:27:07 2025,87
Thu Mar 27 13:28:07 2025,86
Thu Mar 27 13:29:07 2025,87
Thu Mar 27 13:30:07 2025,86
Thu Mar 27 13:31:07 2025,84
Thu Mar 27 13:32:07 2025,81
Thu Mar 27 13:33:07 2025,81
Thu Mar 27 13:34:07 2025,76
Thu Mar 27 13:35:07 2025,74
Thu Mar 27 13:36:07 2025,70
Thu Mar 27 13:37:07 2025,70
Thu Mar 27 13:38:07 2025,70
Thu Mar 27 13:39:07 2025,69
Thu Mar 27 13:40:07 2025,69
Thu Mar 27 13:41:07 2025,69
Thu Mar 27 13:42:07 2025,65
Thu Mar 27 13:43:12 2025,66
Thu Mar 27 13:44:07 2025,66
Thu Mar 27 13:45:07 2025,69
Thu Mar 27 13:46:07 2025,68
Thu Mar 27 13:47:07 2025,68
Thu Mar 27 13:48:07 2025,68
Thu Mar 27 13:49:07 2025,73
Thu Mar 27 13:50:07 2025,74
Thu Mar 27 13:51:07 2025,74
Thu Mar 27 13:52:07 2025,74
Thu Mar 27 13:53:07 2025,71
Thu Mar 27 13:54:07 2025,71
Thu Mar 27 13:55:07 2025,70
Thu Mar 27 13:56:07 2025,69
Thu Mar 27 13:57:07 2025,67
Thu Mar 27 13:58:07 2025,69
Thu Mar 27 13:59:07 2025,71
Thu Mar 27 14:00:08 2025,-
Thu Mar 27 14:01:07 2025,86
Thu Mar 27 14:02:07 2025,88
Thu Mar 27 14:03:07 2025,86
Thu Mar 27 14:04:07 2025,88
Thu Mar 27 14:05:08 2025,89
Thu Mar 27 14:06:07 2025,88
Thu Mar 27 14:38:39 2025,103
Thu Mar 27 14:39:07 2025,100
Thu Mar 27 14:50:57 2025,107
Thu Mar 27 14:51:06 2025,105
Thu Mar 27 15:24:07 2025,102
Thu Mar 27 15:40:34 2025,114
Thu Mar 27 15:51:17 2025,116
Thu Mar 27 15:52:07 2025,117
