Wed Jun 26 10:42:19 2024,100
Wed Jun 26 10:43:25 2024,102
Wed Jun 26 10:44:31 2024,103
Wed Jun 26 10:46:18 2024,104
Wed Jun 26 10:46:49 2024,103
Wed Jun 26 10:50:22 2024,106
Wed Jun 26 10:51:29 2024,107
Wed Jun 26 10:52:36 2024,109
Wed Jun 26 10:53:59 2024,109
Wed Jun 26 10:55:05 2024,110
Wed Jun 26 10:56:13 2024,110
Wed Jun 26 10:57:20 2024,111
Wed Jun 26 10:58:28 2024,112
Wed Jun 26 10:59:35 2024,111
Wed Jun 26 11:00:44 2024,110
Wed Jun 26 11:01:52 2024,113
Wed Jun 26 11:02:59 2024,115
Wed Jun 26 11:04:07 2024,104
Wed Jun 26 11:05:16 2024,102
Wed Jun 26 11:06:24 2024,100
Wed Jun 26 11:07:32 2024,103
Wed Jun 26 11:08:40 2024,101
Wed Jun 26 11:09:47 2024,101
Wed Jun 26 11:10:55 2024,101
Wed Jun 26 11:12:03 2024,100
Wed Jun 26 11:13:11 2024,81
Wed Jun 26 11:14:21 2024,80
Wed Jun 26 11:15:27 2024,82
Wed Jun 26 11:16:35 2024,81
Wed Jun 26 11:17:44 2024,79
Wed Jun 26 11:18:51 2024,78
Wed Jun 26 11:19:58 2024,79
Wed Jun 26 11:21:06 2024,73
Wed Jun 26 11:22:14 2024,71
Wed Jun 26 11:23:22 2024,74
Wed Jun 26 11:24:30 2024,77
Wed Jun 26 11:25:37 2024,81
Wed Jun 26 11:26:45 2024,84
Wed Jun 26 11:27:52 2024,85
Wed Jun 26 11:29:00 2024,82
Wed Jun 26 11:30:07 2024,84
Wed Jun 26 11:31:14 2024,81
Wed Jun 26 11:32:22 2024,78
Wed Jun 26 11:33:30 2024,75
Wed Jun 26 11:34:38 2024,79
Wed Jun 26 11:35:46 2024,76
Wed Jun 26 11:36:54 2024,73
Wed Jun 26 11:38:02 2024,75
Wed Jun 26 11:39:10 2024,75
Wed Jun 26 11:40:18 2024,74
Wed Jun 26 11:41:24 2024,75
Wed Jun 26 11:42:33 2024,74
Wed Jun 26 11:49:17 2024,-
Wed Jun 26 11:53:39 2024,80
Wed Jun 26 11:54:46 2024,82
Wed Jun 26 11:55:56 2024,79
Wed Jun 26 11:57:04 2024,79
Wed Jun 26 11:58:11 2024,83
Wed Jun 26 11:59:19 2024,84
Wed Jun 26 12:00:27 2024,81
Wed Jun 26 12:01:34 2024,84
Wed Jun 26 12:02:41 2024,84
Wed Jun 26 12:03:48 2024,87
Wed Jun 26 12:04:57 2024,88
Wed Jun 26 12:06:05 2024,93
Wed Jun 26 12:07:13 2024,92
Wed Jun 26 12:08:20 2024,93
Wed Jun 26 12:09:28 2024,96
Wed Jun 26 12:10:36 2024,99
Wed Jun 26 12:11:44 2024,101
Wed Jun 26 13:57:06 2024,73
Wed Jun 26 13:58:13 2024,71
Wed Jun 26 13:59:20 2024,71
Wed Jun 26 14:00:27 2024,70
Wed Jun 26 14:01:07 2024,70
Wed Jun 26 14:02:07 2024,70
Wed Jun 26 14:03:08 2024,70
Wed Jun 26 14:04:06 2024,69
Wed Jun 26 14:05:07 2024,65
Wed Jun 26 14:06:07 2024,65
Wed Jun 26 14:07:07 2024,66
Wed Jun 26 14:08:07 2024,65
Wed Jun 26 14:09:07 2024,65
Wed Jun 26 14:10:07 2024,64
Wed Jun 26 14:11:07 2024,64
Wed Jun 26 14:12:07 2024,63
Wed Jun 26 14:13:06 2024,60
Wed Jun 26 14:14:07 2024,63
Wed Jun 26 14:15:07 2024,61
Wed Jun 26 14:16:07 2024,63
Wed Jun 26 14:17:06 2024,64
Wed Jun 26 14:18:07 2024,64
Wed Jun 26 14:19:08 2024,68
Wed Jun 26 14:20:07 2024,72
Wed Jun 26 14:21:07 2024,72
Wed Jun 26 14:22:07 2024,66
Wed Jun 26 14:23:07 2024,65
Wed Jun 26 14:24:07 2024,71
Wed Jun 26 14:25:14 2024,70
Wed Jun 26 14:26:07 2024,70
Wed Jun 26 14:27:06 2024,68
Wed Jun 26 14:28:08 2024,70
Wed Jun 26 14:29:10 2024,69
Wed Jun 26 14:30:08 2024,72
Wed Jun 26 14:31:07 2024,71
Wed Jun 26 14:32:07 2024,72
Wed Jun 26 14:33:07 2024,72
Wed Jun 26 14:34:07 2024,70
Wed Jun 26 14:35:08 2024,72
Wed Jun 26 14:36:07 2024,71
Wed Jun 26 14:37:07 2024,71
Wed Jun 26 14:38:07 2024,73
Wed Jun 26 14:40:50 2024,75
Wed Jun 26 14:45:24 2024,82
Wed Jun 26 14:46:27 2024,88
Wed Jun 26 14:49:03 2024,86
Wed Jun 26 14:50:07 2024,86
Wed Jun 26 14:51:06 2024,86
Wed Jun 26 14:52:07 2024,90
Wed Jun 26 14:53:06 2024,92
Wed Jun 26 14:54:07 2024,93
Wed Jun 26 14:55:07 2024,93
Wed Jun 26 14:56:06 2024,93
Wed Jun 26 14:57:07 2024,93
Wed Jun 26 14:58:06 2024,92
Wed Jun 26 14:59:08 2024,93
Wed Jun 26 15:00:09 2024,-
Wed Jun 26 15:01:07 2024,93
Wed Jun 26 15:02:08 2024,92
Wed Jun 26 15:03:07 2024,92
Wed Jun 26 15:04:06 2024,93
Wed Jun 26 15:05:06 2024,95
Wed Jun 26 15:06:07 2024,99
Wed Jun 26 15:07:08 2024,97
Wed Jun 26 15:08:06 2024,98
Wed Jun 26 15:09:07 2024,99
Wed Jun 26 15:10:07 2024,100
Wed Jun 26 15:11:07 2024,102
Wed Jun 26 15:12:07 2024,104
Wed Jun 26 15:13:07 2024,105
Wed Jun 26 15:14:07 2024,105
Wed Jun 26 15:15:11 2024,109
Wed Jun 26 15:16:08 2024,109
Wed Jun 26 15:17:07 2024,106
Wed Jun 26 15:18:06 2024,107
Wed Jun 26 15:19:07 2024,107
Wed Jun 26 15:20:07 2024,110
Wed Jun 26 15:21:07 2024,111
Wed Jun 26 15:22:07 2024,112
Wed Jun 26 15:23:07 2024,111
Wed Jun 26 15:24:06 2024,106
Wed Jun 26 15:25:07 2024,106
Wed Jun 26 15:26:07 2024,107
Wed Jun 26 15:27:06 2024,109
Wed Jun 26 15:28:07 2024,112
Wed Jun 26 15:29:07 2024,112
Wed Jun 26 15:30:07 2024,111
Wed Jun 26 15:31:07 2024,113
Wed Jun 26 15:32:07 2024,110
Wed Jun 26 15:33:06 2024,113
Wed Jun 26 15:34:07 2024,115
Wed Jun 26 15:35:07 2024,113
Wed Jun 26 15:36:07 2024,114
Wed Jun 26 15:37:07 2024,113
Wed Jun 26 15:38:06 2024,116
Wed Jun 26 15:39:07 2024,115
Wed Jun 26 15:40:07 2024,118
Wed Jun 26 15:41:07 2024,116
Wed Jun 26 15:42:07 2024,117
Wed Jun 26 15:43:07 2024,117
Wed Jun 26 15:44:07 2024,116
Wed Jun 26 15:45:07 2024,116
Wed Jun 26 15:46:08 2024,123
Wed Jun 26 15:47:07 2024,124
Wed Jun 26 15:48:06 2024,124
Wed Jun 26 15:49:08 2024,129
Wed Jun 26 15:50:07 2024,131
Wed Jun 26 15:51:08 2024,134
Wed Jun 26 15:52:07 2024,137
Wed Jun 26 15:53:07 2024,138
Wed Jun 26 15:54:11 2024,138
Wed Jun 26 15:55:10 2024,137
Wed Jun 26 15:56:08 2024,136
Wed Jun 26 15:57:09 2024,138
Wed Jun 26 15:58:07 2024,137
Wed Jun 26 15:59:08 2024,137
Wed Jun 26 16:00:10 2024,-
Wed Jun 26 16:01:06 2024,139
Wed Jun 26 16:02:06 2024,138
Wed Jun 26 16:03:08 2024,145
Wed Jun 26 16:04:07 2024,150
Wed Jun 26 16:05:06 2024,150
Wed Jun 26 16:06:08 2024,148
Wed Jun 26 16:07:08 2024,148
Wed Jun 26 16:08:08 2024,150
Wed Jun 26 16:09:07 2024,152
Wed Jun 26 16:10:07 2024,156
Wed Jun 26 16:11:09 2024,155
Wed Jun 26 16:12:07 2024,155
Wed Jun 26 16:13:07 2024,159
Wed Jun 26 16:14:06 2024,153
Wed Jun 26 16:15:07 2024,153
Wed Jun 26 16:16:07 2024,154
Wed Jun 26 16:17:06 2024,156
Wed Jun 26 16:18:09 2024,153
Wed Jun 26 16:19:08 2024,151
Wed Jun 26 16:20:08 2024,151
Wed Jun 26 16:21:08 2024,149
Wed Jun 26 16:22:08 2024,144
Wed Jun 26 16:23:09 2024,142
Wed Jun 26 16:24:07 2024,143
Wed Jun 26 16:25:08 2024,144
Wed Jun 26 16:26:08 2024,142
Wed Jun 26 16:30:22 2024,144
Wed Jun 26 21:06:58 2024,78
Wed Jun 26 22:13:58 2024,-
Wed Jun 26 22:17:07 2024,0
Wed Jun 26 22:18:06 2024,1
Wed Jun 26 22:19:07 2024,0
Wed Jun 26 22:20:06 2024,1
Wed Jun 26 22:21:06 2024,0
Wed Jun 26 22:22:07 2024,0
Wed Jun 26 22:23:07 2024,0
Wed Jun 26 22:24:07 2024,0
Wed Jun 26 22:25:06 2024,0
Wed Jun 26 22:26:06 2024,0
Wed Jun 26 22:27:06 2024,0
Wed Jun 26 22:28:07 2024,0
Wed Jun 26 22:29:07 2024,0
Wed Jun 26 22:30:08 2024,0
Wed Jun 26 22:31:06 2024,0
Wed Jun 26 22:32:07 2024,0
Wed Jun 26 22:33:07 2024,0
Wed Jun 26 22:34:06 2024,0
Wed Jun 26 22:35:08 2024,0
Wed Jun 26 22:36:07 2024,0
Wed Jun 26 22:37:07 2024,0
Wed Jun 26 22:38:07 2024,0
Wed Jun 26 22:39:07 2024,0
Wed Jun 26 22:40:07 2024,0
Wed Jun 26 22:41:07 2024,0
Wed Jun 26 22:42:07 2024,0
Wed Jun 26 22:43:07 2024,0
Wed Jun 26 22:44:07 2024,0
Wed Jun 26 22:45:07 2024,0
Wed Jun 26 22:46:07 2024,0
Wed Jun 26 22:47:07 2024,0
Wed Jun 26 22:48:07 2024,0
Wed Jun 26 22:49:07 2024,0
Wed Jun 26 22:50:07 2024,0
Wed Jun 26 22:51:22 2024,0
Wed Jun 26 22:52:07 2024,0
Wed Jun 26 22:53:07 2024,0
Wed Jun 26 22:54:06 2024,0
Wed Jun 26 22:55:08 2024,0
Wed Jun 26 22:56:07 2024,0
Wed Jun 26 22:57:07 2024,0
Wed Jun 26 22:58:07 2024,0
Wed Jun 26 22:59:07 2024,0
Wed Jun 26 23:23:50 2024,0
Thu Jun 27 09:59:31 2024,66
Thu Jun 27 10:00:09 2024,-
Thu Jun 27 10:01:08 2024,66
Thu Jun 27 10:02:07 2024,66
Thu Jun 27 10:03:07 2024,67
Thu Jun 27 10:04:06 2024,66
Thu Jun 27 10:05:07 2024,72
Thu Jun 27 10:06:08 2024,73
Thu Jun 27 10:07:07 2024,74
Thu Jun 27 10:08:07 2024,74
Thu Jun 27 10:09:07 2024,74
Thu Jun 27 10:10:06 2024,78
Thu Jun 27 10:11:06 2024,79
Thu Jun 27 10:12:08 2024,79
Thu Jun 27 10:13:07 2024,79
Thu Jun 27 10:14:07 2024,79
Thu Jun 27 10:15:06 2024,78
Thu Jun 27 10:16:08 2024,78
Thu Jun 27 10:17:06 2024,77
Thu Jun 27 10:18:09 2024,77
Thu Jun 27 10:19:07 2024,56
Thu Jun 27 10:20:07 2024,56
Thu Jun 27 10:21:08 2024,56
Thu Jun 27 10:22:06 2024,54
Thu Jun 27 10:23:07 2024,57
Thu Jun 27 10:24:07 2024,54
Thu Jun 27 10:25:07 2024,49
Thu Jun 27 10:26:07 2024,48
Thu Jun 27 10:27:06 2024,48
Thu Jun 27 10:28:07 2024,48
Thu Jun 27 10:29:06 2024,46
Thu Jun 27 10:30:06 2024,46
Thu Jun 27 10:31:08 2024,47
Thu Jun 27 10:32:07 2024,46
Thu Jun 27 10:33:07 2024,48
Thu Jun 27 10:34:09 2024,48
Thu Jun 27 10:35:08 2024,49
Thu Jun 27 10:36:07 2024,53
Thu Jun 27 10:37:06 2024,54
Thu Jun 27 10:38:08 2024,56
Thu Jun 27 10:39:09 2024,57
Thu Jun 27 10:40:07 2024,57
Thu Jun 27 10:41:07 2024,56
Thu Jun 27 10:42:06 2024,56
Thu Jun 27 10:43:07 2024,55
Thu Jun 27 10:44:06 2024,55
Thu Jun 27 10:45:07 2024,55
Thu Jun 27 10:46:07 2024,55
Thu Jun 27 10:47:10 2024,57
Thu Jun 27 10:48:07 2024,58
Thu Jun 27 10:49:08 2024,57
Thu Jun 27 10:50:06 2024,57
Thu Jun 27 10:51:06 2024,56
Thu Jun 27 10:52:07 2024,52
Thu Jun 27 10:53:07 2024,51
Thu Jun 27 10:54:07 2024,51
Thu Jun 27 10:55:07 2024,55
Thu Jun 27 10:56:07 2024,55
Thu Jun 27 10:57:08 2024,56
Thu Jun 27 10:58:07 2024,55
Thu Jun 27 10:59:06 2024,53
Thu Jun 27 11:00:07 2024,-
Thu Jun 27 11:01:07 2024,55
Thu Jun 27 11:02:07 2024,57
Thu Jun 27 11:03:07 2024,59
Thu Jun 27 11:04:07 2024,58
Thu Jun 27 11:05:06 2024,57
Thu Jun 27 11:06:07 2024,57
Thu Jun 27 11:07:06 2024,55
Thu Jun 27 11:08:07 2024,54
Thu Jun 27 11:09:07 2024,53
Thu Jun 27 11:10:07 2024,53
Thu Jun 27 11:11:07 2024,53
Thu Jun 27 11:12:07 2024,55
Thu Jun 27 11:13:07 2024,54
Thu Jun 27 11:14:06 2024,54
Thu Jun 27 11:15:06 2024,49
Thu Jun 27 11:16:08 2024,45
Thu Jun 27 11:17:08 2024,45
Thu Jun 27 11:18:06 2024,46
Thu Jun 27 11:19:10 2024,47
Thu Jun 27 11:20:07 2024,46
Thu Jun 27 11:21:06 2024,46
Thu Jun 27 11:22:07 2024,48
Thu Jun 27 11:23:08 2024,48
Thu Jun 27 11:24:07 2024,49
Thu Jun 27 11:25:07 2024,48
Thu Jun 27 11:26:06 2024,50
Thu Jun 27 11:27:07 2024,50
Thu Jun 27 11:28:07 2024,49
Thu Jun 27 11:29:07 2024,49
Thu Jun 27 11:30:06 2024,53
Thu Jun 27 11:31:07 2024,52
Thu Jun 27 11:32:07 2024,52
Thu Jun 27 11:33:07 2024,52
Thu Jun 27 11:34:07 2024,53
Thu Jun 27 11:35:08 2024,53
Thu Jun 27 11:36:07 2024,55
Thu Jun 27 11:37:07 2024,55
Thu Jun 27 11:38:07 2024,57
Thu Jun 27 11:39:07 2024,57
Thu Jun 27 11:40:07 2024,58
Thu Jun 27 11:41:06 2024,63
Thu Jun 27 11:42:07 2024,63
Thu Jun 27 12:00:14 2024,94
Thu Jun 27 12:01:07 2024,97
Thu Jun 27 12:20:36 2024,94
Thu Jun 27 13:21:15 2024,82
Thu Jun 27 15:42:09 2024,77
Thu Jun 27 15:43:08 2024,78
Thu Jun 27 15:44:09 2024,76
Thu Jun 27 15:45:07 2024,75
Thu Jun 27 15:46:06 2024,76
Thu Jun 27 15:47:06 2024,75
Thu Jun 27 15:48:13 2024,76
Thu Jun 27 15:49:10 2024,76
Thu Jun 27 15:50:08 2024,76
Thu Jun 27 15:51:06 2024,75
Thu Jun 27 15:52:11 2024,75
Thu Jun 27 15:53:11 2024,72
Thu Jun 27 15:54:06 2024,72
Thu Jun 27 15:55:11 2024,72
Thu Jun 27 15:56:11 2024,73
Thu Jun 27 15:57:12 2024,75
Thu Jun 27 15:58:06 2024,76
Thu Jun 27 15:59:06 2024,-
Thu Jun 27 16:00:08 2024,-
Thu Jun 27 16:01:07 2024,-
Thu Jun 27 16:02:13 2024,-
Thu Jun 27 16:03:07 2024,-
Thu Jun 27 16:04:08 2024,-
Thu Jun 27 16:05:06 2024,-
Thu Jun 27 16:06:09 2024,-
Thu Jun 27 16:07:20 2024,-
Thu Jun 27 16:08:10 2024,-
Thu Jun 27 16:09:15 2024,-
Thu Jun 27 16:10:07 2024,-
Thu Jun 27 16:11:16 2024,-
Thu Jun 27 16:12:06 2024,-
Thu Jun 27 16:13:06 2024,-
Thu Jun 27 16:14:09 2024,-
Thu Jun 27 16:15:07 2024,-
Thu Jun 27 16:16:06 2024,-
Thu Jun 27 16:17:07 2024,-
Thu Jun 27 16:18:06 2024,-
Thu Jun 27 16:19:21 2024,-
Thu Jun 27 16:20:10 2024,-
Thu Jun 27 16:21:06 2024,-
Thu Jun 27 16:22:13 2024,-
Thu Jun 27 16:23:06 2024,-
Thu Jun 27 16:24:15 2024,-
Thu Jun 27 16:25:26 2024,-
Thu Jun 27 16:26:46 2024,-
Thu Jun 27 16:27:27 2024,-
Thu Jun 27 16:28:06 2024,-
Thu Jun 27 16:29:10 2024,-
Thu Jun 27 16:30:48 2024,-
Thu Jun 27 16:32:11 2024,-
Thu Jun 27 16:33:59 2024,-
Thu Jun 27 16:34:56 2024,-
Thu Jun 27 16:36:02 2024,-
Thu Jun 27 16:38:54 2024,-
Thu Jun 27 16:40:25 2024,-
Thu Jun 27 16:41:55 2024,-
Thu Jun 27 16:43:48 2024,-
Thu Jun 27 16:45:22 2024,-
Thu Jun 27 16:46:57 2024,-
Thu Jun 27 16:49:22 2024,-
Thu Jun 27 16:50:53 2024,-
Thu Jun 27 16:51:51 2024,-
Thu Jun 27 16:52:58 2024,-
Thu Jun 27 16:54:55 2024,-
Thu Jun 27 16:56:38 2024,-
Thu Jun 27 16:57:54 2024,-
Thu Jun 27 16:58:59 2024,-
Thu Jun 27 17:00:45 2024,-
Thu Jun 27 17:01:41 2024,85
Thu Jun 27 17:03:50 2024,80
Thu Jun 27 17:05:13 2024,79
Thu Jun 27 17:06:41 2024,79
Thu Jun 27 17:08:11 2024,78
Thu Jun 27 17:09:53 2024,78
Thu Jun 27 17:10:53 2024,80
Thu Jun 27 17:11:40 2024,78
Thu Jun 27 17:12:49 2024,78
Thu Jun 27 17:14:53 2024,76
Thu Jun 27 17:16:06 2024,77
Thu Jun 27 17:17:16 2024,-
Thu Jun 27 17:19:06 2024,77
Thu Jun 27 17:20:17 2024,75
Thu Jun 27 17:22:29 2024,75
Thu Jun 27 17:24:42 2024,73
Thu Jun 27 17:26:25 2024,-
Thu Jun 27 17:27:10 2024,68
Thu Jun 27 17:28:26 2024,66
Thu Jun 27 17:29:34 2024,67
Thu Jun 27 17:30:12 2024,67
Thu Jun 27 17:31:19 2024,-
Thu Jun 27 17:32:23 2024,76
Thu Jun 27 17:33:32 2024,77
Thu Jun 27 17:34:35 2024,75
Thu Jun 27 17:35:11 2024,75
Thu Jun 27 17:36:22 2024,76
Thu Jun 27 17:37:27 2024,76
Thu Jun 27 17:38:16 2024,75
Thu Jun 27 17:39:17 2024,74
Thu Jun 27 17:40:17 2024,72
Thu Jun 27 17:41:07 2024,71
Thu Jun 27 17:42:07 2024,71
Thu Jun 27 17:43:15 2024,72
Thu Jun 27 17:44:12 2024,73
Thu Jun 27 17:45:28 2024,75
Thu Jun 27 17:46:26 2024,74
Thu Jun 27 17:47:26 2024,72
Thu Jun 27 17:48:38 2024,73
Thu Jun 27 17:49:23 2024,74
Thu Jun 27 17:50:47 2024,74
Thu Jun 27 17:51:29 2024,73
Thu Jun 27 17:52:37 2024,76
Thu Jun 27 17:53:26 2024,75
Thu Jun 27 17:54:16 2024,76
Thu Jun 27 17:55:16 2024,76
Thu Jun 27 17:56:07 2024,77
Thu Jun 27 17:57:22 2024,77
Thu Jun 27 17:58:59 2024,81
Thu Jun 27 17:59:27 2024,-
Thu Jun 27 18:00:44 2024,78
Thu Jun 27 18:03:10 2024,79
Thu Jun 27 18:04:44 2024,76
Thu Jun 27 18:06:27 2024,78
Thu Jun 27 18:09:33 2024,73
Thu Jun 27 18:12:15 2024,76
Thu Jun 27 18:15:48 2024,-
Thu Jun 27 18:16:37 2024,77
Thu Jun 27 18:18:02 2024,76
Thu Jun 27 18:22:13 2024,77
Thu Jun 27 18:23:53 2024,77
Thu Jun 27 18:30:09 2024,77
Thu Jun 27 18:31:07 2024,79
Thu Jun 27 18:32:13 2024,77
Thu Jun 27 18:33:25 2024,77
Thu Jun 27 18:34:19 2024,79
Thu Jun 27 18:35:37 2024,75
Thu Jun 27 18:36:07 2024,74
Thu Jun 27 18:37:21 2024,75
Thu Jun 27 18:38:17 2024,72
Thu Jun 27 18:41:01 2024,75
Thu Jun 27 18:42:32 2024,75
Thu Jun 27 18:43:22 2024,77
Thu Jun 27 18:44:35 2024,74
Thu Jun 27 18:45:59 2024,78
Thu Jun 27 18:46:21 2024,79
Thu Jun 27 18:47:16 2024,74
Thu Jun 27 18:48:21 2024,73
Thu Jun 27 18:49:12 2024,74
Thu Jun 27 18:50:11 2024,76
Thu Jun 27 18:51:24 2024,78
Thu Jun 27 18:52:55 2024,76
Thu Jun 27 18:53:14 2024,79
Thu Jun 27 18:54:51 2024,80
Thu Jun 27 18:55:30 2024,80
Fri Jun 28 00:34:02 2024,3
Fri Jun 28 02:12:29 2024,3
Fri Jun 28 03:37:06 2024,3
Fri Jun 28 06:18:35 2024,10
Fri Jun 28 08:54:01 2024,91
Fri Jun 28 09:21:04 2024,118
Fri Jun 28 09:22:07 2024,118
Fri Jun 28 09:23:08 2024,123
Fri Jun 28 09:24:06 2024,105
Fri Jun 28 09:25:06 2024,105
Fri Jun 28 09:26:06 2024,106
Fri Jun 28 09:27:08 2024,105
Fri Jun 28 09:28:09 2024,98
Fri Jun 28 09:29:07 2024,82
Fri Jun 28 09:30:07 2024,82
Fri Jun 28 09:31:06 2024,81
Fri Jun 28 09:32:08 2024,81
Fri Jun 28 09:33:08 2024,81
Fri Jun 28 09:34:08 2024,81
Fri Jun 28 09:35:08 2024,81
Fri Jun 28 09:36:06 2024,80
Fri Jun 28 09:37:06 2024,80
Fri Jun 28 09:38:10 2024,80
Fri Jun 28 09:39:08 2024,80
Fri Jun 28 09:40:09 2024,80
Fri Jun 28 09:41:06 2024,81
Fri Jun 28 09:42:09 2024,83
Fri Jun 28 09:43:09 2024,84
Fri Jun 28 09:44:06 2024,84
Fri Jun 28 09:45:09 2024,84
Fri Jun 28 09:46:09 2024,84
Fri Jun 28 09:47:09 2024,84
Fri Jun 28 09:48:08 2024,84
Fri Jun 28 09:49:08 2024,86
Fri Jun 28 09:50:07 2024,83
Fri Jun 28 09:51:08 2024,82
Fri Jun 28 09:52:08 2024,81
Fri Jun 28 09:53:10 2024,79
Fri Jun 28 09:54:08 2024,80
Fri Jun 28 09:55:09 2024,80
Fri Jun 28 09:56:09 2024,79
Fri Jun 28 09:57:08 2024,79
Fri Jun 28 09:58:08 2024,79
Fri Jun 28 09:59:08 2024,75
Fri Jun 28 10:00:08 2024,-
Fri Jun 28 10:01:06 2024,76
Fri Jun 28 10:02:09 2024,74
Fri Jun 28 10:03:09 2024,75
Fri Jun 28 10:04:09 2024,73
Fri Jun 28 10:05:08 2024,72
Fri Jun 28 10:06:09 2024,71
Fri Jun 28 10:07:09 2024,72
Fri Jun 28 10:08:07 2024,73
Fri Jun 28 10:09:09 2024,73
Fri Jun 28 10:10:08 2024,86
Fri Jun 28 10:11:08 2024,86
Fri Jun 28 10:12:09 2024,88
Fri Jun 28 10:13:06 2024,85
Fri Jun 28 10:14:08 2024,79
Fri Jun 28 10:15:06 2024,99
Fri Jun 28 10:16:07 2024,98
Fri Jun 28 10:17:08 2024,94
Fri Jun 28 10:18:06 2024,94
Fri Jun 28 10:19:06 2024,93
Fri Jun 28 10:20:11 2024,91
Fri Jun 28 10:21:06 2024,91
Fri Jun 28 10:22:08 2024,78
Fri Jun 28 10:23:06 2024,79
Fri Jun 28 10:24:09 2024,79
Fri Jun 28 10:25:08 2024,77
Fri Jun 28 10:26:06 2024,77
Fri Jun 28 10:27:07 2024,76
Fri Jun 28 10:28:08 2024,75
Fri Jun 28 10:29:06 2024,75
Fri Jun 28 10:30:09 2024,76
Fri Jun 28 10:31:06 2024,78
Fri Jun 28 10:32:08 2024,78
Fri Jun 28 10:33:08 2024,78
Fri Jun 28 10:34:08 2024,77
Fri Jun 28 10:35:09 2024,76
Fri Jun 28 10:36:06 2024,77
Fri Jun 28 10:37:09 2024,77
Fri Jun 28 10:38:09 2024,77
Fri Jun 28 10:39:08 2024,78
Fri Jun 28 10:40:09 2024,78
Fri Jun 28 10:41:09 2024,78
Fri Jun 28 10:42:09 2024,80
Fri Jun 28 10:43:08 2024,79
Fri Jun 28 10:44:06 2024,79
Fri Jun 28 10:45:08 2024,80
Fri Jun 28 10:46:10 2024,79
Fri Jun 28 10:47:08 2024,81
Fri Jun 28 10:48:06 2024,81
Fri Jun 28 10:49:06 2024,80
Fri Jun 28 10:50:11 2024,79
Fri Jun 28 10:51:06 2024,79
Fri Jun 28 10:52:09 2024,80
Fri Jun 28 10:53:08 2024,80
Fri Jun 28 10:54:06 2024,80
Fri Jun 28 10:55:08 2024,80
Fri Jun 28 10:56:08 2024,80
Fri Jun 28 11:00:54 2024,81
Fri Jun 28 11:01:08 2024,82
Fri Jun 28 11:02:11 2024,91
Fri Jun 28 11:03:09 2024,118
Fri Jun 28 11:04:09 2024,116
Fri Jun 28 11:05:10 2024,116
Fri Jun 28 11:06:08 2024,116
Fri Jun 28 11:07:11 2024,116
Fri Jun 28 11:08:09 2024,117
Fri Jun 28 11:09:06 2024,114
Fri Jun 28 11:10:08 2024,113
Fri Jun 28 11:11:09 2024,114
Fri Jun 28 11:12:09 2024,115
Fri Jun 28 11:13:08 2024,112
Fri Jun 28 11:14:06 2024,98
Fri Jun 28 11:15:10 2024,98
Fri Jun 28 11:16:08 2024,98
Fri Jun 28 11:17:06 2024,99
Fri Jun 28 11:18:06 2024,98
Fri Jun 28 11:19:08 2024,97
Fri Jun 28 11:20:09 2024,95
Fri Jun 28 11:21:06 2024,95
Fri Jun 28 11:22:08 2024,97
Fri Jun 28 11:23:09 2024,96
Fri Jun 28 11:24:08 2024,95
Fri Jun 28 11:25:09 2024,77
Fri Jun 28 11:26:07 2024,77
Fri Jun 28 11:27:06 2024,78
Fri Jun 28 11:28:09 2024,81
Fri Jun 28 11:29:09 2024,80
Fri Jun 28 11:30:10 2024,79
Fri Jun 28 11:31:08 2024,80
Fri Jun 28 11:32:11 2024,76
Fri Jun 28 11:33:09 2024,77
Fri Jun 28 11:34:09 2024,76
Fri Jun 28 11:35:07 2024,78
Fri Jun 28 11:36:08 2024,77
Fri Jun 28 11:37:06 2024,77
Fri Jun 28 11:38:07 2024,75
Fri Jun 28 11:39:06 2024,76
Fri Jun 28 11:40:09 2024,77
Fri Jun 28 11:41:07 2024,77
Fri Jun 28 11:42:06 2024,79
Fri Jun 28 11:43:06 2024,77
Fri Jun 28 11:44:06 2024,81
Fri Jun 28 11:45:09 2024,81
Fri Jun 28 11:46:09 2024,82
Fri Jun 28 11:47:10 2024,86
Fri Jun 28 11:48:08 2024,89
Fri Jun 28 11:49:09 2024,90
Fri Jun 28 11:50:10 2024,93
Fri Jun 28 11:51:07 2024,93
Fri Jun 28 11:52:09 2024,95
Fri Jun 28 11:53:06 2024,95
Fri Jun 28 11:54:07 2024,96
Fri Jun 28 11:55:09 2024,95
Fri Jun 28 11:56:08 2024,96
Fri Jun 28 11:57:08 2024,97
Fri Jun 28 11:58:08 2024,97
Fri Jun 28 11:59:06 2024,99
Fri Jun 28 12:00:09 2024,-
Fri Jun 28 12:01:08 2024,105
Fri Jun 28 12:02:09 2024,109
Fri Jun 28 12:03:06 2024,112
Fri Jun 28 12:04:06 2024,114
Fri Jun 28 12:05:09 2024,120
Fri Jun 28 12:06:08 2024,120
Fri Jun 28 12:59:01 2024,112
Fri Jun 28 15:08:21 2024,94
Fri Jun 28 15:58:54 2024,-
Fri Jun 28 16:09:23 2024,117
Fri Jun 28 16:42:19 2024,124
Fri Jun 28 17:28:11 2024,-
Fri Jun 28 18:02:56 2024,151
Fri Jun 28 18:11:26 2024,129
Fri Jun 28 18:44:55 2024,118
Fri Jun 28 19:01:04 2024,118
Fri Jun 28 19:46:48 2024,79
Fri Jun 28 20:04:28 2024,70
Fri Jun 28 20:18:10 2024,60
Fri Jun 28 21:09:42 2024,44
Fri Jun 28 21:30:48 2024,43
Fri Jun 28 21:48:07 2024,44
Fri Jun 28 22:31:47 2024,1
Fri Jun 28 22:49:10 2024,0
Fri Jun 28 23:33:32 2024,0
Fri Jun 28 23:50:54 2024,0
Sat Jun 29 00:09:03 2024,0
Sat Jun 29 01:22:50 2024,0
Sat Jun 29 02:27:04 2024,-
Sat Jun 29 05:03:58 2024,0
Sat Jun 29 05:19:06 2024,-
Sat Jun 29 08:07:50 2024,50
Sat Jun 29 08:51:37 2024,62
Sat Jun 29 10:07:34 2024,103
Sat Jun 29 11:36:43 2024,153
Sat Jun 29 12:22:18 2024,106
Sat Jun 29 14:12:06 2024,83
Sat Jun 29 16:42:22 2024,56
Sat Jun 29 18:45:58 2024,39
Sat Jun 29 19:19:46 2024,31
Sat Jun 29 20:17:13 2024,-
Sat Jun 29 22:31:39 2024,0
Sat Jun 29 23:47:50 2024,0
Sun Jun 30 00:38:30 2024,0
Sun Jun 30 02:31:52 2024,0
Sun Jun 30 03:22:11 2024,0
Sun Jun 30 06:01:48 2024,0
Sun Jun 30 08:13:10 2024,-
Sun Jun 30 10:41:06 2024,82
Sun Jun 30 13:14:59 2024,98
Sun Jun 30 13:27:59 2024,91
Sun Jun 30 13:45:41 2024,94
Sun Jun 30 14:46:00 2024,73
Sun Jun 30 17:32:02 2024,103
Sun Jun 30 21:24:21 2024,59
Sun Jun 30 21:47:52 2024,48
Sun Jun 30 21:50:20 2024,-
Sun Jun 30 22:08:07 2024,-
Sun Jun 30 23:14:26 2024,1
Sun Jun 30 23:24:01 2024,-
Mon Jul  1 00:58:22 2024,1
Mon Jul  1 03:07:43 2024,1
Mon Jul  1 03:12:30 2024,1
Mon Jul  1 03:59:38 2024,1
Mon Jul  1 05:04:30 2024,0
Mon Jul  1 05:22:29 2024,0
Mon Jul  1 07:51:21 2024,77
Mon Jul  1 08:32:18 2024,-
Mon Jul  1 08:56:15 2024,86
Mon Jul  1 08:57:06 2024,86
Mon Jul  1 08:58:07 2024,87
Mon Jul  1 08:59:21 2024,99
Mon Jul  1 09:00:08 2024,-
Mon Jul  1 09:01:09 2024,101
Mon Jul  1 09:02:06 2024,100
Mon Jul  1 09:03:07 2024,100
Mon Jul  1 09:04:10 2024,101
Mon Jul  1 09:05:06 2024,98
Mon Jul  1 09:06:11 2024,113
Mon Jul  1 09:07:06 2024,114
Mon Jul  1 09:08:07 2024,112
Mon Jul  1 09:09:08 2024,111
Mon Jul  1 09:10:07 2024,110
Mon Jul  1 09:11:06 2024,110
Mon Jul  1 09:12:07 2024,110
Mon Jul  1 09:13:08 2024,111
Mon Jul  1 09:14:08 2024,91
Mon Jul  1 09:15:09 2024,92
Mon Jul  1 09:16:06 2024,92
Mon Jul  1 09:17:09 2024,92
Mon Jul  1 09:18:09 2024,84
Mon Jul  1 09:19:06 2024,74
Mon Jul  1 09:20:09 2024,79
Mon Jul  1 09:21:10 2024,81
Mon Jul  1 09:22:09 2024,80
Mon Jul  1 09:23:08 2024,81
Mon Jul  1 09:24:09 2024,80
Mon Jul  1 09:25:08 2024,82
Mon Jul  1 09:26:08 2024,82
Mon Jul  1 09:27:06 2024,82
Mon Jul  1 09:28:08 2024,79
Mon Jul  1 09:29:08 2024,81
Mon Jul  1 09:30:08 2024,81
Mon Jul  1 09:31:06 2024,74
Mon Jul  1 09:32:07 2024,75
Mon Jul  1 09:33:09 2024,76
Mon Jul  1 09:34:09 2024,75
Mon Jul  1 09:35:11 2024,75
Mon Jul  1 09:36:08 2024,75
Mon Jul  1 09:37:07 2024,75
Mon Jul  1 09:38:08 2024,77
Mon Jul  1 09:39:07 2024,78
Mon Jul  1 09:40:10 2024,79
Mon Jul  1 09:41:06 2024,79
Mon Jul  1 09:42:08 2024,83
Mon Jul  1 09:43:06 2024,83
Mon Jul  1 09:44:09 2024,83
Mon Jul  1 09:45:06 2024,82
Mon Jul  1 09:46:09 2024,88
Mon Jul  1 09:47:06 2024,92
Mon Jul  1 09:48:07 2024,90
Mon Jul  1 09:49:06 2024,89
Mon Jul  1 09:50:09 2024,88
Mon Jul  1 09:51:08 2024,89
Mon Jul  1 09:52:08 2024,90
Mon Jul  1 09:53:09 2024,89
Mon Jul  1 09:54:09 2024,90
Mon Jul  1 09:57:26 2024,90
Mon Jul  1 09:58:10 2024,88
Mon Jul  1 09:59:09 2024,90
Mon Jul  1 10:00:09 2024,-
Mon Jul  1 10:01:09 2024,91
Mon Jul  1 10:02:11 2024,91
Mon Jul  1 10:03:06 2024,91
Mon Jul  1 10:04:07 2024,90
Mon Jul  1 10:05:09 2024,97
Mon Jul  1 10:06:08 2024,113
Mon Jul  1 10:07:08 2024,113
Mon Jul  1 10:08:08 2024,114
Mon Jul  1 10:09:06 2024,113
Mon Jul  1 10:10:09 2024,114
Mon Jul  1 10:11:11 2024,114
Mon Jul  1 10:12:08 2024,115
Mon Jul  1 10:13:09 2024,115
Mon Jul  1 10:14:06 2024,113
Mon Jul  1 10:15:10 2024,89
Mon Jul  1 10:16:08 2024,83
Mon Jul  1 10:17:10 2024,85
Mon Jul  1 10:18:08 2024,85
Mon Jul  1 10:19:09 2024,85
Mon Jul  1 10:20:09 2024,85
Mon Jul  1 10:21:09 2024,84
Mon Jul  1 10:22:09 2024,83
Mon Jul  1 10:23:06 2024,82
Mon Jul  1 10:24:08 2024,87
Mon Jul  1 10:25:10 2024,88
Mon Jul  1 10:26:09 2024,89
Mon Jul  1 10:27:08 2024,91
Mon Jul  1 10:28:08 2024,91
Mon Jul  1 10:29:08 2024,93
Mon Jul  1 10:30:09 2024,93
Mon Jul  1 10:31:10 2024,95
Mon Jul  1 10:32:09 2024,97
Mon Jul  1 10:33:06 2024,101
Mon Jul  1 10:34:06 2024,103
Mon Jul  1 10:35:08 2024,102
Mon Jul  1 10:36:09 2024,101
Mon Jul  1 10:37:06 2024,103
Mon Jul  1 10:38:09 2024,103
Mon Jul  1 10:39:08 2024,103
Mon Jul  1 10:40:09 2024,102
Mon Jul  1 10:41:06 2024,103
Mon Jul  1 10:42:10 2024,103
Mon Jul  1 10:43:08 2024,105
Mon Jul  1 10:44:08 2024,106
Mon Jul  1 10:45:09 2024,107
Mon Jul  1 10:46:08 2024,106
Mon Jul  1 10:47:07 2024,107
Mon Jul  1 10:48:08 2024,109
Mon Jul  1 10:49:08 2024,110
Mon Jul  1 10:50:06 2024,112
Mon Jul  1 10:51:09 2024,114
Mon Jul  1 10:52:06 2024,114
Mon Jul  1 10:53:06 2024,115
Mon Jul  1 10:54:06 2024,116
Mon Jul  1 10:55:11 2024,118
Mon Jul  1 10:56:06 2024,117
Mon Jul  1 10:57:09 2024,118
Mon Jul  1 10:58:09 2024,118
Mon Jul  1 10:59:09 2024,119
Mon Jul  1 11:00:10 2024,-
Mon Jul  1 11:01:08 2024,136
Mon Jul  1 11:02:07 2024,158
Mon Jul  1 11:03:06 2024,158
Mon Jul  1 11:04:14 2024,152
Mon Jul  1 11:05:09 2024,150
Mon Jul  1 11:06:08 2024,151
Mon Jul  1 11:07:08 2024,150
Mon Jul  1 11:08:06 2024,150
Mon Jul  1 11:09:08 2024,152
Mon Jul  1 11:10:07 2024,155
Mon Jul  1 11:11:08 2024,155
Mon Jul  1 11:12:09 2024,156
Mon Jul  1 11:13:07 2024,151
Mon Jul  1 11:14:08 2024,150
Mon Jul  1 11:15:08 2024,144
Mon Jul  1 11:16:06 2024,130
Mon Jul  1 11:17:08 2024,130
Mon Jul  1 11:18:08 2024,130
Mon Jul  1 11:19:09 2024,128
Mon Jul  1 11:20:09 2024,130
Mon Jul  1 11:21:09 2024,131
Mon Jul  1 11:22:09 2024,129
Mon Jul  1 11:23:06 2024,126
Mon Jul  1 11:24:09 2024,123
Mon Jul  1 11:25:07 2024,123
Mon Jul  1 11:26:06 2024,128
Mon Jul  1 11:27:09 2024,127
Mon Jul  1 11:28:09 2024,128
Mon Jul  1 11:29:10 2024,129
Mon Jul  1 11:30:06 2024,130
Mon Jul  1 11:31:11 2024,130
Mon Jul  1 11:32:09 2024,131
Mon Jul  1 11:33:06 2024,131
Mon Jul  1 11:34:08 2024,128
Mon Jul  1 11:35:09 2024,129
Mon Jul  1 11:36:06 2024,130
Mon Jul  1 11:37:06 2024,130
Mon Jul  1 11:38:06 2024,129
Mon Jul  1 11:39:06 2024,128
Mon Jul  1 11:40:06 2024,130
Mon Jul  1 11:41:09 2024,131
Mon Jul  1 11:42:09 2024,129
Mon Jul  1 11:43:09 2024,129
Mon Jul  1 11:44:09 2024,128
Mon Jul  1 11:45:09 2024,130
Mon Jul  1 11:46:08 2024,132
Mon Jul  1 11:47:06 2024,133
Mon Jul  1 11:48:06 2024,137
Mon Jul  1 11:49:09 2024,138
Mon Jul  1 11:50:09 2024,137
Mon Jul  1 11:51:09 2024,137
Mon Jul  1 11:52:06 2024,139
Mon Jul  1 11:53:09 2024,140
Mon Jul  1 11:54:09 2024,140
Mon Jul  1 11:55:09 2024,145
Mon Jul  1 11:56:06 2024,148
Mon Jul  1 11:57:08 2024,148
Mon Jul  1 11:58:10 2024,151
Mon Jul  1 11:59:08 2024,154
Mon Jul  1 12:00:09 2024,-
Mon Jul  1 12:01:08 2024,155
Mon Jul  1 12:02:08 2024,155
Mon Jul  1 12:03:08 2024,147
Mon Jul  1 12:04:12 2024,138
Mon Jul  1 12:05:07 2024,136
Mon Jul  1 12:06:08 2024,136
Mon Jul  1 12:07:08 2024,137
Mon Jul  1 12:08:08 2024,136
Mon Jul  1 12:09:09 2024,135
Mon Jul  1 12:10:09 2024,137
Mon Jul  1 12:11:08 2024,116
Mon Jul  1 12:12:08 2024,115
Mon Jul  1 12:13:08 2024,114
Mon Jul  1 12:14:08 2024,113
Mon Jul  1 12:15:07 2024,116
Mon Jul  1 12:16:09 2024,115
Mon Jul  1 12:17:09 2024,114
Mon Jul  1 12:18:08 2024,115
Mon Jul  1 12:19:09 2024,114
Mon Jul  1 12:20:09 2024,113
Mon Jul  1 12:21:10 2024,115
Mon Jul  1 12:22:09 2024,113
Mon Jul  1 12:23:08 2024,111
Mon Jul  1 12:24:09 2024,112
Mon Jul  1 12:25:06 2024,109
Mon Jul  1 12:26:08 2024,112
Mon Jul  1 12:27:11 2024,112
Mon Jul  1 12:28:08 2024,112
Mon Jul  1 12:29:09 2024,114
Mon Jul  1 12:30:07 2024,114
Mon Jul  1 12:31:10 2024,116
Mon Jul  1 12:32:06 2024,115
Mon Jul  1 12:33:09 2024,114
Mon Jul  1 12:34:09 2024,116
Mon Jul  1 12:35:10 2024,118
Mon Jul  1 12:36:06 2024,118
Mon Jul  1 12:37:08 2024,118
Mon Jul  1 12:38:08 2024,120
Mon Jul  1 12:39:08 2024,121
Mon Jul  1 12:40:08 2024,121
Mon Jul  1 12:41:08 2024,125
Mon Jul  1 12:42:08 2024,125
Mon Jul  1 12:43:09 2024,126
Mon Jul  1 12:44:09 2024,123
Mon Jul  1 12:45:10 2024,123
Mon Jul  1 12:46:08 2024,124
Mon Jul  1 12:47:08 2024,124
Mon Jul  1 12:48:08 2024,120
Mon Jul  1 12:49:06 2024,121
Mon Jul  1 12:50:10 2024,121
Mon Jul  1 12:51:08 2024,122
Mon Jul  1 12:52:08 2024,119
Mon Jul  1 12:53:10 2024,121
Mon Jul  1 12:54:08 2024,119
Mon Jul  1 12:55:09 2024,118
Mon Jul  1 12:56:10 2024,116
Mon Jul  1 12:57:08 2024,117
Mon Jul  1 12:58:09 2024,112
Mon Jul  1 12:59:08 2024,108
Mon Jul  1 13:00:07 2024,107
Mon Jul  1 13:01:08 2024,110
Mon Jul  1 13:02:08 2024,109
Mon Jul  1 13:03:09 2024,110
Mon Jul  1 13:04:09 2024,108
Mon Jul  1 13:05:06 2024,106
Mon Jul  1 13:06:09 2024,103
Mon Jul  1 13:07:06 2024,101
Mon Jul  1 13:08:06 2024,97
Mon Jul  1 13:09:08 2024,97
Mon Jul  1 13:10:08 2024,95
Mon Jul  1 13:11:08 2024,94
Mon Jul  1 13:12:08 2024,93
Mon Jul  1 13:13:06 2024,91
Mon Jul  1 13:14:08 2024,88
Mon Jul  1 13:15:09 2024,83
Mon Jul  1 13:16:06 2024,83
Mon Jul  1 13:17:08 2024,80
Mon Jul  1 13:18:06 2024,81
Mon Jul  1 13:19:08 2024,82
Mon Jul  1 13:20:09 2024,83
Mon Jul  1 13:21:08 2024,81
Mon Jul  1 13:22:06 2024,78
Mon Jul  1 13:23:09 2024,76
Mon Jul  1 13:24:09 2024,75
Mon Jul  1 13:25:08 2024,76
Mon Jul  1 13:26:10 2024,79
Mon Jul  1 13:27:08 2024,96
Mon Jul  1 13:28:06 2024,95
Mon Jul  1 13:29:09 2024,95
Mon Jul  1 13:30:07 2024,94
Mon Jul  1 13:31:08 2024,94
Mon Jul  1 13:32:08 2024,92
Mon Jul  1 13:33:09 2024,90
Mon Jul  1 13:34:09 2024,99
Mon Jul  1 13:35:11 2024,105
Mon Jul  1 13:36:08 2024,103
Mon Jul  1 13:37:07 2024,101
Mon Jul  1 13:38:07 2024,98
Mon Jul  1 13:39:08 2024,94
Mon Jul  1 13:40:09 2024,92
Mon Jul  1 13:41:09 2024,94
Mon Jul  1 13:42:08 2024,92
Mon Jul  1 13:43:09 2024,92
Mon Jul  1 13:44:08 2024,90
Mon Jul  1 13:48:47 2024,87
Mon Jul  1 13:49:08 2024,86
Mon Jul  1 13:50:14 2024,84
Mon Jul  1 13:51:11 2024,86
Mon Jul  1 13:52:09 2024,92
Mon Jul  1 13:53:09 2024,92
Mon Jul  1 13:54:11 2024,92
Mon Jul  1 13:55:09 2024,91
Mon Jul  1 13:56:08 2024,92
Mon Jul  1 13:57:06 2024,95
Mon Jul  1 13:58:07 2024,94
Mon Jul  1 13:59:09 2024,97
Mon Jul  1 14:00:09 2024,-
Mon Jul  1 14:01:08 2024,99
Mon Jul  1 14:02:09 2024,97
Mon Jul  1 14:03:08 2024,101
Mon Jul  1 14:04:08 2024,99
Mon Jul  1 14:05:08 2024,99
Mon Jul  1 14:06:08 2024,101
Mon Jul  1 14:07:09 2024,103
Mon Jul  1 14:08:09 2024,102
Mon Jul  1 14:09:08 2024,100
Mon Jul  1 14:10:10 2024,102
Mon Jul  1 14:11:08 2024,104
Mon Jul  1 14:12:06 2024,113
Mon Jul  1 14:13:08 2024,124
Mon Jul  1 14:14:09 2024,134
Mon Jul  1 14:15:10 2024,136
Mon Jul  1 14:16:09 2024,137
Mon Jul  1 14:17:08 2024,135
Mon Jul  1 14:18:09 2024,134
Mon Jul  1 14:19:06 2024,136
Mon Jul  1 14:20:08 2024,155
Mon Jul  1 14:21:06 2024,161
Mon Jul  1 14:22:08 2024,167
Mon Jul  1 14:23:09 2024,180
Mon Jul  1 14:24:06 2024,177
Mon Jul  1 14:25:06 2024,179
Mon Jul  1 14:26:06 2024,179
Mon Jul  1 14:27:08 2024,179
Mon Jul  1 14:28:08 2024,178
Mon Jul  1 14:29:09 2024,175
Mon Jul  1 14:30:09 2024,172
Mon Jul  1 14:31:06 2024,171
Mon Jul  1 14:32:08 2024,165
Mon Jul  1 14:33:09 2024,163
Mon Jul  1 14:34:10 2024,166
Mon Jul  1 14:35:06 2024,165
Mon Jul  1 14:36:06 2024,163
Mon Jul  1 14:37:10 2024,160
Mon Jul  1 14:38:08 2024,158
Mon Jul  1 14:39:06 2024,157
Mon Jul  1 14:40:06 2024,155
Mon Jul  1 14:41:09 2024,157
Mon Jul  1 14:42:06 2024,159
Mon Jul  1 14:43:09 2024,151
Mon Jul  1 14:44:08 2024,138
Mon Jul  1 14:45:08 2024,139
Mon Jul  1 14:46:09 2024,138
Mon Jul  1 14:47:09 2024,138
Mon Jul  1 14:48:08 2024,139
Mon Jul  1 14:49:06 2024,136
Mon Jul  1 14:50:07 2024,135
Mon Jul  1 14:51:06 2024,136
Mon Jul  1 14:52:08 2024,136
Mon Jul  1 14:53:08 2024,138
Mon Jul  1 14:54:08 2024,140
Mon Jul  1 14:55:06 2024,143
Mon Jul  1 14:56:06 2024,146
Mon Jul  1 14:57:08 2024,147
Mon Jul  1 14:58:07 2024,147
Mon Jul  1 14:59:08 2024,147
Mon Jul  1 15:00:07 2024,-
Mon Jul  1 15:01:07 2024,139
Mon Jul  1 15:02:06 2024,138
Mon Jul  1 15:03:06 2024,158
Mon Jul  1 15:04:08 2024,157
Mon Jul  1 15:05:06 2024,158
Mon Jul  1 15:06:11 2024,156
Mon Jul  1 15:07:09 2024,157
Mon Jul  1 15:08:08 2024,154
Mon Jul  1 15:09:06 2024,154
Mon Jul  1 15:10:11 2024,153
Mon Jul  1 15:11:08 2024,164
Mon Jul  1 15:12:08 2024,159
Mon Jul  1 15:13:09 2024,155
Mon Jul  1 15:14:06 2024,153
Mon Jul  1 15:15:08 2024,151
Mon Jul  1 15:16:06 2024,149
Mon Jul  1 15:17:09 2024,146
Mon Jul  1 15:18:07 2024,142
Mon Jul  1 15:19:06 2024,139
Mon Jul  1 15:20:08 2024,134
Mon Jul  1 15:47:47 2024,101
Mon Jul  1 15:48:09 2024,99
Mon Jul  1 15:49:08 2024,98
Mon Jul  1 15:50:07 2024,97
Mon Jul  1 15:51:09 2024,95
Mon Jul  1 15:52:08 2024,95
Mon Jul  1 15:53:08 2024,96
Mon Jul  1 15:54:09 2024,96
Mon Jul  1 15:55:07 2024,97
Mon Jul  1 15:56:09 2024,96
Mon Jul  1 15:57:09 2024,95
Mon Jul  1 15:58:09 2024,97
Mon Jul  1 15:59:09 2024,98
Mon Jul  1 16:00:09 2024,-
Mon Jul  1 16:01:08 2024,100
Mon Jul  1 16:02:07 2024,99
Mon Jul  1 16:03:08 2024,99
Mon Jul  1 16:04:08 2024,101
Mon Jul  1 16:05:10 2024,100
Mon Jul  1 16:06:07 2024,101
Mon Jul  1 16:07:08 2024,103
Mon Jul  1 16:08:08 2024,103
Mon Jul  1 16:09:08 2024,104
Mon Jul  1 16:10:08 2024,103
Mon Jul  1 16:11:06 2024,100
Mon Jul  1 16:12:06 2024,100
Mon Jul  1 16:13:07 2024,101
Mon Jul  1 16:14:06 2024,98
Mon Jul  1 16:15:09 2024,87
Mon Jul  1 16:16:09 2024,91
Mon Jul  1 16:17:08 2024,73
Mon Jul  1 16:18:09 2024,72
Mon Jul  1 16:19:08 2024,77
Mon Jul  1 16:20:10 2024,80
Mon Jul  1 16:21:08 2024,80
Mon Jul  1 16:22:06 2024,81
Mon Jul  1 16:23:08 2024,83
Mon Jul  1 16:24:09 2024,83
Mon Jul  1 16:25:08 2024,86
Mon Jul  1 16:26:08 2024,87
Mon Jul  1 16:27:09 2024,86
Mon Jul  1 16:28:06 2024,88
Mon Jul  1 16:29:08 2024,89
Mon Jul  1 16:30:10 2024,93
Mon Jul  1 16:31:08 2024,96
Mon Jul  1 16:32:09 2024,98
Mon Jul  1 16:33:08 2024,98
Mon Jul  1 16:34:08 2024,101
Mon Jul  1 16:35:18 2024,84
Mon Jul  1 16:36:08 2024,84
Mon Jul  1 16:37:08 2024,84
Mon Jul  1 16:38:08 2024,84
Mon Jul  1 16:39:08 2024,84
Mon Jul  1 16:40:07 2024,85
Mon Jul  1 16:41:08 2024,85
Mon Jul  1 16:42:08 2024,85
Mon Jul  1 16:43:06 2024,86
Mon Jul  1 16:44:09 2024,90
Mon Jul  1 16:45:06 2024,93
Mon Jul  1 16:46:08 2024,95
Mon Jul  1 16:47:08 2024,93
Mon Jul  1 16:48:09 2024,93
Mon Jul  1 16:49:09 2024,98
Mon Jul  1 16:50:09 2024,98
Mon Jul  1 16:51:06 2024,101
Mon Jul  1 16:52:08 2024,102
Mon Jul  1 16:53:08 2024,102
Mon Jul  1 16:54:07 2024,103
Mon Jul  1 16:55:08 2024,108
Mon Jul  1 16:56:07 2024,109
Mon Jul  1 16:57:08 2024,109
Mon Jul  1 16:58:09 2024,106
Mon Jul  1 16:59:06 2024,106
Mon Jul  1 17:00:09 2024,-
Mon Jul  1 17:01:09 2024,107
Mon Jul  1 17:02:09 2024,105
Mon Jul  1 17:03:06 2024,103
Mon Jul  1 17:04:08 2024,103
Mon Jul  1 17:05:08 2024,102
Mon Jul  1 17:06:08 2024,103
Mon Jul  1 17:07:06 2024,101
Mon Jul  1 17:08:08 2024,102
Mon Jul  1 17:09:08 2024,101
Mon Jul  1 17:10:10 2024,101
Mon Jul  1 17:11:07 2024,106
Mon Jul  1 17:12:08 2024,107
Mon Jul  1 17:13:09 2024,108
Mon Jul  1 17:14:09 2024,109
Mon Jul  1 17:15:10 2024,111
Mon Jul  1 17:16:09 2024,113
Mon Jul  1 17:17:08 2024,110
Mon Jul  1 17:18:09 2024,110
Mon Jul  1 17:19:09 2024,110
Mon Jul  1 17:20:09 2024,109
Mon Jul  1 17:21:08 2024,110
Mon Jul  1 17:22:09 2024,111
Mon Jul  1 17:23:07 2024,110
Mon Jul  1 17:24:09 2024,110
Mon Jul  1 17:25:07 2024,-
Mon Jul  1 17:26:09 2024,113
Mon Jul  1 17:27:08 2024,113
Mon Jul  1 17:28:07 2024,112
Mon Jul  1 17:29:08 2024,114
Mon Jul  1 17:30:09 2024,114
Mon Jul  1 17:31:08 2024,112
Mon Jul  1 17:32:09 2024,112
Mon Jul  1 17:33:09 2024,109
Mon Jul  1 17:34:09 2024,109
Mon Jul  1 17:35:09 2024,109
Mon Jul  1 17:36:06 2024,106
Mon Jul  1 17:37:10 2024,107
Mon Jul  1 17:38:08 2024,106
Mon Jul  1 17:39:09 2024,104
Mon Jul  1 17:40:09 2024,100
Mon Jul  1 17:41:06 2024,100
Mon Jul  1 17:42:08 2024,101
Mon Jul  1 17:43:07 2024,103
Mon Jul  1 17:44:09 2024,101
Mon Jul  1 17:45:09 2024,100
Mon Jul  1 17:46:09 2024,102
Mon Jul  1 17:47:08 2024,104
Mon Jul  1 17:48:08 2024,106
Mon Jul  1 17:49:09 2024,108
Mon Jul  1 17:50:07 2024,109
Mon Jul  1 17:51:09 2024,110
Mon Jul  1 17:52:07 2024,110
Mon Jul  1 17:53:06 2024,112
Mon Jul  1 17:54:07 2024,114
Mon Jul  1 17:55:08 2024,113
Mon Jul  1 17:56:06 2024,112
Mon Jul  1 17:57:09 2024,112
Mon Jul  1 17:58:09 2024,109
Mon Jul  1 17:59:08 2024,109
Mon Jul  1 18:00:07 2024,-
Mon Jul  1 18:01:09 2024,112
Mon Jul  1 18:02:06 2024,109
Mon Jul  1 18:03:08 2024,111
Mon Jul  1 18:04:08 2024,113
Mon Jul  1 18:05:10 2024,110
Mon Jul  1 18:06:06 2024,104
Mon Jul  1 18:07:07 2024,105
Mon Jul  1 18:08:06 2024,105
Mon Jul  1 18:09:08 2024,106
Mon Jul  1 18:10:07 2024,105
Mon Jul  1 18:11:07 2024,104
Mon Jul  1 18:12:09 2024,105
Mon Jul  1 18:13:09 2024,107
Mon Jul  1 18:14:09 2024,105
Mon Jul  1 18:15:09 2024,108
Mon Jul  1 18:16:09 2024,110
Mon Jul  1 18:17:09 2024,107
Mon Jul  1 18:18:06 2024,108
Mon Jul  1 18:19:07 2024,105
Mon Jul  1 18:20:07 2024,107
Mon Jul  1 18:21:09 2024,105
Mon Jul  1 18:22:10 2024,105
Mon Jul  1 18:23:07 2024,108
Mon Jul  1 18:24:06 2024,107
Mon Jul  1 20:41:59 2024,76
Mon Jul  1 23:45:48 2024,0
Tue Jul  2 00:53:11 2024,0
Tue Jul  2 04:00:34 2024,0
Tue Jul  2 05:37:08 2024,0
Tue Jul  2 08:18:13 2024,65
Tue Jul  2 09:18:01 2024,74
Tue Jul  2 09:19:07 2024,71
Tue Jul  2 09:20:09 2024,71
Tue Jul  2 09:21:09 2024,71
Tue Jul  2 09:22:08 2024,71
Tue Jul  2 09:23:08 2024,70
Tue Jul  2 09:24:08 2024,74
Tue Jul  2 09:25:08 2024,77
Tue Jul  2 09:26:08 2024,78
Tue Jul  2 09:27:11 2024,79
Tue Jul  2 09:28:08 2024,80
Tue Jul  2 09:29:08 2024,82
Tue Jul  2 09:30:08 2024,81
Tue Jul  2 09:31:08 2024,80
Tue Jul  2 09:32:08 2024,84
Tue Jul  2 09:33:08 2024,87
Tue Jul  2 09:34:08 2024,85
Tue Jul  2 09:35:07 2024,85
Tue Jul  2 09:36:07 2024,81
Tue Jul  2 09:37:09 2024,82
Tue Jul  2 09:38:07 2024,83
Tue Jul  2 09:39:07 2024,82
Tue Jul  2 09:40:10 2024,86
Tue Jul  2 09:41:06 2024,86
Tue Jul  2 09:42:06 2024,84
Tue Jul  2 09:43:08 2024,84
Tue Jul  2 09:44:08 2024,84
Tue Jul  2 09:45:08 2024,93
Tue Jul  2 09:46:07 2024,92
Tue Jul  2 09:47:10 2024,91
Tue Jul  2 09:48:07 2024,91
Tue Jul  2 09:49:08 2024,91
Tue Jul  2 09:50:09 2024,86
Tue Jul  2 09:51:08 2024,85
Tue Jul  2 09:52:09 2024,93
Tue Jul  2 09:53:09 2024,92
Tue Jul  2 09:54:08 2024,91
Tue Jul  2 09:55:07 2024,93
Tue Jul  2 09:56:09 2024,94
Tue Jul  2 09:57:09 2024,93
Tue Jul  2 09:58:11 2024,94
Tue Jul  2 09:59:08 2024,94
Tue Jul  2 10:00:16 2024,93
Tue Jul  2 10:01:09 2024,92
Tue Jul  2 10:02:08 2024,95
Tue Jul  2 10:03:09 2024,110
Tue Jul  2 10:07:26 2024,90
Tue Jul  2 10:08:07 2024,92
Tue Jul  2 10:09:07 2024,93
Tue Jul  2 10:10:07 2024,92
Tue Jul  2 10:11:06 2024,93
Tue Jul  2 10:12:06 2024,93
Tue Jul  2 10:13:08 2024,94
Tue Jul  2 10:14:06 2024,94
Tue Jul  2 10:15:09 2024,96
Tue Jul  2 10:16:09 2024,96
Tue Jul  2 10:17:06 2024,94
Tue Jul  2 10:18:08 2024,93
Tue Jul  2 10:19:06 2024,94
Tue Jul  2 10:20:09 2024,96
Tue Jul  2 10:21:09 2024,96
Tue Jul  2 10:22:09 2024,97
Tue Jul  2 10:23:06 2024,97
Tue Jul  2 10:24:08 2024,97
Tue Jul  2 10:25:08 2024,97
Tue Jul  2 10:26:08 2024,96
Tue Jul  2 10:27:08 2024,95
Tue Jul  2 10:28:10 2024,96
Tue Jul  2 10:29:09 2024,97
Tue Jul  2 10:30:08 2024,101
Tue Jul  2 10:31:08 2024,104
Tue Jul  2 10:32:06 2024,106
Tue Jul  2 10:33:08 2024,105
Tue Jul  2 10:34:09 2024,106
Tue Jul  2 10:35:06 2024,108
Tue Jul  2 10:36:06 2024,108
Tue Jul  2 10:37:07 2024,109
Tue Jul  2 10:38:09 2024,109
Tue Jul  2 10:39:06 2024,109
Tue Jul  2 10:40:08 2024,109
Tue Jul  2 10:41:08 2024,107
Tue Jul  2 10:42:09 2024,107
Tue Jul  2 10:43:09 2024,106
Tue Jul  2 10:44:10 2024,105
Tue Jul  2 10:45:11 2024,107
Tue Jul  2 10:46:10 2024,107
Tue Jul  2 10:47:10 2024,108
Tue Jul  2 10:48:08 2024,109
Tue Jul  2 10:49:06 2024,107
Tue Jul  2 10:50:08 2024,107
Tue Jul  2 10:51:11 2024,105
Tue Jul  2 10:52:08 2024,108
Tue Jul  2 10:53:08 2024,122
Tue Jul  2 10:54:08 2024,123
Tue Jul  2 10:55:06 2024,125
Tue Jul  2 10:56:08 2024,117
Tue Jul  2 10:57:09 2024,139
Tue Jul  2 10:58:08 2024,137
Tue Jul  2 10:59:06 2024,137
Tue Jul  2 11:00:09 2024,-
Tue Jul  2 11:01:09 2024,138
Tue Jul  2 11:02:08 2024,133
Tue Jul  2 11:03:08 2024,129
Tue Jul  2 11:04:09 2024,128
Tue Jul  2 11:05:06 2024,128
Tue Jul  2 11:06:09 2024,128
Tue Jul  2 11:07:08 2024,127
Tue Jul  2 11:08:10 2024,127
Tue Jul  2 11:09:09 2024,128
Tue Jul  2 11:10:09 2024,128
Tue Jul  2 11:11:06 2024,126
Tue Jul  2 11:12:08 2024,126
Tue Jul  2 11:13:09 2024,124
Tue Jul  2 11:14:06 2024,125
Tue Jul  2 11:15:07 2024,125
Tue Jul  2 11:16:09 2024,127
Tue Jul  2 11:17:08 2024,129
Tue Jul  2 11:18:09 2024,130
Tue Jul  2 11:19:07 2024,131
Tue Jul  2 11:20:09 2024,132
Tue Jul  2 11:21:09 2024,133
Tue Jul  2 11:22:08 2024,131
Tue Jul  2 11:23:06 2024,129
Tue Jul  2 11:24:09 2024,128
Tue Jul  2 11:25:08 2024,122
Tue Jul  2 11:26:06 2024,121
Tue Jul  2 11:27:09 2024,122
Tue Jul  2 11:28:06 2024,102
Tue Jul  2 11:29:08 2024,102
Tue Jul  2 11:30:07 2024,104
Tue Jul  2 11:31:06 2024,103
Tue Jul  2 11:32:07 2024,105
Tue Jul  2 11:33:09 2024,105
Tue Jul  2 11:34:08 2024,103
Tue Jul  2 11:35:09 2024,102
Tue Jul  2 11:36:09 2024,102
Tue Jul  2 11:37:09 2024,103
Tue Jul  2 11:38:06 2024,102
Tue Jul  2 11:39:08 2024,101
Tue Jul  2 11:40:08 2024,104
Tue Jul  2 11:41:06 2024,105
Tue Jul  2 11:42:09 2024,105
Tue Jul  2 11:43:06 2024,106
Tue Jul  2 11:44:08 2024,108
Tue Jul  2 11:45:07 2024,109
Tue Jul  2 11:46:09 2024,108
Tue Jul  2 11:47:08 2024,107
Tue Jul  2 11:48:10 2024,107
Tue Jul  2 11:49:06 2024,105
Tue Jul  2 11:50:08 2024,105
Tue Jul  2 11:51:08 2024,109
Tue Jul  2 11:52:09 2024,112
Tue Jul  2 11:53:08 2024,111
Tue Jul  2 11:54:06 2024,114
Tue Jul  2 11:55:06 2024,115
Tue Jul  2 11:56:08 2024,115
Tue Jul  2 11:57:06 2024,119
Tue Jul  2 11:58:08 2024,122
Tue Jul  2 11:59:08 2024,124
Tue Jul  2 12:00:10 2024,126
Tue Jul  2 12:01:09 2024,126
Tue Jul  2 12:02:06 2024,128
Tue Jul  2 12:03:06 2024,126
Tue Jul  2 12:04:06 2024,123
Tue Jul  2 12:05:09 2024,124
Tue Jul  2 12:06:09 2024,125
Tue Jul  2 12:07:08 2024,121
Tue Jul  2 12:08:08 2024,86
Tue Jul  2 12:09:06 2024,86
Tue Jul  2 12:10:08 2024,89
Tue Jul  2 12:11:09 2024,93
Tue Jul  2 12:12:09 2024,95
Tue Jul  2 12:13:10 2024,97
Tue Jul  2 12:14:06 2024,98
Tue Jul  2 12:15:09 2024,94
Tue Jul  2 12:16:09 2024,95
Tue Jul  2 12:17:06 2024,95
Tue Jul  2 12:18:09 2024,96
Tue Jul  2 12:19:06 2024,-
Tue Jul  2 12:20:07 2024,99
Tue Jul  2 12:21:06 2024,99
Tue Jul  2 12:22:09 2024,98
Tue Jul  2 12:23:08 2024,97
Tue Jul  2 12:24:08 2024,98
Tue Jul  2 12:25:08 2024,98
Tue Jul  2 12:42:36 2024,109
Tue Jul  2 12:43:10 2024,110
Tue Jul  2 12:48:55 2024,111
Tue Jul  2 12:49:10 2024,111
Tue Jul  2 12:50:09 2024,110
Tue Jul  2 12:51:08 2024,109
Tue Jul  2 12:52:08 2024,104
Tue Jul  2 12:53:08 2024,102
Tue Jul  2 12:54:10 2024,104
Tue Jul  2 12:55:09 2024,106
Tue Jul  2 12:56:10 2024,107
Tue Jul  2 12:57:07 2024,106
Tue Jul  2 12:58:08 2024,111
Tue Jul  2 12:59:08 2024,113
Tue Jul  2 13:00:08 2024,112
Tue Jul  2 13:01:08 2024,111
Tue Jul  2 13:02:10 2024,112
Tue Jul  2 13:03:08 2024,114
Tue Jul  2 13:04:08 2024,113
Tue Jul  2 13:05:07 2024,111
Tue Jul  2 13:06:06 2024,108
Tue Jul  2 13:07:08 2024,102
Tue Jul  2 13:08:08 2024,104
Tue Jul  2 13:09:06 2024,104
Tue Jul  2 13:10:11 2024,103
Tue Jul  2 13:11:10 2024,101
Tue Jul  2 13:12:09 2024,99
Tue Jul  2 13:13:09 2024,99
Tue Jul  2 13:14:08 2024,96
Tue Jul  2 13:15:06 2024,97
Tue Jul  2 13:16:08 2024,98
Tue Jul  2 13:17:06 2024,98
Tue Jul  2 13:18:09 2024,101
Tue Jul  2 13:19:09 2024,101
Tue Jul  2 13:20:10 2024,100
Tue Jul  2 13:21:06 2024,100
Tue Jul  2 13:22:06 2024,100
Tue Jul  2 13:23:08 2024,99
Tue Jul  2 13:24:09 2024,98
Tue Jul  2 13:25:10 2024,99
Tue Jul  2 13:26:08 2024,110
Tue Jul  2 13:27:08 2024,126
Tue Jul  2 13:28:08 2024,124
Tue Jul  2 13:29:09 2024,121
Tue Jul  2 13:30:13 2024,120
Tue Jul  2 13:31:08 2024,119
Tue Jul  2 13:32:06 2024,117
Tue Jul  2 13:33:06 2024,117
Tue Jul  2 13:34:08 2024,115
Tue Jul  2 13:35:09 2024,112
Tue Jul  2 13:36:08 2024,107
Tue Jul  2 13:37:06 2024,109
Tue Jul  2 13:38:08 2024,106
Tue Jul  2 13:39:08 2024,108
Tue Jul  2 13:40:07 2024,107
Tue Jul  2 13:41:08 2024,103
Tue Jul  2 13:42:09 2024,105
Tue Jul  2 13:43:08 2024,102
Tue Jul  2 13:44:09 2024,99
Tue Jul  2 13:45:06 2024,99
Tue Jul  2 13:46:08 2024,98
Tue Jul  2 13:47:08 2024,98
Tue Jul  2 13:48:06 2024,97
Tue Jul  2 13:49:08 2024,96
Tue Jul  2 13:50:09 2024,94
Tue Jul  2 13:51:08 2024,94
Tue Jul  2 13:52:06 2024,93
Tue Jul  2 13:53:08 2024,92
Tue Jul  2 13:54:08 2024,90
Tue Jul  2 13:55:09 2024,88
Tue Jul  2 13:56:09 2024,87
Tue Jul  2 13:57:06 2024,85
Tue Jul  2 13:58:08 2024,85
Tue Jul  2 13:59:08 2024,88
Tue Jul  2 14:00:09 2024,-
Tue Jul  2 14:01:06 2024,89
Tue Jul  2 14:02:08 2024,92
Tue Jul  2 14:03:08 2024,94
Tue Jul  2 14:04:10 2024,94
Tue Jul  2 14:05:09 2024,94
Tue Jul  2 14:06:08 2024,93
Tue Jul  2 14:07:08 2024,92
Tue Jul  2 14:08:08 2024,90
Tue Jul  2 14:09:09 2024,91
Tue Jul  2 14:10:09 2024,91
Tue Jul  2 14:11:06 2024,114
Tue Jul  2 14:12:09 2024,116
Tue Jul  2 14:13:09 2024,116
Tue Jul  2 14:14:09 2024,116
Tue Jul  2 14:15:06 2024,116
Tue Jul  2 14:16:08 2024,114
Tue Jul  2 14:17:09 2024,111
Tue Jul  2 14:18:09 2024,110
Tue Jul  2 14:19:06 2024,106
Tue Jul  2 14:20:06 2024,105
Tue Jul  2 14:21:08 2024,106
Tue Jul  2 14:22:06 2024,104
Tue Jul  2 14:23:10 2024,103
Tue Jul  2 14:24:08 2024,103
Tue Jul  2 14:25:07 2024,103
Tue Jul  2 14:26:08 2024,101
Tue Jul  2 14:27:08 2024,102
Tue Jul  2 14:28:11 2024,103
Tue Jul  2 14:29:08 2024,106
Tue Jul  2 14:30:10 2024,106
Tue Jul  2 14:31:09 2024,106
Tue Jul  2 14:32:09 2024,108
Tue Jul  2 14:33:09 2024,109
Tue Jul  2 14:34:09 2024,112
Tue Jul  2 14:35:11 2024,100
Tue Jul  2 14:36:09 2024,89
Tue Jul  2 14:37:09 2024,93
Tue Jul  2 14:38:14 2024,94
Tue Jul  2 14:39:06 2024,94
Tue Jul  2 14:40:06 2024,96
Tue Jul  2 14:41:08 2024,94
Tue Jul  2 14:42:08 2024,93
Tue Jul  2 14:43:08 2024,93
Tue Jul  2 14:44:09 2024,95
Tue Jul  2 14:45:09 2024,90
Tue Jul  2 14:46:09 2024,89
Tue Jul  2 14:47:09 2024,88
Tue Jul  2 14:48:08 2024,89
Tue Jul  2 14:49:09 2024,88
Tue Jul  2 14:50:08 2024,88
Tue Jul  2 14:51:08 2024,87
Tue Jul  2 14:52:08 2024,86
Tue Jul  2 14:53:09 2024,89
Tue Jul  2 14:54:10 2024,89
Tue Jul  2 14:55:12 2024,90
Tue Jul  2 14:56:06 2024,90
Tue Jul  2 14:57:09 2024,91
Tue Jul  2 14:58:09 2024,93
Tue Jul  2 14:59:08 2024,91
Tue Jul  2 15:00:06 2024,-
Tue Jul  2 15:01:06 2024,92
Tue Jul  2 15:02:08 2024,96
Tue Jul  2 15:03:06 2024,98
Tue Jul  2 15:04:08 2024,96
Tue Jul  2 15:05:06 2024,96
Tue Jul  2 15:06:06 2024,99
Tue Jul  2 15:07:06 2024,101
Tue Jul  2 15:08:08 2024,99
Tue Jul  2 15:09:09 2024,100
Tue Jul  2 15:10:09 2024,100
Tue Jul  2 15:11:09 2024,98
Tue Jul  2 15:12:09 2024,116
Tue Jul  2 15:13:08 2024,117
Tue Jul  2 15:14:08 2024,113
Tue Jul  2 15:15:09 2024,109
Tue Jul  2 15:16:09 2024,107
Tue Jul  2 15:17:06 2024,106
Tue Jul  2 15:18:09 2024,103
Tue Jul  2 15:19:08 2024,101
Tue Jul  2 15:36:15 2024,105
Tue Jul  2 15:37:09 2024,103
Tue Jul  2 15:53:26 2024,128
Tue Jul  2 16:04:25 2024,136
Tue Jul  2 16:05:09 2024,138
Tue Jul  2 16:06:35 2024,140
Tue Jul  2 16:07:09 2024,143
Tue Jul  2 16:08:08 2024,145
Tue Jul  2 16:09:09 2024,144
Tue Jul  2 16:10:06 2024,143
Tue Jul  2 16:11:08 2024,142
Tue Jul  2 16:12:08 2024,122
Tue Jul  2 16:13:09 2024,120
Tue Jul  2 16:14:09 2024,121
Tue Jul  2 16:15:08 2024,120
Tue Jul  2 16:16:06 2024,120
Tue Jul  2 16:17:08 2024,122
Tue Jul  2 16:18:09 2024,124
Tue Jul  2 16:19:10 2024,122
Tue Jul  2 16:20:06 2024,120
Tue Jul  2 16:21:06 2024,120
Tue Jul  2 16:22:06 2024,124
Tue Jul  2 16:23:09 2024,125
Tue Jul  2 16:24:10 2024,128
Tue Jul  2 16:25:08 2024,128
Tue Jul  2 16:26:08 2024,129
Tue Jul  2 16:27:08 2024,129
Tue Jul  2 16:28:09 2024,127
Tue Jul  2 16:29:09 2024,128
Tue Jul  2 16:30:08 2024,128
Tue Jul  2 16:31:08 2024,129
Tue Jul  2 16:32:06 2024,132
Tue Jul  2 16:33:08 2024,130
Tue Jul  2 16:34:09 2024,129
Tue Jul  2 16:35:06 2024,130
Tue Jul  2 16:36:06 2024,130
Tue Jul  2 16:37:10 2024,130
Tue Jul  2 16:38:09 2024,131
Tue Jul  2 16:39:06 2024,132
Tue Jul  2 16:40:09 2024,133
Tue Jul  2 16:41:09 2024,139
Tue Jul  2 16:42:08 2024,143
Tue Jul  2 16:43:06 2024,144
Tue Jul  2 16:44:06 2024,145
Tue Jul  2 16:45:09 2024,145
Tue Jul  2 16:46:08 2024,149
Tue Jul  2 16:47:08 2024,148
Tue Jul  2 16:48:07 2024,150
Tue Jul  2 16:49:09 2024,156
Tue Jul  2 16:50:07 2024,161
Tue Jul  2 16:51:08 2024,163
Tue Jul  2 16:52:08 2024,170
Tue Jul  2 16:53:09 2024,172
Tue Jul  2 16:54:09 2024,175
Tue Jul  2 16:55:09 2024,178
Tue Jul  2 16:56:08 2024,183
Tue Jul  2 16:57:06 2024,189
Tue Jul  2 16:58:09 2024,189
Tue Jul  2 16:59:09 2024,191
Tue Jul  2 17:00:09 2024,-
Tue Jul  2 17:01:08 2024,194
Tue Jul  2 17:02:09 2024,189
Tue Jul  2 17:03:08 2024,194
Tue Jul  2 17:04:09 2024,194
Tue Jul  2 17:05:08 2024,187
Tue Jul  2 17:06:06 2024,190
Tue Jul  2 17:07:08 2024,191
Tue Jul  2 17:08:08 2024,189
Tue Jul  2 17:09:10 2024,189
Tue Jul  2 17:10:07 2024,183
Tue Jul  2 17:11:09 2024,181
Tue Jul  2 17:32:26 2024,192
Tue Jul  2 18:42:40 2024,194
Tue Jul  2 20:04:23 2024,157
Tue Jul  2 21:14:57 2024,86
Tue Jul  2 21:48:06 2024,67
Wed Jul  3 00:40:21 2024,1
Wed Jul  3 02:53:20 2024,-
Wed Jul  3 05:02:40 2024,1
Wed Jul  3 06:16:43 2024,2
Wed Jul  3 09:07:15 2024,115
Wed Jul  3 12:47:05 2024,-
Wed Jul  3 13:09:08 2024,99
Wed Jul  3 13:10:09 2024,98
Wed Jul  3 13:11:13 2024,99
Wed Jul  3 13:12:08 2024,99
Wed Jul  3 13:13:09 2024,97
Wed Jul  3 13:14:09 2024,94
Wed Jul  3 13:15:08 2024,96
Wed Jul  3 13:16:06 2024,97
Wed Jul  3 13:17:10 2024,93
Wed Jul  3 13:18:09 2024,95
Wed Jul  3 13:19:06 2024,92
Wed Jul  3 13:20:10 2024,90
Wed Jul  3 13:21:09 2024,90
Wed Jul  3 13:22:08 2024,90
Wed Jul  3 13:23:09 2024,94
Wed Jul  3 13:24:08 2024,95
Wed Jul  3 13:25:08 2024,95
Wed Jul  3 13:26:06 2024,97
Wed Jul  3 13:27:06 2024,97
Wed Jul  3 13:28:09 2024,94
Wed Jul  3 13:29:08 2024,94
Wed Jul  3 13:30:06 2024,94
Wed Jul  3 13:31:09 2024,93
Wed Jul  3 13:32:06 2024,94
Wed Jul  3 13:33:08 2024,92
Wed Jul  3 13:34:06 2024,91
Wed Jul  3 13:35:09 2024,91
Wed Jul  3 13:36:10 2024,91
Wed Jul  3 13:37:09 2024,88
Wed Jul  3 13:38:09 2024,86
Wed Jul  3 13:39:09 2024,85
Wed Jul  3 13:40:08 2024,84
Wed Jul  3 13:41:09 2024,83
Wed Jul  3 13:42:08 2024,83
Wed Jul  3 13:43:09 2024,81
Wed Jul  3 13:44:09 2024,79
Wed Jul  3 13:45:06 2024,75
Wed Jul  3 13:46:09 2024,73
Wed Jul  3 13:47:09 2024,73
Wed Jul  3 13:48:09 2024,74
Wed Jul  3 13:49:07 2024,76
Wed Jul  3 13:50:08 2024,77
Wed Jul  3 13:51:11 2024,77
Wed Jul  3 13:52:09 2024,77
Wed Jul  3 13:53:08 2024,75
Wed Jul  3 13:54:06 2024,75
Wed Jul  3 13:55:10 2024,75
Wed Jul  3 13:56:08 2024,77
Wed Jul  3 13:57:09 2024,75
Wed Jul  3 13:58:09 2024,74
Wed Jul  3 13:59:09 2024,73
Wed Jul  3 14:00:09 2024,-
Wed Jul  3 14:01:06 2024,75
Wed Jul  3 14:02:09 2024,72
Wed Jul  3 14:03:08 2024,73
Wed Jul  3 14:04:09 2024,74
Wed Jul  3 14:05:08 2024,79
Wed Jul  3 14:06:09 2024,80
Wed Jul  3 14:07:09 2024,78
Wed Jul  3 14:08:08 2024,76
Wed Jul  3 14:09:06 2024,74
Wed Jul  3 14:10:09 2024,75
Wed Jul  3 14:11:09 2024,77
Wed Jul  3 14:12:06 2024,76
Wed Jul  3 14:13:08 2024,75
Wed Jul  3 14:14:08 2024,74
Wed Jul  3 14:15:09 2024,74
Wed Jul  3 14:16:09 2024,76
Wed Jul  3 14:17:09 2024,80
Wed Jul  3 14:18:08 2024,82
Wed Jul  3 14:19:09 2024,82
Wed Jul  3 14:20:09 2024,84
Wed Jul  3 14:21:09 2024,80
Wed Jul  3 14:22:09 2024,78
Wed Jul  3 14:23:09 2024,80
Wed Jul  3 14:24:09 2024,81
Wed Jul  3 14:25:09 2024,85
Wed Jul  3 14:26:06 2024,86
Wed Jul  3 14:27:09 2024,86
Wed Jul  3 14:28:10 2024,86
Wed Jul  3 14:29:11 2024,86
Wed Jul  3 14:30:09 2024,87
Wed Jul  3 14:31:06 2024,88
Wed Jul  3 14:32:09 2024,86
Wed Jul  3 14:33:08 2024,86
Wed Jul  3 14:34:09 2024,90
Wed Jul  3 14:35:09 2024,88
Wed Jul  3 14:36:30 2024,87
Wed Jul  3 14:37:06 2024,86
Wed Jul  3 14:38:09 2024,88
Wed Jul  3 14:39:08 2024,87
Wed Jul  3 14:40:08 2024,89
Wed Jul  3 14:41:06 2024,88
Wed Jul  3 14:42:08 2024,87
Wed Jul  3 14:43:10 2024,85
Wed Jul  3 14:44:06 2024,85
Wed Jul  3 14:45:06 2024,85
Wed Jul  3 14:46:06 2024,83
Wed Jul  3 14:47:09 2024,82
Wed Jul  3 14:48:10 2024,83
Wed Jul  3 14:49:09 2024,83
Wed Jul  3 14:50:06 2024,83
Wed Jul  3 14:51:08 2024,86
Wed Jul  3 14:52:12 2024,86
Wed Jul  3 14:53:09 2024,85
Wed Jul  3 14:54:09 2024,85
Wed Jul  3 14:55:12 2024,83
Wed Jul  3 14:56:09 2024,82
Wed Jul  3 14:57:08 2024,79
Wed Jul  3 14:58:11 2024,80
Wed Jul  3 14:59:08 2024,80
Wed Jul  3 15:00:06 2024,-
Wed Jul  3 15:01:08 2024,82
Wed Jul  3 15:02:09 2024,80
Wed Jul  3 15:03:09 2024,79
Wed Jul  3 15:04:08 2024,79
Wed Jul  3 15:05:07 2024,79
Wed Jul  3 15:06:08 2024,79
Wed Jul  3 15:07:07 2024,74
Wed Jul  3 15:08:08 2024,75
Wed Jul  3 15:09:08 2024,76
Wed Jul  3 15:10:08 2024,75
Wed Jul  3 15:11:07 2024,75
Wed Jul  3 15:12:10 2024,75
Wed Jul  3 15:13:06 2024,75
Wed Jul  3 15:14:08 2024,74
Wed Jul  3 15:15:11 2024,74
Wed Jul  3 15:16:08 2024,78
Wed Jul  3 15:17:09 2024,77
Wed Jul  3 15:18:09 2024,79
Wed Jul  3 15:19:09 2024,84
Wed Jul  3 15:20:11 2024,84
Wed Jul  3 15:21:08 2024,84
Wed Jul  3 15:22:11 2024,83
Wed Jul  3 15:23:08 2024,83
Wed Jul  3 15:24:10 2024,81
Wed Jul  3 15:25:08 2024,83
Wed Jul  3 15:26:08 2024,86
Wed Jul  3 15:27:09 2024,87
Wed Jul  3 15:28:10 2024,88
Wed Jul  3 15:29:06 2024,89
Wed Jul  3 15:30:08 2024,92
Wed Jul  3 15:31:08 2024,94
Wed Jul  3 15:32:08 2024,101
Wed Jul  3 15:33:12 2024,101
Wed Jul  3 15:34:08 2024,101
Wed Jul  3 15:35:10 2024,97
Wed Jul  3 15:36:10 2024,97
Wed Jul  3 15:37:08 2024,99
Wed Jul  3 15:38:11 2024,98
Wed Jul  3 15:39:10 2024,96
Wed Jul  3 15:40:10 2024,95
Wed Jul  3 15:47:37 2024,-
Wed Jul  3 15:50:10 2024,114
Wed Jul  3 15:51:13 2024,115
Wed Jul  3 16:07:46 2024,139
Wed Jul  3 16:23:18 2024,146
Wed Jul  3 16:40:12 2024,139
Wed Jul  3 16:41:09 2024,138
Wed Jul  3 16:42:09 2024,140
Wed Jul  3 16:58:05 2024,152
Wed Jul  3 17:15:51 2024,163
Wed Jul  3 17:16:10 2024,154
Wed Jul  3 17:17:11 2024,161
Wed Jul  3 17:18:09 2024,158
Wed Jul  3 17:32:55 2024,181
Wed Jul  3 17:33:08 2024,182
Wed Jul  3 17:34:09 2024,184
Wed Jul  3 17:35:08 2024,184
Wed Jul  3 17:36:09 2024,185
Wed Jul  3 17:37:08 2024,180
Wed Jul  3 17:38:08 2024,180
Wed Jul  3 17:39:08 2024,180
Wed Jul  3 17:40:10 2024,184
Wed Jul  3 17:41:09 2024,187
Wed Jul  3 17:42:06 2024,189
Wed Jul  3 17:43:06 2024,192
Wed Jul  3 17:44:08 2024,197
Wed Jul  3 17:45:09 2024,203
Wed Jul  3 17:46:10 2024,203
Wed Jul  3 17:47:09 2024,201
Wed Jul  3 17:48:06 2024,207
Wed Jul  3 17:49:08 2024,210
Wed Jul  3 17:50:08 2024,216
Wed Jul  3 17:51:09 2024,217
Wed Jul  3 17:52:10 2024,222
Wed Jul  3 18:08:13 2024,239
Wed Jul  3 18:09:06 2024,238
Wed Jul  3 18:10:08 2024,232
Wed Jul  3 18:26:35 2024,197
Wed Jul  3 18:27:08 2024,197
Wed Jul  3 18:28:08 2024,197
Wed Jul  3 18:44:13 2024,194
Wed Jul  3 18:45:11 2024,195
Wed Jul  3 18:46:09 2024,195
Wed Jul  3 19:03:49 2024,208
Wed Jul  3 19:04:08 2024,206
Wed Jul  3 19:05:16 2024,202
Wed Jul  3 19:21:46 2024,163
Wed Jul  3 19:22:06 2024,163
Wed Jul  3 19:23:09 2024,164
Wed Jul  3 19:40:50 2024,145
Wed Jul  3 19:41:08 2024,145
Wed Jul  3 19:42:08 2024,144
Wed Jul  3 19:45:35 2024,144
Wed Jul  3 19:46:09 2024,143
Wed Jul  3 19:47:08 2024,147
Wed Jul  3 20:05:01 2024,160
Wed Jul  3 20:06:08 2024,158
Wed Jul  3 20:22:22 2024,138
Wed Jul  3 20:23:06 2024,138
Wed Jul  3 20:39:08 2024,105
Wed Jul  3 20:40:08 2024,103
Wed Jul  3 20:41:08 2024,103
Wed Jul  3 20:46:26 2024,100
Wed Jul  3 20:47:09 2024,98
Wed Jul  3 21:04:21 2024,99
Wed Jul  3 21:05:09 2024,90
Wed Jul  3 21:06:08 2024,91
Wed Jul  3 21:07:08 2024,89
Wed Jul  3 21:08:08 2024,85
Wed Jul  3 21:24:34 2024,78
Wed Jul  3 21:25:09 2024,79
Wed Jul  3 21:26:08 2024,78
Wed Jul  3 21:42:44 2024,60
Wed Jul  3 21:43:09 2024,60
Wed Jul  3 21:44:09 2024,62
Wed Jul  3 21:47:35 2024,52
Wed Jul  3 21:48:06 2024,50
Wed Jul  3 22:04:32 2024,50
Wed Jul  3 22:05:08 2024,16
Wed Jul  3 22:06:08 2024,13
Wed Jul  3 22:23:40 2024,0
Wed Jul  3 22:24:08 2024,0
Wed Jul  3 22:25:09 2024,0
Wed Jul  3 22:41:18 2024,0
Wed Jul  3 22:42:09 2024,0
Wed Jul  3 22:48:02 2024,0
Wed Jul  3 22:49:06 2024,0
Wed Jul  3 23:07:18 2024,1
Wed Jul  3 23:08:08 2024,2
Wed Jul  3 23:09:09 2024,2
Wed Jul  3 23:25:13 2024,2
Wed Jul  3 23:26:09 2024,2
Wed Jul  3 23:42:35 2024,2
Thu Jul  4 00:31:16 2024,2
Thu Jul  4 02:09:55 2024,2
Thu Jul  4 03:15:09 2024,2
Thu Jul  4 04:54:00 2024,2
Thu Jul  4 06:35:37 2024,46
Thu Jul  4 07:42:59 2024,-
Thu Jul  4 09:09:36 2024,75
Thu Jul  4 09:27:34 2024,76
Thu Jul  4 09:28:08 2024,77
Thu Jul  4 09:29:07 2024,78
Thu Jul  4 09:30:10 2024,78
Thu Jul  4 09:31:09 2024,81
Thu Jul  4 09:32:09 2024,81
Thu Jul  4 09:33:07 2024,82
Thu Jul  4 09:34:06 2024,83
Thu Jul  4 09:35:06 2024,83
Thu Jul  4 09:36:06 2024,83
Thu Jul  4 09:37:06 2024,83
Thu Jul  4 09:38:09 2024,85
Thu Jul  4 09:39:09 2024,87
Thu Jul  4 09:40:06 2024,88
Thu Jul  4 09:41:06 2024,87
Thu Jul  4 09:42:09 2024,86
Thu Jul  4 09:43:09 2024,87
Thu Jul  4 09:44:08 2024,84
Thu Jul  4 09:45:09 2024,82
Thu Jul  4 09:46:08 2024,82
Thu Jul  4 09:47:09 2024,82
Thu Jul  4 09:48:10 2024,81
Thu Jul  4 09:49:18 2024,81
Thu Jul  4 09:50:09 2024,80
Thu Jul  4 09:51:09 2024,80
Thu Jul  4 09:52:09 2024,79
Thu Jul  4 09:53:10 2024,78
Thu Jul  4 09:54:09 2024,78
Thu Jul  4 09:55:06 2024,77
Thu Jul  4 09:56:06 2024,77
Thu Jul  4 09:57:09 2024,78
Thu Jul  4 09:58:06 2024,85
Thu Jul  4 09:59:09 2024,95
Thu Jul  4 10:00:11 2024,-
Thu Jul  4 10:01:06 2024,93
Thu Jul  4 10:02:06 2024,93
Thu Jul  4 10:03:09 2024,91
Thu Jul  4 10:04:09 2024,91
Thu Jul  4 10:05:09 2024,91
Thu Jul  4 10:06:08 2024,90
Thu Jul  4 10:07:06 2024,89
Thu Jul  4 10:08:10 2024,88
Thu Jul  4 10:09:08 2024,91
Thu Jul  4 10:10:09 2024,94
Thu Jul  4 10:11:08 2024,93
Thu Jul  4 10:12:07 2024,93
Thu Jul  4 10:13:07 2024,77
Thu Jul  4 10:14:09 2024,79
Thu Jul  4 10:15:10 2024,78
Thu Jul  4 10:16:06 2024,79
Thu Jul  4 10:17:07 2024,79
Thu Jul  4 10:18:09 2024,80
Thu Jul  4 10:19:06 2024,81
Thu Jul  4 10:20:06 2024,81
Thu Jul  4 10:21:09 2024,82
Thu Jul  4 10:22:09 2024,81
Thu Jul  4 10:23:10 2024,83
Thu Jul  4 10:24:09 2024,81
Thu Jul  4 10:25:10 2024,79
Thu Jul  4 10:26:08 2024,79
Thu Jul  4 10:27:06 2024,79
Thu Jul  4 10:28:10 2024,79
Thu Jul  4 10:29:08 2024,76
Thu Jul  4 10:30:10 2024,78
Thu Jul  4 10:31:08 2024,77
Thu Jul  4 10:32:08 2024,80
Thu Jul  4 10:33:08 2024,79
Thu Jul  4 10:34:12 2024,74
Thu Jul  4 10:35:11 2024,75
Thu Jul  4 10:36:07 2024,81
Thu Jul  4 10:37:10 2024,83
Thu Jul  4 10:38:10 2024,86
Thu Jul  4 10:39:11 2024,86
Thu Jul  4 10:40:06 2024,86
Thu Jul  4 10:41:06 2024,87
Thu Jul  4 10:42:09 2024,86
Thu Jul  4 10:43:08 2024,85
Thu Jul  4 10:44:07 2024,86
Thu Jul  4 10:45:06 2024,88
Thu Jul  4 10:46:10 2024,90
Thu Jul  4 10:47:08 2024,92
Thu Jul  4 10:48:09 2024,92
Thu Jul  4 10:49:08 2024,93
Thu Jul  4 10:50:08 2024,92
Thu Jul  4 10:51:06 2024,92
Thu Jul  4 10:52:10 2024,93
Thu Jul  4 10:53:09 2024,94
Thu Jul  4 10:54:08 2024,96
Thu Jul  4 10:55:09 2024,97
Thu Jul  4 10:56:08 2024,96
Thu Jul  4 10:57:06 2024,94
Thu Jul  4 10:58:06 2024,96
Thu Jul  4 10:59:09 2024,96
Thu Jul  4 11:00:08 2024,-
Thu Jul  4 11:01:09 2024,98
Thu Jul  4 11:02:08 2024,98
Thu Jul  4 11:03:06 2024,98
Thu Jul  4 11:04:08 2024,98
Thu Jul  4 11:05:10 2024,99
Thu Jul  4 11:06:08 2024,99
Thu Jul  4 11:07:06 2024,100
Thu Jul  4 11:08:08 2024,101
Thu Jul  4 11:09:06 2024,101
Thu Jul  4 11:10:06 2024,101
Thu Jul  4 11:11:06 2024,101
Thu Jul  4 11:12:06 2024,99
Thu Jul  4 11:13:06 2024,99
Thu Jul  4 11:14:08 2024,100
Thu Jul  4 11:15:09 2024,99
Thu Jul  4 11:16:06 2024,99
Thu Jul  4 11:17:06 2024,96
Thu Jul  4 11:18:08 2024,95
Thu Jul  4 11:19:09 2024,93
Thu Jul  4 11:20:08 2024,93
Thu Jul  4 11:21:06 2024,93
Thu Jul  4 11:22:09 2024,93
Thu Jul  4 11:23:08 2024,93
Thu Jul  4 11:24:08 2024,91
Thu Jul  4 11:25:09 2024,91
Thu Jul  4 11:26:09 2024,90
Thu Jul  4 11:27:06 2024,91
Thu Jul  4 11:28:09 2024,91
Thu Jul  4 11:29:09 2024,74
Thu Jul  4 11:30:07 2024,75
Thu Jul  4 11:31:09 2024,77
Thu Jul  4 11:32:06 2024,77
Thu Jul  4 11:33:09 2024,77
Thu Jul  4 11:34:09 2024,76
Thu Jul  4 11:35:09 2024,79
Thu Jul  4 11:36:09 2024,79
Thu Jul  4 11:37:08 2024,79
Thu Jul  4 11:38:09 2024,84
Thu Jul  4 11:39:08 2024,84
Thu Jul  4 11:56:33 2024,97
Thu Jul  4 12:14:15 2024,102
Thu Jul  4 12:30:19 2024,101
Thu Jul  4 12:31:08 2024,101
Thu Jul  4 12:48:03 2024,-
Thu Jul  4 13:05:37 2024,78
Thu Jul  4 13:06:08 2024,78
Thu Jul  4 13:07:08 2024,77
Thu Jul  4 13:08:08 2024,77
Thu Jul  4 13:09:08 2024,77
Thu Jul  4 13:10:08 2024,78
Thu Jul  4 13:11:11 2024,76
Thu Jul  4 13:12:09 2024,75
Thu Jul  4 13:13:09 2024,75
Thu Jul  4 13:14:08 2024,73
Thu Jul  4 13:15:11 2024,73
Thu Jul  4 13:16:11 2024,74
Thu Jul  4 13:27:21 2024,70
Thu Jul  4 13:28:06 2024,70
Thu Jul  4 13:29:20 2024,68
Thu Jul  4 13:30:10 2024,67
Thu Jul  4 13:31:07 2024,69
Thu Jul  4 13:32:08 2024,70
Thu Jul  4 13:33:08 2024,70
Thu Jul  4 13:34:07 2024,69
Thu Jul  4 13:35:06 2024,66
Thu Jul  4 13:36:06 2024,67
Thu Jul  4 13:37:08 2024,70
Thu Jul  4 13:38:08 2024,68
Thu Jul  4 13:39:08 2024,71
Thu Jul  4 13:40:10 2024,70
Thu Jul  4 13:41:06 2024,69
Thu Jul  4 13:42:06 2024,69
Thu Jul  4 13:43:06 2024,67
Thu Jul  4 13:44:08 2024,65
Thu Jul  4 13:45:08 2024,65
Thu Jul  4 13:46:08 2024,64
Thu Jul  4 13:47:08 2024,65
Thu Jul  4 13:48:09 2024,64
Thu Jul  4 13:49:08 2024,62
Thu Jul  4 13:50:09 2024,62
Thu Jul  4 13:51:06 2024,60
Thu Jul  4 13:52:09 2024,62
Thu Jul  4 13:53:08 2024,63
Thu Jul  4 13:54:06 2024,62
Thu Jul  4 13:55:06 2024,61
Thu Jul  4 13:56:06 2024,62
Thu Jul  4 13:57:06 2024,60
Thu Jul  4 13:58:06 2024,63
Thu Jul  4 13:59:06 2024,61
Thu Jul  4 14:00:09 2024,-
Thu Jul  4 14:01:09 2024,62
Thu Jul  4 14:02:08 2024,62
Thu Jul  4 14:03:08 2024,62
Thu Jul  4 14:04:06 2024,61
Thu Jul  4 14:05:09 2024,62
Thu Jul  4 14:06:08 2024,65
Thu Jul  4 14:07:08 2024,65
Thu Jul  4 14:08:08 2024,65
Thu Jul  4 14:09:07 2024,64
Thu Jul  4 14:10:08 2024,63
Thu Jul  4 14:11:08 2024,65
Thu Jul  4 14:12:08 2024,67
Thu Jul  4 14:13:08 2024,84
Thu Jul  4 14:14:06 2024,84
Thu Jul  4 14:15:09 2024,84
Thu Jul  4 14:16:07 2024,82
Thu Jul  4 14:17:08 2024,81
Thu Jul  4 14:18:09 2024,81
Thu Jul  4 14:19:09 2024,81
Thu Jul  4 14:20:09 2024,81
Thu Jul  4 14:21:08 2024,81
Thu Jul  4 14:22:08 2024,82
Thu Jul  4 14:23:09 2024,83
Thu Jul  4 14:24:10 2024,82
Thu Jul  4 14:25:08 2024,82
Thu Jul  4 14:26:08 2024,82
Thu Jul  4 14:27:06 2024,81
Thu Jul  4 14:28:08 2024,82
Thu Jul  4 14:29:06 2024,81
Thu Jul  4 14:30:11 2024,82
Thu Jul  4 14:31:07 2024,82
Thu Jul  4 14:32:08 2024,81
Thu Jul  4 14:33:07 2024,81
Thu Jul  4 14:34:08 2024,82
Thu Jul  4 14:35:10 2024,83
Thu Jul  4 14:36:10 2024,83
Thu Jul  4 14:37:10 2024,77
Thu Jul  4 14:38:12 2024,75
Thu Jul  4 14:39:10 2024,75
Thu Jul  4 14:40:10 2024,75
Thu Jul  4 14:41:08 2024,75
Thu Jul  4 14:42:08 2024,75
Thu Jul  4 14:43:10 2024,74
Thu Jul  4 14:44:09 2024,77
Thu Jul  4 14:45:11 2024,77
Thu Jul  4 14:46:10 2024,77
Thu Jul  4 14:47:09 2024,78
Thu Jul  4 14:48:06 2024,80
Thu Jul  4 14:49:08 2024,80
Thu Jul  4 14:50:10 2024,79
Thu Jul  4 14:51:06 2024,79
Thu Jul  4 14:52:08 2024,80
Thu Jul  4 14:53:08 2024,81
Thu Jul  4 14:54:08 2024,81
Thu Jul  4 14:55:10 2024,81
Thu Jul  4 14:56:10 2024,80
Thu Jul  4 14:57:09 2024,80
Thu Jul  4 14:58:09 2024,82
Thu Jul  4 14:59:09 2024,100
Thu Jul  4 15:00:08 2024,-
Thu Jul  4 15:01:08 2024,99
Thu Jul  4 15:02:09 2024,99
Thu Jul  4 15:03:09 2024,97
Thu Jul  4 15:04:06 2024,97
Thu Jul  4 15:05:09 2024,99
Thu Jul  4 15:06:06 2024,102
Thu Jul  4 15:07:08 2024,100
Thu Jul  4 15:08:06 2024,101
Thu Jul  4 15:09:08 2024,102
Thu Jul  4 15:10:08 2024,102
Thu Jul  4 15:11:09 2024,104
Thu Jul  4 15:12:08 2024,102
Thu Jul  4 15:13:06 2024,102
Thu Jul  4 15:14:09 2024,105
Thu Jul  4 15:15:08 2024,107
Thu Jul  4 15:16:09 2024,109
Thu Jul  4 15:17:06 2024,109
Thu Jul  4 15:18:08 2024,110
Thu Jul  4 15:19:10 2024,109
Thu Jul  4 15:20:09 2024,109
Thu Jul  4 15:21:09 2024,108
Thu Jul  4 15:22:08 2024,110
Thu Jul  4 15:23:08 2024,112
Thu Jul  4 15:24:10 2024,113
Thu Jul  4 15:25:09 2024,114
Thu Jul  4 15:26:08 2024,114
Thu Jul  4 15:27:09 2024,114
Thu Jul  4 15:28:09 2024,114
Thu Jul  4 15:29:09 2024,101
Thu Jul  4 15:30:11 2024,101
Thu Jul  4 15:31:07 2024,100
Thu Jul  4 15:32:06 2024,101
Thu Jul  4 15:33:10 2024,101
Thu Jul  4 15:34:08 2024,100
Thu Jul  4 15:35:09 2024,98
Thu Jul  4 15:36:09 2024,96
Thu Jul  4 15:37:09 2024,95
Thu Jul  4 15:38:09 2024,95
Thu Jul  4 15:39:09 2024,96
Thu Jul  4 15:40:08 2024,93
Thu Jul  4 15:41:10 2024,94
Thu Jul  4 15:42:09 2024,95
Thu Jul  4 15:43:08 2024,96
Thu Jul  4 15:44:08 2024,99
Thu Jul  4 15:45:09 2024,100
Thu Jul  4 15:46:08 2024,99
Thu Jul  4 15:47:07 2024,100
Thu Jul  4 15:48:11 2024,99
Thu Jul  4 15:49:09 2024,98
Thu Jul  4 15:50:08 2024,102
Thu Jul  4 15:51:08 2024,102
Thu Jul  4 15:52:09 2024,99
Thu Jul  4 15:53:09 2024,100
Thu Jul  4 15:54:08 2024,101
Thu Jul  4 15:55:09 2024,99
Thu Jul  4 15:56:09 2024,97
Thu Jul  4 15:57:08 2024,98
Thu Jul  4 15:58:09 2024,100
Thu Jul  4 15:59:06 2024,100
Thu Jul  4 16:00:08 2024,-
Thu Jul  4 16:01:08 2024,98
Thu Jul  4 16:02:06 2024,97
Thu Jul  4 16:03:08 2024,99
Thu Jul  4 16:04:06 2024,98
Thu Jul  4 16:05:08 2024,95
Thu Jul  4 16:06:09 2024,93
Thu Jul  4 16:07:09 2024,94
Thu Jul  4 16:26:08 2024,95
Thu Jul  4 16:27:08 2024,101
Thu Jul  4 16:28:09 2024,100
Mon Jul  8 10:52:12 2024,0
Mon Jul  8 10:53:09 2024,0
Mon Jul  8 10:54:09 2024,0
Mon Jul  8 10:55:09 2024,0
Mon Jul  8 10:56:10 2024,0
Mon Jul  8 10:57:10 2024,0
Mon Jul  8 10:58:10 2024,0
Mon Jul  8 10:59:10 2024,0
Mon Jul  8 13:01:41 2024,1
Mon Jul  8 13:02:28 2024,1
Mon Jul  8 13:03:08 2024,1
Mon Jul  8 13:04:18 2024,3
Mon Jul  8 13:05:08 2024,3
Mon Jul  8 13:06:17 2024,3
Mon Jul  8 13:08:13 2024,3
Mon Jul  8 13:09:57 2024,2
Mon Jul  8 13:11:09 2024,2
Mon Jul  8 13:14:05 2024,1
Mon Jul  8 13:16:41 2024,-
Mon Jul  8 13:22:00 2024,-
Mon Jul  8 13:25:45 2024,7
Mon Jul  8 13:28:44 2024,6
Mon Jul  8 13:31:16 2024,7
Mon Jul  8 13:33:42 2024,7
Mon Jul  8 13:35:58 2024,6
Mon Jul  8 13:36:59 2024,6
Mon Jul  8 13:38:25 2024,5
Mon Jul  8 13:40:01 2024,5
Mon Jul  8 13:42:23 2024,7
Mon Jul  8 13:45:05 2024,7
Mon Jul  8 13:47:31 2024,7
Mon Jul  8 13:49:53 2024,9
Mon Jul  8 13:51:24 2024,7
Mon Jul  8 13:53:01 2024,7
Mon Jul  8 13:55:16 2024,7
Mon Jul  8 13:57:00 2024,7
Mon Jul  8 13:59:26 2024,7
Mon Jul  8 14:01:20 2024,7
Mon Jul  8 14:02:55 2024,-
Mon Jul  8 14:03:41 2024,7
Mon Jul  8 14:05:08 2024,7
Mon Jul  8 14:07:22 2024,7
Mon Jul  8 14:08:29 2024,7
Mon Jul  8 14:10:15 2024,9
Mon Jul  8 14:12:07 2024,8
Mon Jul  8 14:15:12 2024,8
Mon Jul  8 14:16:59 2024,9
Mon Jul  8 14:18:10 2024,9
Mon Jul  8 14:30:19 2024,-
Mon Jul  8 14:33:21 2024,-
Mon Jul  8 22:02:49 2024,-
Mon Jul  8 23:02:19 2024,1
Tue Jul  9 09:52:54 2024,0
Tue Jul  9 09:53:06 2024,0
Tue Jul  9 09:54:07 2024,0
Tue Jul  9 09:55:07 2024,0
Tue Jul  9 09:56:07 2024,2
Tue Jul  9 09:57:07 2024,2
Tue Jul  9 09:58:07 2024,2
Tue Jul  9 09:59:07 2024,2
Tue Jul  9 10:00:07 2024,-
Tue Jul  9 10:01:07 2024,2
Tue Jul  9 10:02:07 2024,2
Tue Jul  9 10:03:06 2024,2
Tue Jul  9 10:04:07 2024,2
Tue Jul  9 10:05:07 2024,2
Tue Jul  9 10:06:06 2024,2
Tue Jul  9 10:07:07 2024,2
Tue Jul  9 10:08:07 2024,0
Tue Jul  9 10:09:11 2024,0
Tue Jul  9 10:10:07 2024,0
Tue Jul  9 10:11:07 2024,1
Tue Jul  9 10:12:07 2024,1
Tue Jul  9 10:13:07 2024,1
Tue Jul  9 10:14:06 2024,1
Tue Jul  9 10:15:06 2024,2
Tue Jul  9 10:16:07 2024,1
Tue Jul  9 10:17:07 2024,1
Tue Jul  9 10:18:07 2024,1
Tue Jul  9 10:19:07 2024,1
Tue Jul  9 10:20:06 2024,1
Tue Jul  9 10:21:06 2024,1
Tue Jul  9 10:22:07 2024,1
Tue Jul  9 10:23:07 2024,1
Tue Jul  9 10:24:07 2024,1
Tue Jul  9 10:25:07 2024,1
Tue Jul  9 10:26:07 2024,1
Tue Jul  9 10:27:06 2024,1
Tue Jul  9 10:28:06 2024,1
Tue Jul  9 10:29:08 2024,1
Tue Jul  9 10:30:06 2024,1
Tue Jul  9 10:31:07 2024,1
Tue Jul  9 10:32:06 2024,1
Tue Jul  9 10:33:06 2024,1
Tue Jul  9 10:34:07 2024,1
Tue Jul  9 10:35:06 2024,1
Tue Jul  9 10:36:07 2024,1
Tue Jul  9 10:37:07 2024,1
Tue Jul  9 10:38:07 2024,1
Tue Jul  9 10:39:07 2024,1
Tue Jul  9 10:40:06 2024,1
Tue Jul  9 10:41:07 2024,1
Tue Jul  9 10:42:06 2024,1
Tue Jul  9 10:43:07 2024,1
Tue Jul  9 10:44:07 2024,1
Tue Jul  9 10:45:06 2024,1
Tue Jul  9 10:46:07 2024,1
Tue Jul  9 10:47:08 2024,1
Tue Jul  9 10:48:06 2024,1
Tue Jul  9 10:49:06 2024,1
Tue Jul  9 10:50:09 2024,1
Tue Jul  9 11:00:59 2024,2
Tue Jul  9 11:01:06 2024,2
Tue Jul  9 11:02:11 2024,2
Tue Jul  9 11:03:07 2024,2
Tue Jul  9 11:04:08 2024,2
Tue Jul  9 11:05:06 2024,2
Tue Jul  9 11:06:07 2024,2
Tue Jul  9 11:07:09 2024,2
Tue Jul  9 11:08:07 2024,2
Tue Jul  9 11:09:07 2024,2
Tue Jul  9 11:10:07 2024,2
Tue Jul  9 11:11:07 2024,2
Tue Jul  9 11:12:07 2024,2
Tue Jul  9 11:13:07 2024,2
Tue Jul  9 11:14:07 2024,2
Tue Jul  9 11:15:06 2024,2
Tue Jul  9 11:16:07 2024,2
Tue Jul  9 11:17:07 2024,2
Tue Jul  9 11:18:07 2024,2
Tue Jul  9 11:19:07 2024,2
Tue Jul  9 11:20:07 2024,2
Tue Jul  9 11:21:06 2024,2
Tue Jul  9 11:22:07 2024,1
Tue Jul  9 11:23:07 2024,1
Tue Jul  9 11:24:07 2024,2
Tue Jul  9 11:25:07 2024,2
Tue Jul  9 11:26:06 2024,2
Tue Jul  9 11:27:07 2024,2
Tue Jul  9 11:28:06 2024,2
Tue Jul  9 11:29:09 2024,2
Tue Jul  9 11:30:07 2024,1
Tue Jul  9 11:31:07 2024,1
Tue Jul  9 11:32:07 2024,1
Tue Jul  9 11:33:09 2024,1
Tue Jul  9 11:34:06 2024,1
Tue Jul  9 11:35:06 2024,1
Tue Jul  9 11:36:07 2024,1
Tue Jul  9 11:37:07 2024,1
Tue Jul  9 11:38:06 2024,1
Tue Jul  9 11:39:07 2024,2
Tue Jul  9 11:40:07 2024,1
Tue Jul  9 11:41:08 2024,1
Tue Jul  9 11:42:07 2024,1
Tue Jul  9 11:43:06 2024,0
Tue Jul  9 11:44:07 2024,0
Tue Jul  9 11:45:09 2024,0
Tue Jul  9 11:46:07 2024,0
Tue Jul  9 11:47:09 2024,0
Tue Jul  9 12:05:54 2024,0
Tue Jul  9 14:06:07 2024,3
Tue Jul  9 14:07:07 2024,3
Tue Jul  9 14:08:07 2024,3
Tue Jul  9 14:09:06 2024,3
Tue Jul  9 14:10:07 2024,2
Tue Jul  9 14:11:07 2024,2
Tue Jul  9 14:12:06 2024,3
Tue Jul  9 14:13:06 2024,4
Tue Jul  9 14:14:06 2024,5
Tue Jul  9 14:15:06 2024,4
Tue Jul  9 14:16:07 2024,4
Tue Jul  9 14:17:07 2024,3
Tue Jul  9 14:18:06 2024,3
Tue Jul  9 14:19:06 2024,3
Tue Jul  9 14:20:06 2024,3
Tue Jul  9 14:21:07 2024,3
Tue Jul  9 14:22:08 2024,4
Tue Jul  9 14:23:09 2024,4
Tue Jul  9 14:24:07 2024,2
Tue Jul  9 14:25:07 2024,2
Tue Jul  9 14:26:07 2024,2
Tue Jul  9 14:27:07 2024,2
Tue Jul  9 14:28:07 2024,3
Tue Jul  9 15:02:56 2024,2
Tue Jul  9 15:03:07 2024,2
Tue Jul  9 15:04:07 2024,2
Tue Jul  9 15:05:07 2024,2
Tue Jul  9 15:06:07 2024,2
Tue Jul  9 15:07:06 2024,2
Tue Jul  9 15:08:06 2024,2
Tue Jul  9 15:09:06 2024,2
Tue Jul  9 15:10:07 2024,2
Tue Jul  9 15:11:06 2024,2
Tue Jul  9 15:12:06 2024,2
Tue Jul  9 15:13:07 2024,2
Tue Jul  9 15:14:07 2024,2
Tue Jul  9 15:15:06 2024,2
Tue Jul  9 15:16:07 2024,2
Tue Jul  9 15:17:07 2024,2
Tue Jul  9 15:18:07 2024,2
Tue Jul  9 15:19:06 2024,2
Tue Jul  9 15:20:07 2024,2
Tue Jul  9 15:21:07 2024,2
Tue Jul  9 15:22:07 2024,2
Tue Jul  9 15:23:07 2024,2
Tue Jul  9 15:24:06 2024,2
Tue Jul  9 15:25:07 2024,2
Tue Jul  9 15:26:06 2024,2
Tue Jul  9 15:27:09 2024,2
Tue Jul  9 15:28:06 2024,2
Tue Jul  9 15:29:06 2024,2
Tue Jul  9 15:30:10 2024,2
Tue Jul  9 15:31:07 2024,2
Tue Jul  9 15:32:07 2024,2
Tue Jul  9 15:33:07 2024,2
Tue Jul  9 15:34:07 2024,2
Tue Jul  9 15:35:07 2024,2
Tue Jul  9 15:36:08 2024,2
Tue Jul  9 15:37:06 2024,2
Tue Jul  9 15:38:06 2024,2
Tue Jul  9 15:39:07 2024,2
Tue Jul  9 15:40:07 2024,2
Tue Jul  9 15:41:07 2024,2
Tue Jul  9 15:42:07 2024,2
Tue Jul  9 15:43:07 2024,2
Tue Jul  9 15:44:07 2024,2
Tue Jul  9 15:45:07 2024,2
Tue Jul  9 15:46:07 2024,2
Tue Jul  9 15:47:07 2024,2
Tue Jul  9 15:48:06 2024,2
Tue Jul  9 15:49:08 2024,2
Tue Jul  9 15:50:08 2024,-
Tue Jul  9 15:51:07 2024,2
Tue Jul  9 15:52:07 2024,2
Tue Jul  9 15:53:07 2024,2
Tue Jul  9 15:54:07 2024,2
Tue Jul  9 15:55:07 2024,2
Tue Jul  9 15:56:06 2024,2
Tue Jul  9 15:57:06 2024,2
Tue Jul  9 15:58:07 2024,2
Tue Jul  9 15:59:07 2024,2
Tue Jul  9 16:00:07 2024,-
Tue Jul  9 16:01:07 2024,2
Tue Jul  9 16:02:06 2024,2
Tue Jul  9 16:03:07 2024,2
Tue Jul  9 16:04:08 2024,2
Tue Jul  9 16:05:09 2024,2
Tue Jul  9 16:06:07 2024,2
Tue Jul  9 16:07:06 2024,3
Tue Jul  9 16:08:07 2024,3
Tue Jul  9 16:09:07 2024,3
Tue Jul  9 16:10:07 2024,3
Tue Jul  9 16:11:06 2024,3
Tue Jul  9 16:12:06 2024,3
Tue Jul  9 16:13:07 2024,3
Tue Jul  9 16:14:07 2024,3
Tue Jul  9 16:15:07 2024,3
Tue Jul  9 16:16:06 2024,3
Tue Jul  9 16:17:07 2024,3
Tue Jul  9 16:18:07 2024,3
Tue Jul  9 16:19:07 2024,3
Tue Jul  9 16:20:07 2024,2
Tue Jul  9 16:21:07 2024,2
Tue Jul  9 16:22:07 2024,2
Tue Jul  9 16:23:06 2024,2
Tue Jul  9 16:24:07 2024,2
Tue Jul  9 16:25:09 2024,2
Tue Jul  9 16:26:07 2024,2
Tue Jul  9 16:27:07 2024,2
Tue Jul  9 16:28:07 2024,2
Tue Jul  9 16:29:07 2024,2
Tue Jul  9 16:30:08 2024,2
Tue Jul  9 16:31:09 2024,2
Tue Jul  9 16:32:07 2024,2
Tue Jul  9 16:33:07 2024,2
Tue Jul  9 16:34:07 2024,2
Tue Jul  9 16:35:07 2024,2
Tue Jul  9 16:36:07 2024,2
Tue Jul  9 16:37:07 2024,2
Tue Jul  9 16:38:07 2024,2
Tue Jul  9 16:39:06 2024,2
Tue Jul  9 16:40:08 2024,1
Tue Jul  9 16:41:06 2024,1
Tue Jul  9 16:42:06 2024,1
Tue Jul  9 16:43:07 2024,1
Tue Jul  9 16:44:07 2024,1
Tue Jul  9 16:45:06 2024,1
Tue Jul  9 16:46:06 2024,1
Tue Jul  9 16:47:07 2024,1
Tue Jul  9 16:48:06 2024,1
Tue Jul  9 16:49:07 2024,1
Tue Jul  9 16:50:07 2024,1
Tue Jul  9 16:51:07 2024,1
Tue Jul  9 16:52:07 2024,0
Tue Jul  9 16:53:07 2024,0
Tue Jul  9 16:54:09 2024,0
Tue Jul  9 16:55:07 2024,0
Tue Jul  9 16:56:07 2024,0
Tue Jul  9 16:57:08 2024,0
Tue Jul  9 16:58:08 2024,0
Tue Jul  9 16:59:07 2024,0
Tue Jul  9 17:00:07 2024,-
Tue Jul  9 17:01:07 2024,0
Tue Jul  9 17:02:07 2024,0
Tue Jul  9 17:03:07 2024,0
Tue Jul  9 17:04:07 2024,0
Tue Jul  9 17:05:06 2024,0
Tue Jul  9 17:06:07 2024,0
Tue Jul  9 17:07:07 2024,0
Tue Jul  9 17:08:06 2024,0
Tue Jul  9 17:09:06 2024,0
Tue Jul  9 17:10:06 2024,0
Tue Jul  9 17:11:06 2024,0
Tue Jul  9 17:12:07 2024,0
Tue Jul  9 17:13:07 2024,0
Tue Jul  9 17:14:07 2024,0
Tue Jul  9 20:06:57 2024,-
Tue Jul  9 20:33:55 2024,0
Tue Jul  9 21:18:18 2024,0
Tue Jul  9 22:36:06 2024,0
Tue Jul  9 23:50:20 2024,0
Tue Jul  9 23:51:35 2024,0
Tue Jul  9 23:52:06 2024,0
Tue Jul  9 23:53:08 2024,0
Tue Jul  9 23:54:08 2024,0
Tue Jul  9 23:55:08 2024,0
Tue Jul  9 23:56:08 2024,0
Tue Jul  9 23:57:12 2024,0
Tue Jul  9 23:58:08 2024,0
Tue Jul  9 23:59:08 2024,0
Wed Jul 10 00:00:08 2024,-
Wed Jul 10 00:01:08 2024,0
Wed Jul 10 00:02:08 2024,0
Wed Jul 10 00:03:08 2024,0
Wed Jul 10 00:04:08 2024,0
Wed Jul 10 00:05:08 2024,0
Wed Jul 10 00:06:08 2024,0
Wed Jul 10 00:07:09 2024,0
Wed Jul 10 00:08:09 2024,0
Wed Jul 10 00:09:09 2024,0
Wed Jul 10 00:10:25 2024,0
Wed Jul 10 00:11:08 2024,0
Wed Jul 10 00:12:06 2024,0
Wed Jul 10 09:03:08 2024,7
Wed Jul 10 09:04:08 2024,7
Wed Jul 10 09:05:08 2024,7
Wed Jul 10 09:06:08 2024,7
Wed Jul 10 09:07:08 2024,7
Wed Jul 10 09:08:10 2024,7
Wed Jul 10 09:09:09 2024,7
Wed Jul 10 09:10:07 2024,7
Wed Jul 10 09:11:09 2024,6
Wed Jul 10 09:12:08 2024,6
Wed Jul 10 09:13:08 2024,5
Wed Jul 10 09:14:06 2024,6
Wed Jul 10 09:15:08 2024,5
Wed Jul 10 09:16:08 2024,8
Wed Jul 10 09:17:08 2024,8
Wed Jul 10 09:18:08 2024,8
Wed Jul 10 09:19:08 2024,8
Wed Jul 10 09:20:08 2024,7
Wed Jul 10 09:21:06 2024,7
Wed Jul 10 09:22:08 2024,7
Wed Jul 10 09:23:08 2024,8
Wed Jul 10 09:24:08 2024,8
Wed Jul 10 09:25:09 2024,8
Wed Jul 10 09:29:21 2024,8
Wed Jul 10 09:30:08 2024,7
Wed Jul 10 09:31:08 2024,7
Wed Jul 10 09:32:09 2024,7
Wed Jul 10 09:33:09 2024,6
Wed Jul 10 09:34:08 2024,6
Wed Jul 10 09:35:09 2024,6
Wed Jul 10 09:36:08 2024,9
Wed Jul 10 09:37:08 2024,9
Wed Jul 10 09:38:08 2024,9
Wed Jul 10 09:39:08 2024,7
Wed Jul 10 09:40:28 2024,7
Wed Jul 10 09:41:07 2024,7
Wed Jul 10 09:42:07 2024,7
Wed Jul 10 09:43:06 2024,7
Wed Jul 10 09:44:07 2024,7
Wed Jul 10 09:45:07 2024,7
Wed Jul 10 09:46:07 2024,7
Wed Jul 10 09:47:06 2024,7
Wed Jul 10 09:48:07 2024,7
Wed Jul 10 09:49:06 2024,7
Wed Jul 10 09:50:06 2024,7
Wed Jul 10 09:51:07 2024,7
Wed Jul 10 09:52:07 2024,7
Wed Jul 10 09:53:07 2024,7
Wed Jul 10 09:54:06 2024,7
Wed Jul 10 09:55:06 2024,7
Wed Jul 10 09:56:07 2024,7
Wed Jul 10 09:57:06 2024,7
Wed Jul 10 09:58:07 2024,7
Wed Jul 10 09:59:06 2024,7
Wed Jul 10 10:00:08 2024,-
Wed Jul 10 10:01:06 2024,7
Wed Jul 10 10:02:07 2024,6
Wed Jul 10 10:03:07 2024,6
Wed Jul 10 10:04:07 2024,6
Wed Jul 10 10:05:06 2024,6
Wed Jul 10 10:06:06 2024,6
Wed Jul 10 10:07:07 2024,6
Wed Jul 10 10:08:07 2024,6
Wed Jul 10 10:09:07 2024,6
Wed Jul 10 10:10:07 2024,5
Wed Jul 10 10:11:07 2024,8
Wed Jul 10 10:12:07 2024,8
Wed Jul 10 10:13:07 2024,8
Wed Jul 10 10:14:07 2024,8
Wed Jul 10 10:15:07 2024,6
Wed Jul 10 10:16:06 2024,6
Wed Jul 10 10:17:07 2024,6
Wed Jul 10 10:18:08 2024,8
Wed Jul 10 10:19:07 2024,8
Wed Jul 10 10:20:07 2024,8
Wed Jul 10 10:21:07 2024,8
Wed Jul 10 10:22:07 2024,8
Wed Jul 10 10:23:08 2024,8
Wed Jul 10 10:24:07 2024,7
Wed Jul 10 10:25:07 2024,7
Wed Jul 10 10:26:07 2024,7
Wed Jul 10 10:27:07 2024,7
Wed Jul 10 10:28:06 2024,8
Wed Jul 10 10:29:07 2024,8
Wed Jul 10 10:30:07 2024,8
Wed Jul 10 10:31:07 2024,7
Wed Jul 10 10:32:07 2024,7
Wed Jul 10 10:33:07 2024,7
Wed Jul 10 10:34:07 2024,7
Wed Jul 10 10:35:07 2024,7
Wed Jul 10 10:36:07 2024,7
Wed Jul 10 10:37:06 2024,7
Wed Jul 10 10:38:07 2024,7
Wed Jul 10 10:39:07 2024,7
Wed Jul 10 10:40:07 2024,7
Wed Jul 10 10:41:07 2024,7
Wed Jul 10 10:42:07 2024,7
Wed Jul 10 10:43:07 2024,8
Wed Jul 10 10:44:07 2024,7
Wed Jul 10 10:45:07 2024,7
Wed Jul 10 10:46:07 2024,7
Wed Jul 10 10:47:07 2024,6
Wed Jul 10 10:48:07 2024,6
Wed Jul 10 10:49:07 2024,6
Wed Jul 10 10:50:07 2024,6
Wed Jul 10 10:51:07 2024,6
Wed Jul 10 10:52:07 2024,6
Wed Jul 10 10:53:06 2024,6
Wed Jul 10 10:54:08 2024,6
Wed Jul 10 10:55:08 2024,6
Wed Jul 10 10:56:07 2024,6
Wed Jul 10 10:57:15 2024,6
Wed Jul 10 10:58:07 2024,6
Wed Jul 10 10:59:06 2024,6
Wed Jul 10 11:00:07 2024,-
Wed Jul 10 11:01:07 2024,6
Wed Jul 10 11:02:07 2024,6
Wed Jul 10 11:03:07 2024,6
Wed Jul 10 11:04:07 2024,6
Wed Jul 10 11:05:08 2024,6
Wed Jul 10 11:06:07 2024,7
Wed Jul 10 11:07:06 2024,5
Wed Jul 10 11:08:06 2024,5
Wed Jul 10 11:09:07 2024,5
Wed Jul 10 11:10:06 2024,5
Wed Jul 10 11:11:07 2024,4
Wed Jul 10 11:12:07 2024,3
Wed Jul 10 11:13:06 2024,4
Wed Jul 10 11:14:07 2024,1
Wed Jul 10 11:15:06 2024,2
Wed Jul 10 11:16:06 2024,1
Wed Jul 10 11:17:07 2024,2
Wed Jul 10 11:18:07 2024,2
Wed Jul 10 11:19:07 2024,2
Wed Jul 10 11:20:06 2024,2
Wed Jul 10 11:21:06 2024,2
Wed Jul 10 11:22:07 2024,2
Wed Jul 10 11:23:06 2024,1
Wed Jul 10 11:24:07 2024,1
Wed Jul 10 11:25:07 2024,2
Wed Jul 10 11:26:07 2024,1
Wed Jul 10 11:27:07 2024,1
Wed Jul 10 11:28:06 2024,1
Wed Jul 10 11:29:06 2024,1
Wed Jul 10 11:30:06 2024,1
Wed Jul 10 11:31:06 2024,1
Wed Jul 10 11:32:06 2024,1
Wed Jul 10 11:33:08 2024,1
Wed Jul 10 11:34:07 2024,1
Wed Jul 10 11:35:06 2024,1
Wed Jul 10 11:36:08 2024,0
Wed Jul 10 11:37:07 2024,0
Wed Jul 10 11:38:07 2024,0
Wed Jul 10 11:39:08 2024,0
Wed Jul 10 11:40:08 2024,1
Wed Jul 10 11:41:07 2024,1
Wed Jul 10 11:42:07 2024,0
Wed Jul 10 11:43:06 2024,0
Wed Jul 10 11:44:13 2024,0
Wed Jul 10 11:45:07 2024,0
Wed Jul 10 11:46:06 2024,0
Wed Jul 10 11:47:06 2024,0
Wed Jul 10 11:48:07 2024,0
Wed Jul 10 11:50:08 2024,0
Wed Jul 10 11:51:07 2024,0
Wed Jul 10 11:52:08 2024,0
Wed Jul 10 11:53:06 2024,0
Wed Jul 10 11:54:08 2024,0
Wed Jul 10 11:55:09 2024,0
Wed Jul 10 11:56:08 2024,0
Wed Jul 10 11:57:06 2024,0
Wed Jul 10 11:58:09 2024,0
Wed Jul 10 11:59:08 2024,0
Wed Jul 10 12:00:06 2024,-
Wed Jul 10 12:01:08 2024,0
Wed Jul 10 12:02:08 2024,0
Wed Jul 10 12:03:09 2024,1
Wed Jul 10 12:04:08 2024,1
Wed Jul 10 12:05:08 2024,1
Wed Jul 10 12:06:08 2024,1
Wed Jul 10 12:07:08 2024,1
Wed Jul 10 12:08:08 2024,1
Wed Jul 10 12:09:08 2024,1
Wed Jul 10 12:10:09 2024,1
Wed Jul 10 12:11:08 2024,1
Wed Jul 10 12:12:08 2024,1
Wed Jul 10 12:13:10 2024,1
Wed Jul 10 13:11:09 2024,1
Wed Jul 10 13:12:08 2024,1
Wed Jul 10 13:13:08 2024,1
Wed Jul 10 13:14:08 2024,1
Wed Jul 10 13:15:47 2024,1
Wed Jul 10 13:16:11 2024,1
Wed Jul 10 13:17:09 2024,1
Wed Jul 10 13:18:09 2024,1
Wed Jul 10 13:19:06 2024,1
Wed Jul 10 13:20:06 2024,2
Wed Jul 10 13:21:09 2024,4
Wed Jul 10 13:22:09 2024,3
Wed Jul 10 13:23:10 2024,2
Wed Jul 10 13:24:09 2024,2
Wed Jul 10 13:25:08 2024,2
Wed Jul 10 13:26:13 2024,3
Wed Jul 10 13:27:10 2024,4
Wed Jul 10 13:28:14 2024,3
Wed Jul 10 13:29:08 2024,2
Wed Jul 10 13:30:09 2024,3
Wed Jul 10 13:31:09 2024,3
Wed Jul 10 13:32:08 2024,2
Wed Jul 10 13:33:08 2024,1
Wed Jul 10 13:34:08 2024,1
Wed Jul 10 13:35:09 2024,1
Wed Jul 10 13:36:11 2024,1
Wed Jul 10 13:37:09 2024,2
Wed Jul 10 13:38:10 2024,2
Wed Jul 10 13:39:06 2024,2
Wed Jul 10 13:40:08 2024,2
Wed Jul 10 13:41:06 2024,2
Wed Jul 10 13:42:10 2024,2
Wed Jul 10 13:43:09 2024,1
Wed Jul 10 13:44:06 2024,1
Wed Jul 10 13:45:10 2024,1
Wed Jul 10 13:46:09 2024,1
Wed Jul 10 13:47:09 2024,1
Wed Jul 10 13:48:10 2024,1
Wed Jul 10 13:49:09 2024,2
Wed Jul 10 13:50:09 2024,2
Wed Jul 10 13:51:12 2024,2
Wed Jul 10 13:52:09 2024,2
Wed Jul 10 13:53:06 2024,2
Wed Jul 10 13:54:09 2024,2
Wed Jul 10 13:55:10 2024,2
Wed Jul 10 13:56:09 2024,2
Wed Jul 10 13:57:09 2024,2
Wed Jul 10 13:58:06 2024,2
Wed Jul 10 13:59:09 2024,2
Wed Jul 10 14:00:06 2024,-
Wed Jul 10 14:01:09 2024,2
Wed Jul 10 14:02:09 2024,2
Wed Jul 10 14:03:09 2024,2
Wed Jul 10 14:04:09 2024,2
Wed Jul 10 14:05:08 2024,2
Wed Jul 10 14:06:09 2024,2
Wed Jul 10 14:07:09 2024,2
Wed Jul 10 14:08:11 2024,2
Wed Jul 10 14:09:09 2024,2
Wed Jul 10 14:10:09 2024,2
Wed Jul 10 14:11:09 2024,1
Wed Jul 10 14:12:10 2024,1
Wed Jul 10 14:13:06 2024,1
Wed Jul 10 14:14:09 2024,0
Wed Jul 10 14:15:10 2024,0
Wed Jul 10 14:16:09 2024,0
Wed Jul 10 14:17:06 2024,0
Wed Jul 10 14:18:09 2024,0
Wed Jul 10 14:19:06 2024,0
Wed Jul 10 14:20:09 2024,0
Wed Jul 10 14:21:09 2024,0
Wed Jul 10 14:22:06 2024,0
Wed Jul 10 14:23:06 2024,0
Wed Jul 10 14:24:17 2024,0
Wed Jul 10 14:25:06 2024,0
Wed Jul 10 14:26:06 2024,0
Wed Jul 10 14:27:10 2024,0
Wed Jul 10 14:28:06 2024,0
Wed Jul 10 14:29:06 2024,0
Wed Jul 10 14:30:10 2024,0
Wed Jul 10 14:31:10 2024,0
Wed Jul 10 14:32:10 2024,0
Wed Jul 10 14:33:09 2024,0
Wed Jul 10 14:34:08 2024,0
Wed Jul 10 14:35:09 2024,0
Wed Jul 10 14:36:09 2024,0
Wed Jul 10 14:37:09 2024,0
Wed Jul 10 14:38:10 2024,0
Wed Jul 10 14:39:08 2024,0
Wed Jul 10 14:40:09 2024,0
Wed Jul 10 14:41:10 2024,0
Wed Jul 10 14:42:06 2024,0
Wed Jul 10 14:43:06 2024,0
Wed Jul 10 14:44:06 2024,0
Wed Jul 10 14:45:09 2024,1
Wed Jul 10 14:46:08 2024,1
Wed Jul 10 14:47:09 2024,1
Wed Jul 10 14:48:08 2024,1
Wed Jul 10 14:49:09 2024,1
Wed Jul 10 14:50:10 2024,1
Wed Jul 10 14:51:07 2024,1
Wed Jul 10 14:52:09 2024,1
Wed Jul 10 14:53:09 2024,1
Wed Jul 10 14:54:09 2024,1
Wed Jul 10 14:55:08 2024,1
Wed Jul 10 14:56:08 2024,1
Wed Jul 10 14:57:09 2024,1
Wed Jul 10 14:58:09 2024,1
Wed Jul 10 14:59:09 2024,1
Wed Jul 10 15:00:06 2024,-
Wed Jul 10 15:01:09 2024,1
Wed Jul 10 15:02:06 2024,1
Wed Jul 10 15:03:09 2024,0
Wed Jul 10 15:04:10 2024,0
Wed Jul 10 15:05:10 2024,0
Wed Jul 10 15:06:09 2024,0
Wed Jul 10 15:07:09 2024,0
Wed Jul 10 15:08:09 2024,0
Wed Jul 10 15:09:08 2024,0
Wed Jul 10 15:10:10 2024,0
Wed Jul 10 15:11:06 2024,0
Wed Jul 10 15:12:06 2024,0
Wed Jul 10 15:13:10 2024,0
Wed Jul 10 15:14:10 2024,0
Wed Jul 10 15:15:08 2024,0
Wed Jul 10 15:16:08 2024,0
Wed Jul 10 15:17:11 2024,0
Wed Jul 10 15:18:08 2024,0
Wed Jul 10 15:19:09 2024,0
Wed Jul 10 15:20:12 2024,0
Wed Jul 10 15:21:08 2024,0
Wed Jul 10 15:22:10 2024,0
Wed Jul 10 15:23:11 2024,1
Wed Jul 10 15:24:07 2024,0
Wed Jul 10 15:25:07 2024,1
Wed Jul 10 15:26:10 2024,0
Wed Jul 10 15:27:09 2024,0
Wed Jul 10 15:28:10 2024,0
Wed Jul 10 15:29:09 2024,1
Wed Jul 10 15:30:11 2024,0
Wed Jul 10 15:31:13 2024,0
Wed Jul 10 15:32:11 2024,1
Wed Jul 10 15:33:09 2024,1
Wed Jul 10 15:34:10 2024,0
Wed Jul 10 15:35:11 2024,1
Wed Jul 10 15:36:11 2024,1
Wed Jul 10 15:37:10 2024,1
Wed Jul 10 15:38:10 2024,1
Wed Jul 10 15:39:06 2024,1
Wed Jul 10 15:40:10 2024,1
Wed Jul 10 15:41:06 2024,1
Wed Jul 10 15:42:08 2024,1
Wed Jul 10 15:43:11 2024,1
Wed Jul 10 15:44:10 2024,1
Wed Jul 10 15:45:08 2024,1
Wed Jul 10 15:46:11 2024,1
Wed Jul 10 15:47:11 2024,1
Wed Jul 10 15:48:12 2024,1
Wed Jul 10 15:49:08 2024,1
Wed Jul 10 15:50:12 2024,0
Wed Jul 10 15:51:12 2024,0
Wed Jul 10 15:52:11 2024,0
Wed Jul 10 15:53:09 2024,0
Wed Jul 10 15:54:11 2024,0
Wed Jul 10 15:55:10 2024,0
Wed Jul 10 15:56:08 2024,0
Wed Jul 10 15:57:09 2024,0
Wed Jul 10 15:58:08 2024,1
Wed Jul 10 15:59:11 2024,1
Wed Jul 10 16:00:11 2024,1
Wed Jul 10 16:01:12 2024,1
Wed Jul 10 16:02:10 2024,1
Wed Jul 10 16:03:11 2024,1
Wed Jul 10 16:04:11 2024,1
Wed Jul 10 16:05:11 2024,1
Wed Jul 10 16:06:12 2024,1
Wed Jul 10 16:07:10 2024,3
Wed Jul 10 16:08:10 2024,3
Wed Jul 10 16:09:10 2024,3
Wed Jul 10 16:10:06 2024,3
Wed Jul 10 16:11:08 2024,3
Wed Jul 10 16:12:06 2024,3
Wed Jul 10 16:13:08 2024,3
Wed Jul 10 16:21:52 2024,3
Wed Jul 10 16:22:13 2024,3
Wed Jul 10 16:23:09 2024,3
Wed Jul 10 16:24:06 2024,3
Wed Jul 10 16:25:09 2024,3
Wed Jul 10 16:26:09 2024,3
Wed Jul 10 16:27:09 2024,3
Wed Jul 10 16:28:08 2024,3
Wed Jul 10 16:29:07 2024,3
Wed Jul 10 16:30:06 2024,3
Wed Jul 10 16:31:06 2024,3
Wed Jul 10 16:32:10 2024,4
Wed Jul 10 16:33:09 2024,4
Wed Jul 10 16:34:10 2024,3
Wed Jul 10 16:35:09 2024,3
Wed Jul 10 16:36:10 2024,3
Wed Jul 10 16:37:06 2024,3
Wed Jul 10 16:38:11 2024,3
Wed Jul 10 16:39:08 2024,3
Wed Jul 10 16:40:09 2024,3
Wed Jul 10 16:41:08 2024,3
Wed Jul 10 16:42:09 2024,3
Wed Jul 10 16:43:08 2024,3
Wed Jul 10 18:25:01 2024,1
Wed Jul 10 19:39:49 2024,1
Wed Jul 10 20:11:50 2024,1
Wed Jul 10 21:15:47 2024,1
Wed Jul 10 21:32:37 2024,1
Wed Jul 10 22:13:11 2024,1
Wed Jul 10 23:00:52 2024,1
Wed Jul 10 23:35:39 2024,1
Wed Jul 10 23:54:41 2024,1
Wed Jul 10 23:55:10 2024,1
Wed Jul 10 23:56:13 2024,1
Wed Jul 10 23:57:12 2024,1
Wed Jul 10 23:58:06 2024,1
Wed Jul 10 23:59:10 2024,1
Thu Jul 11 00:00:10 2024,-
Thu Jul 11 00:01:10 2024,1
Thu Jul 11 00:02:09 2024,1
Thu Jul 11 00:03:09 2024,1
Thu Jul 11 00:04:09 2024,1
Thu Jul 11 00:05:11 2024,1
Thu Jul 11 00:06:08 2024,1
Thu Jul 11 00:07:08 2024,1
Thu Jul 11 01:22:34 2024,1
Thu Jul 11 02:12:01 2024,1
Thu Jul 11 03:56:44 2024,1
Thu Jul 11 04:28:24 2024,1
Thu Jul 11 05:20:20 2024,0
Thu Jul 11 06:28:29 2024,0
Thu Jul 11 07:38:21 2024,0
Thu Jul 11 08:30:53 2024,0
Thu Jul 11 09:32:06 2024,1
Thu Jul 11 09:41:41 2024,1
Thu Jul 11 09:42:06 2024,1
Thu Jul 11 09:43:13 2024,1
Thu Jul 11 09:44:06 2024,1
Thu Jul 11 09:45:07 2024,1
Thu Jul 11 09:46:07 2024,1
Thu Jul 11 09:47:08 2024,1
Thu Jul 11 09:48:06 2024,1
Thu Jul 11 09:49:07 2024,1
Thu Jul 11 09:50:07 2024,1
Thu Jul 11 09:51:07 2024,1
Thu Jul 11 09:52:07 2024,1
Thu Jul 11 09:53:07 2024,1
Thu Jul 11 09:54:07 2024,1
Thu Jul 11 09:55:07 2024,1
Thu Jul 11 09:56:06 2024,1
Thu Jul 11 09:57:07 2024,1
Thu Jul 11 09:58:07 2024,1
Thu Jul 11 09:59:07 2024,1
Thu Jul 11 10:00:07 2024,-
Thu Jul 11 10:01:06 2024,1
Thu Jul 11 10:02:06 2024,1
Thu Jul 11 10:03:07 2024,1
Thu Jul 11 10:04:07 2024,1
Thu Jul 11 10:05:08 2024,1
Thu Jul 11 10:06:06 2024,1
Thu Jul 11 10:07:07 2024,1
Thu Jul 11 10:08:07 2024,1
Thu Jul 11 10:09:06 2024,1
Thu Jul 11 10:10:07 2024,1
Thu Jul 11 10:11:08 2024,1
Thu Jul 11 10:12:06 2024,0
Thu Jul 11 10:13:07 2024,1
Thu Jul 11 10:14:07 2024,1
Thu Jul 11 10:15:07 2024,1
Thu Jul 11 10:16:07 2024,2
Thu Jul 11 10:17:06 2024,2
Thu Jul 11 10:18:07 2024,2
Thu Jul 11 10:19:07 2024,2
Thu Jul 11 10:20:07 2024,2
Thu Jul 11 10:21:09 2024,2
Thu Jul 11 10:22:07 2024,2
Thu Jul 11 10:23:07 2024,2
Thu Jul 11 10:24:06 2024,2
Thu Jul 11 10:25:07 2024,2
Thu Jul 11 10:26:07 2024,2
Thu Jul 11 10:27:06 2024,2
Thu Jul 11 10:28:07 2024,2
Thu Jul 11 10:29:07 2024,2
Thu Jul 11 10:30:06 2024,2
Thu Jul 11 10:31:07 2024,2
Thu Jul 11 10:32:07 2024,2
Thu Jul 11 10:33:06 2024,2
Thu Jul 11 10:34:06 2024,2
Thu Jul 11 10:43:01 2024,2
Thu Jul 11 10:44:07 2024,2
Thu Jul 11 10:45:07 2024,2
Thu Jul 11 10:46:07 2024,2
Thu Jul 11 10:47:07 2024,2
Thu Jul 11 10:48:07 2024,2
Thu Jul 11 10:49:07 2024,2
Thu Jul 11 10:50:07 2024,2
Thu Jul 11 10:51:06 2024,2
Thu Jul 11 10:52:07 2024,1
Thu Jul 11 10:53:07 2024,2
Thu Jul 11 10:54:06 2024,3
Thu Jul 11 10:55:09 2024,2
Thu Jul 11 10:56:06 2024,2
Thu Jul 11 10:57:07 2024,3
Thu Jul 11 10:58:07 2024,3
Thu Sep 12 11:17:19 2024,100
Thu Sep 12 11:18:09 2024,100
Thu Sep 12 11:19:09 2024,101
Thu Sep 12 11:20:08 2024,101
Thu Sep 12 11:21:08 2024,104
Thu Sep 12 11:22:08 2024,95
Thu Sep 12 11:23:11 2024,84
Thu Sep 12 11:24:09 2024,81
Thu Sep 12 11:25:09 2024,82
Thu Sep 12 11:26:09 2024,82
Thu Sep 12 11:27:09 2024,73
Thu Sep 12 11:28:14 2024,75
Thu Sep 12 11:29:11 2024,75
Thu Sep 12 11:30:22 2024,74
Thu Sep 12 11:31:09 2024,74
Thu Sep 12 11:32:08 2024,76
Thu Sep 12 11:33:09 2024,76
Thu Sep 12 11:34:10 2024,76
Thu Sep 12 11:35:09 2024,76
Thu Sep 12 11:36:09 2024,76
Thu Sep 12 11:37:09 2024,75
Thu Sep 12 11:38:09 2024,77
Thu Sep 12 11:39:08 2024,78
Thu Sep 12 11:40:08 2024,77
Thu Sep 12 11:41:09 2024,75
Thu Sep 12 11:42:09 2024,72
Thu Sep 12 11:43:09 2024,75
Thu Sep 12 11:44:13 2024,79
Thu Sep 12 11:45:09 2024,80
Thu Sep 12 11:46:08 2024,79
Thu Sep 12 11:47:10 2024,80
Thu Sep 12 11:48:09 2024,86
Thu Sep 12 11:49:08 2024,86
Thu Sep 12 11:50:09 2024,91
Thu Sep 12 11:51:09 2024,92
Thu Sep 12 11:52:07 2024,91
Thu Sep 12 11:53:09 2024,93
Thu Sep 12 11:54:08 2024,94
Thu Sep 12 11:55:09 2024,96
Thu Sep 12 11:56:08 2024,97
Thu Sep 12 11:57:08 2024,96
Thu Sep 12 11:58:08 2024,95
Thu Sep 12 11:59:09 2024,100
Thu Sep 12 12:00:10 2024,-
Thu Sep 12 12:01:09 2024,102
Thu Sep 12 12:02:08 2024,104
Thu Sep 12 12:03:08 2024,99
Thu Sep 12 12:04:09 2024,98
Thu Sep 12 12:05:08 2024,96
Thu Sep 12 12:06:09 2024,97
Thu Sep 12 12:07:09 2024,96
Thu Sep 12 12:08:09 2024,96
Thu Sep 12 12:09:09 2024,98
Thu Sep 12 12:10:11 2024,97
Thu Sep 12 12:11:08 2024,98
Thu Sep 12 12:12:09 2024,99
Thu Sep 12 12:13:11 2024,99
Thu Sep 12 12:14:08 2024,101
Thu Sep 12 12:15:07 2024,102
Thu Sep 12 12:16:08 2024,103
Thu Sep 12 12:17:09 2024,103
Thu Sep 12 12:18:30 2024,100
Thu Sep 12 12:47:42 2024,102
Thu Sep 12 12:48:08 2024,105
Thu Sep 12 12:49:07 2024,102
Thu Sep 12 12:50:08 2024,100
Thu Sep 12 12:51:07 2024,100
Thu Sep 12 12:52:08 2024,102
Thu Sep 12 12:53:07 2024,102
Thu Sep 12 12:54:07 2024,99
Thu Sep 12 12:55:09 2024,100
Thu Sep 12 12:56:07 2024,96
Thu Sep 12 12:57:07 2024,96
Thu Sep 12 12:58:07 2024,94
Thu Sep 12 12:59:09 2024,91
Thu Sep 12 13:00:08 2024,-
Thu Sep 12 13:01:10 2024,86
Thu Sep 12 13:02:07 2024,85
Thu Sep 12 13:03:08 2024,81
Thu Sep 12 13:04:07 2024,82
Thu Sep 12 13:05:08 2024,80
Thu Sep 12 13:06:10 2024,80
Thu Sep 12 13:07:08 2024,84
Thu Sep 12 13:08:20 2024,81
Thu Sep 12 13:09:09 2024,81
Thu Sep 12 13:10:09 2024,83
Thu Sep 12 13:11:08 2024,82
Thu Sep 12 13:12:08 2024,82
Thu Sep 12 13:13:08 2024,80
Thu Sep 12 13:14:07 2024,78
Thu Sep 12 13:15:09 2024,76
Thu Sep 12 13:16:07 2024,74
Thu Sep 12 13:17:07 2024,74
Thu Sep 12 13:18:07 2024,75
Thu Sep 12 13:19:09 2024,76
Thu Sep 12 13:20:07 2024,79
Thu Sep 12 13:21:07 2024,84
Thu Sep 12 13:22:07 2024,84
Thu Sep 12 13:23:07 2024,83
Thu Sep 12 13:24:07 2024,83
Thu Sep 12 13:25:09 2024,85
Thu Sep 12 13:26:07 2024,85
Thu Sep 12 13:27:07 2024,85
Thu Sep 12 13:28:08 2024,85
Thu Sep 12 13:29:07 2024,84
Thu Sep 12 13:30:07 2024,82
Thu Sep 12 13:31:09 2024,79
Thu Sep 12 13:32:07 2024,76
Thu Sep 12 13:33:08 2024,74
Thu Sep 12 13:34:07 2024,75
Thu Sep 12 13:35:07 2024,77
Fri Sep 13 10:22:17 2024,145
Fri Sep 13 10:23:08 2024,146
Fri Sep 13 10:24:08 2024,147
Fri Sep 13 10:25:08 2024,145
Fri Sep 13 10:26:08 2024,144
Fri Sep 13 10:27:08 2024,147
Fri Sep 13 10:28:09 2024,137
Fri Sep 13 10:29:11 2024,134
Fri Sep 13 10:30:09 2024,134
Fri Sep 13 10:31:08 2024,133
Fri Sep 13 10:32:08 2024,130
Fri Sep 13 10:33:09 2024,130
Fri Sep 13 10:34:09 2024,126
Fri Sep 13 10:35:08 2024,125
Fri Sep 13 10:36:09 2024,125
Fri Sep 13 10:37:09 2024,123
Fri Sep 13 10:38:08 2024,122
Fri Sep 13 10:39:08 2024,123
Fri Sep 13 10:40:10 2024,123
Fri Sep 13 10:41:09 2024,124
Fri Sep 13 10:42:08 2024,124
Fri Sep 13 10:43:09 2024,126
Fri Sep 13 10:44:10 2024,127
Fri Sep 13 10:45:08 2024,128
Fri Sep 13 10:46:09 2024,129
Fri Sep 13 10:47:10 2024,130
Fri Sep 13 10:48:08 2024,131
Fri Sep 13 10:49:08 2024,131
Fri Sep 13 10:50:09 2024,148
Fri Sep 13 10:51:09 2024,148
Fri Sep 13 10:52:09 2024,147
Fri Sep 13 10:53:09 2024,145
Fri Sep 13 10:54:08 2024,145
Fri Sep 13 10:55:09 2024,146
Fri Sep 13 10:56:08 2024,147
Fri Sep 13 10:57:09 2024,150
Fri Sep 13 10:58:09 2024,149
Fri Sep 13 10:59:09 2024,150
Fri Sep 13 11:00:09 2024,-
Fri Sep 13 11:01:08 2024,146
Fri Sep 13 11:02:08 2024,146
Fri Sep 13 11:03:11 2024,147
Fri Sep 13 11:04:08 2024,148
Fri Sep 13 11:05:09 2024,149
Fri Sep 13 11:06:09 2024,147
Fri Sep 13 11:07:09 2024,154
Fri Sep 13 11:08:09 2024,161
Fri Sep 13 11:09:08 2024,162
Fri Sep 13 11:10:09 2024,160
Fri Sep 13 11:11:09 2024,160
Fri Sep 13 11:12:09 2024,163
Fri Sep 13 11:13:11 2024,164
Fri Sep 13 11:14:26 2024,164
Fri Sep 13 11:15:20 2024,161
Fri Sep 13 11:16:21 2024,163
Fri Sep 13 11:17:20 2024,163
Fri Sep 13 11:18:18 2024,163
Fri Sep 13 11:19:26 2024,161
Fri Sep 13 11:20:09 2024,143
Fri Sep 13 11:21:08 2024,122
Fri Sep 13 11:22:18 2024,119
Fri Sep 13 11:23:24 2024,121
Fri Sep 13 11:24:20 2024,121
Fri Sep 13 11:25:40 2024,118
Fri Sep 13 11:26:27 2024,119
Fri Sep 13 11:27:25 2024,119
Fri Sep 13 11:28:09 2024,120
Fri Sep 13 11:29:09 2024,117
Fri Sep 13 11:30:09 2024,118
Fri Sep 13 11:31:09 2024,120
Fri Sep 13 11:32:09 2024,119
Fri Sep 13 11:33:08 2024,119
Fri Sep 13 11:34:09 2024,116
Fri Sep 13 11:35:10 2024,113
Fri Sep 13 11:36:09 2024,112
Fri Sep 13 11:37:09 2024,112
Fri Sep 13 11:38:09 2024,110
Fri Sep 13 11:39:09 2024,110
Fri Sep 13 11:40:09 2024,114
Fri Sep 13 11:41:09 2024,115
Fri Sep 13 11:42:09 2024,114
Fri Sep 13 11:43:10 2024,113
Fri Sep 13 11:44:08 2024,114
Fri Sep 13 11:45:09 2024,113
Fri Sep 13 11:46:09 2024,112
Fri Sep 13 11:47:08 2024,113
Fri Sep 13 11:48:09 2024,114
Fri Sep 13 11:49:08 2024,115
Fri Sep 13 11:50:08 2024,114
Fri Sep 13 11:51:09 2024,119
Fri Sep 13 11:52:08 2024,120
Fri Sep 13 11:53:09 2024,118
Fri Sep 13 11:54:08 2024,117
Fri Sep 13 11:55:11 2024,119
Fri Sep 13 11:56:09 2024,118
Fri Sep 13 11:57:41 2024,119
Fri Sep 13 11:58:09 2024,116
Fri Sep 13 11:59:08 2024,119
Fri Sep 13 12:00:09 2024,-
Fri Sep 13 12:01:17 2024,96
Fri Sep 13 12:02:09 2024,95
Fri Sep 13 12:03:17 2024,100
Fri Sep 13 12:04:12 2024,98
Fri Sep 13 12:05:09 2024,94
Fri Sep 13 12:06:08 2024,98
Fri Sep 13 12:07:09 2024,105
Fri Sep 13 12:08:09 2024,107
Fri Sep 13 12:09:09 2024,110
Fri Sep 13 12:10:09 2024,113
Fri Sep 13 12:11:09 2024,110
Fri Sep 13 12:12:08 2024,112
Fri Sep 13 12:13:10 2024,114
Fri Sep 13 12:14:08 2024,114
Fri Sep 13 12:15:08 2024,114
Fri Sep 13 12:16:09 2024,115
Fri Sep 13 12:17:08 2024,115
Fri Sep 13 12:18:08 2024,115
Fri Sep 13 12:19:08 2024,113
Fri Sep 13 12:20:09 2024,116
Fri Sep 13 12:21:08 2024,116
Fri Sep 13 12:22:08 2024,117
Fri Sep 13 12:23:08 2024,115
Fri Sep 13 12:24:11 2024,117
Fri Sep 13 12:25:10 2024,118
Fri Sep 13 12:26:09 2024,118
Fri Sep 13 12:27:08 2024,118
Fri Sep 13 12:28:10 2024,118
Fri Sep 13 12:42:31 2024,122
Fri Sep 13 12:58:27 2024,113
Fri Sep 13 12:59:36 2024,115
Fri Sep 13 13:00:09 2024,-
Fri Sep 13 13:01:09 2024,118
Fri Sep 13 13:02:09 2024,119
Fri Sep 13 13:03:09 2024,119
Fri Sep 13 13:04:09 2024,115
Fri Sep 13 13:05:10 2024,110
Fri Sep 13 13:06:09 2024,110
Fri Sep 13 13:07:08 2024,110
Fri Sep 13 13:08:09 2024,109
Fri Sep 13 13:09:09 2024,108
Fri Sep 13 13:10:10 2024,109
Fri Sep 13 13:11:10 2024,111
Fri Sep 13 13:12:09 2024,109
Fri Sep 13 13:13:09 2024,105
Fri Sep 13 13:14:09 2024,101
Fri Sep 13 13:15:09 2024,99
Fri Sep 13 13:16:09 2024,101
Fri Sep 13 13:17:09 2024,101
Fri Sep 13 13:18:09 2024,101
Fri Sep 13 13:19:09 2024,99
Fri Sep 13 13:20:09 2024,99
Fri Sep 13 13:21:09 2024,100
Fri Sep 13 13:22:07 2024,99
Fri Sep 13 13:23:09 2024,95
Fri Sep 13 13:24:09 2024,94
Fri Sep 13 13:25:10 2024,93
Fri Sep 13 13:26:08 2024,92
Fri Sep 13 13:27:09 2024,92
Fri Sep 13 13:28:09 2024,88
Fri Sep 13 13:29:09 2024,87
Fri Sep 13 13:30:09 2024,84
Fri Sep 13 13:31:09 2024,83
Fri Sep 13 13:32:14 2024,82
Fri Sep 13 13:33:20 2024,99
Fri Sep 13 13:34:13 2024,100
Fri Sep 13 13:35:21 2024,101
Fri Sep 13 13:36:19 2024,101
Fri Sep 13 13:37:16 2024,100
Fri Sep 13 13:38:25 2024,96
Fri Sep 13 13:39:24 2024,112
Fri Sep 13 13:40:30 2024,117
Fri Sep 13 13:41:16 2024,116
Fri Sep 13 13:42:20 2024,116
Fri Sep 13 13:43:22 2024,114
Fri Sep 13 13:44:20 2024,113
Fri Sep 13 13:45:09 2024,115
Fri Sep 13 13:46:10 2024,115
Fri Sep 13 13:47:07 2024,115
Fri Sep 13 13:48:09 2024,114
Fri Sep 13 13:49:09 2024,113
Fri Sep 13 13:50:09 2024,113
Fri Sep 13 13:51:08 2024,113
Fri Sep 13 13:52:08 2024,114
Fri Sep 13 13:53:08 2024,113
Fri Sep 13 13:54:09 2024,114
Fri Sep 13 13:55:09 2024,115
Fri Sep 13 13:56:09 2024,115
Fri Sep 13 13:57:08 2024,115
Fri Sep 13 13:58:08 2024,116
Fri Sep 13 13:59:09 2024,117
Fri Sep 13 14:00:08 2024,-
Fri Sep 13 14:01:08 2024,116
Fri Sep 13 14:02:09 2024,117
Fri Sep 13 14:03:09 2024,116
Fri Sep 13 14:04:09 2024,116
Fri Sep 13 14:05:09 2024,115
Fri Sep 13 14:06:08 2024,115
Fri Sep 13 14:07:10 2024,-
Fri Sep 13 14:08:09 2024,111
Fri Sep 13 14:09:10 2024,111
Fri Sep 13 14:10:10 2024,114
Fri Sep 13 14:11:09 2024,112
Fri Sep 13 14:12:09 2024,113
Fri Sep 13 14:13:10 2024,111
Fri Sep 13 14:14:09 2024,112
Fri Sep 13 14:15:09 2024,110
Fri Sep 13 14:16:08 2024,110
Fri Sep 13 14:17:10 2024,119
Fri Sep 13 14:18:10 2024,124
Fri Sep 13 14:19:09 2024,126
Fri Sep 13 14:20:09 2024,128
Fri Sep 13 14:23:21 2024,141
Fri Sep 13 14:25:40 2024,148
Fri Sep 13 14:26:11 2024,146
Fri Sep 13 14:27:09 2024,145
Fri Sep 13 14:28:09 2024,145
Fri Sep 13 14:29:08 2024,-
Fri Sep 13 14:30:09 2024,148
Fri Sep 13 14:31:09 2024,149
Fri Sep 13 14:32:09 2024,147
Fri Sep 13 14:33:10 2024,150
Fri Sep 13 14:34:10 2024,150
Fri Sep 13 14:35:11 2024,153
Fri Sep 13 14:36:11 2024,152
Fri Sep 13 14:37:11 2024,150
Fri Sep 13 14:38:09 2024,148
Fri Sep 13 14:39:11 2024,148
Fri Sep 13 14:40:11 2024,146
Fri Sep 13 14:41:10 2024,146
Fri Sep 13 14:42:09 2024,145
Fri Sep 13 14:43:09 2024,144
Fri Sep 13 14:44:09 2024,144
Fri Sep 13 14:45:09 2024,143
Fri Sep 13 14:46:11 2024,143
Fri Sep 13 14:47:10 2024,142
Fri Sep 13 14:48:11 2024,142
Fri Sep 13 14:49:10 2024,123
Fri Sep 13 14:50:10 2024,123
Fri Sep 13 14:51:09 2024,124
Fri Sep 13 14:52:09 2024,121
Fri Sep 13 14:53:10 2024,104
Fri Sep 13 14:54:11 2024,103
Fri Sep 13 14:55:09 2024,103
Fri Sep 13 14:56:11 2024,102
Fri Sep 13 14:57:09 2024,102
Fri Sep 13 14:58:10 2024,101
Fri Sep 13 14:59:09 2024,101
Fri Sep 13 15:00:08 2024,-
Fri Sep 13 15:01:08 2024,102
Fri Sep 13 15:02:09 2024,101
Fri Sep 13 15:03:10 2024,100
Fri Sep 13 15:04:09 2024,101
Fri Sep 13 15:05:09 2024,99
Fri Sep 13 15:06:09 2024,120
Fri Sep 13 15:07:09 2024,120
Fri Sep 13 15:08:09 2024,139
Fri Sep 13 15:09:11 2024,137
Fri Sep 13 15:10:10 2024,139
Fri Sep 13 15:11:20 2024,140
Fri Sep 13 15:12:10 2024,141
Fri Sep 13 15:13:10 2024,140
Fri Sep 13 15:14:10 2024,141
Fri Sep 13 15:15:10 2024,142
Fri Sep 13 15:16:09 2024,142
Fri Sep 13 15:17:10 2024,140
Fri Sep 13 15:18:11 2024,141
Fri Sep 13 15:19:09 2024,138
Fri Sep 13 15:20:09 2024,138
Fri Sep 13 15:21:10 2024,141
Fri Sep 13 15:22:10 2024,141
Fri Sep 13 15:23:09 2024,144
Fri Sep 13 15:24:09 2024,146
Fri Sep 13 15:25:10 2024,146
Fri Sep 13 15:26:09 2024,143
Fri Sep 13 15:27:09 2024,144
Fri Sep 13 15:28:09 2024,145
Fri Sep 13 15:29:08 2024,144
Fri Sep 13 15:30:09 2024,144
Fri Sep 13 15:31:09 2024,129
Fri Sep 13 15:32:09 2024,130
Fri Sep 13 15:33:09 2024,131
Fri Sep 13 15:34:09 2024,132
Fri Sep 13 15:35:09 2024,131
Fri Sep 13 15:36:08 2024,130
Fri Sep 13 15:37:09 2024,129
Fri Sep 13 15:38:08 2024,130
Fri Sep 13 15:39:09 2024,130
Fri Sep 13 15:40:09 2024,111
Fri Sep 13 15:41:07 2024,112
Fri Sep 13 15:42:09 2024,111
Fri Sep 13 15:43:11 2024,109
Fri Sep 13 15:44:10 2024,111
Fri Sep 13 15:45:09 2024,109
Fri Sep 13 15:46:08 2024,108
Fri Sep 13 15:47:10 2024,107
Fri Sep 13 15:48:09 2024,107
Fri Sep 13 15:49:08 2024,107
Fri Sep 13 15:50:11 2024,109
Fri Sep 13 15:51:10 2024,110
Fri Sep 13 15:52:09 2024,118
Fri Sep 13 15:53:08 2024,120
Fri Sep 13 15:54:08 2024,122
Fri Sep 13 15:55:09 2024,125
Fri Sep 13 15:56:10 2024,123
Fri Sep 13 15:57:09 2024,124
Fri Sep 13 15:58:09 2024,137
Fri Sep 13 15:59:09 2024,142
Fri Sep 13 16:00:09 2024,-
Fri Sep 13 16:01:08 2024,150
Fri Sep 13 16:02:08 2024,152
Fri Sep 13 16:03:08 2024,153
Fri Sep 13 16:04:10 2024,153
Fri Sep 13 16:05:09 2024,152
Fri Sep 13 16:06:09 2024,156
Fri Sep 13 16:07:09 2024,156
Fri Sep 13 16:08:10 2024,153
Fri Sep 13 16:09:09 2024,153
Fri Sep 13 16:10:08 2024,149
Fri Sep 13 16:11:08 2024,145
Fri Sep 13 16:12:10 2024,144
Fri Sep 13 16:13:08 2024,148
Fri Sep 13 16:14:08 2024,127
Fri Sep 13 16:15:09 2024,122
Fri Sep 13 16:16:08 2024,120
Fri Sep 13 16:17:09 2024,119
Fri Sep 13 16:18:09 2024,120
Fri Sep 13 16:19:09 2024,118
Fri Sep 13 16:20:09 2024,121
Fri Sep 13 16:21:09 2024,119
Fri Sep 13 16:22:09 2024,122
Fri Sep 13 16:23:09 2024,127
Fri Sep 13 16:24:08 2024,129
Fri Sep 13 16:25:09 2024,133
Fri Sep 13 16:26:09 2024,136
Fri Sep 13 16:27:08 2024,138
Fri Sep 13 16:28:10 2024,142
Fri Sep 13 16:29:08 2024,141
Fri Sep 13 16:30:10 2024,140
Fri Sep 13 16:31:11 2024,141
Fri Sep 13 16:32:11 2024,141
Fri Sep 13 16:33:09 2024,145
Mon Sep 16 17:22:18 2024,177
Mon Sep 16 17:23:09 2024,179
Mon Sep 16 17:24:09 2024,182
Mon Sep 16 17:25:08 2024,180
Mon Sep 16 17:26:08 2024,177
Mon Sep 16 17:27:08 2024,176
Mon Sep 16 17:28:08 2024,177
Mon Sep 16 17:29:09 2024,177
Mon Sep 16 17:30:09 2024,178
Mon Sep 16 17:31:09 2024,179
Mon Sep 16 17:32:08 2024,178
Mon Sep 16 17:44:13 2024,174
Mon Sep 16 17:45:09 2024,173
Mon Sep 16 17:46:08 2024,173
Mon Sep 16 17:47:09 2024,174
Mon Sep 16 17:48:09 2024,175
Mon Sep 16 17:49:08 2024,173
Mon Sep 16 17:50:08 2024,171
Mon Sep 16 17:51:08 2024,168
Mon Sep 16 17:52:08 2024,168
Mon Sep 16 17:53:08 2024,166
Mon Sep 16 17:54:08 2024,168
Mon Sep 16 17:55:08 2024,168
Mon Sep 16 17:56:09 2024,169
Mon Sep 16 17:57:08 2024,171
Mon Sep 16 17:58:08 2024,167
Mon Sep 16 17:59:08 2024,168
Mon Sep 16 18:00:08 2024,-
Mon Sep 16 18:14:58 2024,171
Mon Sep 16 18:15:08 2024,170
Mon Sep 16 18:16:08 2024,166
Mon Sep 16 18:17:09 2024,164
Mon Sep 16 18:18:09 2024,167
Mon Sep 16 18:19:08 2024,163
Mon Sep 16 18:20:09 2024,165
Mon Sep 16 18:21:10 2024,165
Mon Sep 16 18:22:10 2024,170
Mon Sep 16 18:23:10 2024,167
Mon Sep 16 18:24:09 2024,165
Mon Sep 16 18:25:10 2024,162
Mon Sep 16 18:26:09 2024,162
Mon Sep 16 18:27:10 2024,163
Mon Sep 16 18:28:08 2024,160
Mon Sep 16 18:29:09 2024,162
Mon Sep 16 18:30:09 2024,162
Mon Sep 16 18:31:09 2024,159
Mon Sep 16 18:32:09 2024,160
Mon Sep 16 18:33:09 2024,159
Mon Sep 16 18:34:08 2024,159
Mon Sep 16 18:35:10 2024,158
Mon Sep 16 18:36:09 2024,157
Mon Sep 16 18:37:10 2024,157
Mon Sep 16 18:38:10 2024,158
Mon Sep 16 18:39:09 2024,156
Mon Sep 16 18:40:11 2024,158
Mon Sep 16 18:41:11 2024,161
Mon Sep 16 18:42:11 2024,159
Mon Sep 16 18:43:09 2024,159
Mon Sep 16 18:44:10 2024,160
Mon Sep 16 18:45:09 2024,151
Mon Sep 16 18:46:09 2024,150
Mon Sep 16 18:47:09 2024,145
Mon Sep 16 18:48:09 2024,150
Mon Sep 16 18:49:09 2024,149
Mon Sep 16 18:50:09 2024,148
Mon Sep 16 18:51:09 2024,147
Mon Sep 16 18:52:09 2024,149
Mon Sep 16 18:53:09 2024,148
Mon Sep 16 18:54:09 2024,150
Mon Sep 16 18:55:09 2024,150
Mon Sep 16 18:56:09 2024,151
Mon Sep 16 18:57:09 2024,151
Mon Sep 16 18:58:09 2024,152
Mon Sep 16 18:59:09 2024,157
Mon Sep 16 19:00:09 2024,-
Mon Sep 16 19:01:09 2024,160
Mon Sep 16 19:02:08 2024,160
Mon Sep 16 19:03:09 2024,161
Mon Sep 16 19:04:08 2024,160
Mon Sep 16 19:05:09 2024,162
Mon Sep 16 19:06:10 2024,160
Mon Sep 16 19:07:08 2024,159
Mon Sep 16 19:08:08 2024,158
Mon Sep 16 19:09:09 2024,159
Mon Sep 16 19:10:09 2024,153
Mon Sep 16 19:11:09 2024,149
Mon Sep 16 19:12:13 2024,148
Mon Sep 16 19:13:11 2024,144
Mon Sep 16 19:14:09 2024,143
Mon Sep 16 19:15:08 2024,143
Mon Sep 16 19:16:09 2024,143
Mon Sep 16 19:17:08 2024,142
Mon Sep 16 19:18:09 2024,143
Mon Sep 16 19:19:09 2024,142
Mon Sep 16 19:20:09 2024,143
Mon Sep 16 19:21:09 2024,140
Mon Sep 16 19:22:09 2024,139
Mon Sep 16 19:23:09 2024,140
Mon Sep 16 19:24:09 2024,139
Mon Sep 16 19:25:09 2024,137
Mon Sep 16 19:26:09 2024,135
Mon Sep 16 19:27:08 2024,129
Mon Sep 16 19:28:08 2024,125
Mon Sep 16 19:29:08 2024,124
Mon Sep 16 19:30:09 2024,125
Mon Sep 16 19:31:08 2024,125
Mon Sep 16 19:32:09 2024,125
Mon Sep 16 19:33:08 2024,128
Mon Sep 16 19:34:11 2024,130
Mon Sep 16 19:35:08 2024,128
Mon Sep 16 19:36:18 2024,133
Mon Sep 16 19:37:16 2024,133
Mon Sep 16 19:38:08 2024,130
Mon Sep 16 19:39:10 2024,129
Mon Sep 16 19:40:08 2024,133
Mon Sep 16 19:41:08 2024,134
Mon Sep 16 19:42:09 2024,136
Mon Sep 16 19:43:08 2024,137
Mon Sep 16 19:44:08 2024,141
Mon Sep 16 19:45:09 2024,143
Mon Sep 16 19:46:08 2024,139
Mon Sep 16 19:47:08 2024,139
Mon Sep 16 19:48:10 2024,140
Mon Sep 16 19:49:10 2024,141
Mon Sep 16 19:50:09 2024,139
Mon Sep 16 19:51:08 2024,138
Mon Sep 16 19:52:08 2024,138
Mon Sep 16 19:53:09 2024,138
Mon Sep 16 19:54:09 2024,137
Mon Sep 16 19:55:08 2024,138
Mon Sep 16 19:56:11 2024,139
Mon Sep 16 19:57:08 2024,140
Mon Sep 16 19:58:06 2024,140
Mon Sep 16 19:59:08 2024,138
Mon Sep 16 20:00:37 2024,136
Mon Sep 16 20:01:26 2024,137
Mon Sep 16 20:02:14 2024,132
Mon Sep 16 20:03:20 2024,128
Mon Sep 16 20:04:26 2024,125
Mon Sep 16 20:05:26 2024,121
Mon Sep 16 20:06:38 2024,124
Mon Sep 16 20:07:20 2024,124
Mon Sep 16 20:08:31 2024,122
Mon Sep 16 20:09:21 2024,121
Mon Sep 16 20:10:21 2024,117
Mon Sep 16 20:11:13 2024,116
Mon Sep 16 20:12:09 2024,115
Mon Sep 16 20:13:09 2024,116
Mon Sep 16 20:14:09 2024,117
Mon Sep 16 20:15:09 2024,116
Mon Sep 16 20:16:09 2024,112
Mon Sep 16 20:17:10 2024,112
Mon Sep 16 20:18:09 2024,110
Mon Sep 16 20:19:10 2024,109
Mon Sep 16 20:20:09 2024,109
Mon Sep 16 20:21:09 2024,109
Mon Sep 16 20:22:09 2024,109
Mon Sep 16 20:23:09 2024,112
Mon Sep 16 20:24:09 2024,111
Mon Sep 16 20:25:10 2024,116
Mon Sep 16 20:26:09 2024,120
Mon Sep 16 20:27:09 2024,118
Mon Sep 16 20:28:09 2024,116
Mon Sep 16 20:29:10 2024,112
Mon Sep 16 20:30:11 2024,118
Mon Sep 16 20:31:09 2024,121
Mon Sep 16 20:32:09 2024,124
Mon Sep 16 20:33:07 2024,123
Mon Sep 16 20:34:09 2024,131
Mon Sep 16 20:35:09 2024,134
Mon Sep 16 20:36:10 2024,132
Mon Sep 16 20:37:09 2024,132
Mon Sep 16 20:38:08 2024,131
Mon Sep 16 20:39:09 2024,134
Mon Sep 16 20:40:09 2024,136
Mon Sep 16 20:41:09 2024,138
Mon Sep 16 20:42:09 2024,140
Mon Sep 16 20:43:08 2024,140
Mon Sep 16 20:44:09 2024,141
Mon Sep 16 21:29:59 2024,99
Mon Sep 16 21:30:12 2024,98
Mon Sep 16 21:31:08 2024,96
Mon Sep 16 21:32:09 2024,94
Mon Sep 16 21:33:09 2024,93
Mon Sep 16 21:34:07 2024,89
Mon Sep 16 21:35:09 2024,86
Mon Sep 16 21:36:09 2024,84
Mon Sep 16 21:37:09 2024,83
Mon Sep 16 21:38:09 2024,82
Mon Sep 16 21:39:09 2024,80
Mon Sep 16 21:40:09 2024,80
Mon Sep 16 21:41:08 2024,80
Mon Sep 16 21:42:09 2024,79
Mon Sep 16 21:43:09 2024,77
Mon Sep 16 21:44:11 2024,74
Mon Sep 16 21:45:10 2024,72
Mon Sep 16 21:46:11 2024,71
Mon Sep 16 21:47:10 2024,68
Mon Sep 16 21:48:10 2024,64
Mon Sep 16 21:49:08 2024,62
Mon Sep 16 21:50:10 2024,59
Mon Sep 16 21:51:09 2024,54
Mon Sep 16 21:52:09 2024,52
Mon Sep 16 21:53:09 2024,51
Mon Sep 16 21:54:08 2024,51
Mon Sep 16 21:55:08 2024,51
Mon Sep 16 21:56:09 2024,49
Mon Sep 16 21:57:08 2024,44
Mon Sep 16 21:58:09 2024,36
Mon Sep 16 21:59:09 2024,32
Mon Sep 16 22:00:09 2024,-
Mon Sep 16 22:01:08 2024,26
Mon Sep 16 22:02:09 2024,24
Mon Sep 16 22:03:08 2024,22
Mon Sep 16 22:04:11 2024,22
Mon Sep 16 22:05:06 2024,20
Mon Sep 16 22:06:09 2024,19
Mon Sep 16 22:07:09 2024,19
Mon Sep 16 22:08:08 2024,18
Mon Sep 16 22:09:09 2024,15
Mon Sep 16 22:10:09 2024,14
Mon Sep 16 22:11:09 2024,9
Mon Sep 16 22:12:09 2024,7
Mon Sep 16 22:13:08 2024,4
Mon Sep 16 22:14:08 2024,2
Mon Sep 16 22:15:07 2024,0
Mon Sep 16 22:16:09 2024,0
Mon Sep 16 22:17:09 2024,0
Mon Sep 16 22:18:08 2024,0
Mon Sep 16 22:19:08 2024,0
Mon Sep 16 22:20:08 2024,0
Mon Sep 16 22:21:07 2024,1
Mon Sep 16 22:22:09 2024,1
Mon Sep 16 22:23:08 2024,1
Mon Sep 16 22:24:08 2024,1
Mon Sep 16 22:25:11 2024,0
Mon Sep 16 22:26:08 2024,0
Mon Sep 16 22:27:09 2024,0
Mon Sep 16 22:28:09 2024,0
Mon Sep 16 22:29:09 2024,0
Mon Sep 16 22:30:10 2024,0
Mon Sep 16 22:31:08 2024,0
Mon Sep 16 22:32:08 2024,0
Mon Sep 16 22:33:12 2024,0
Mon Sep 16 22:34:08 2024,0
Mon Sep 16 22:35:08 2024,0
Mon Sep 16 22:36:10 2024,0
Mon Sep 16 22:37:08 2024,0
Mon Sep 16 22:38:09 2024,0
Mon Sep 16 22:39:09 2024,0
Mon Sep 16 22:40:09 2024,0
Mon Sep 16 22:41:08 2024,0
Mon Sep 16 22:42:09 2024,0
Mon Sep 16 22:43:09 2024,0
Mon Sep 16 22:44:08 2024,0
Mon Sep 16 22:45:08 2024,0
Mon Sep 16 22:46:08 2024,0
Mon Sep 16 22:47:08 2024,0
Mon Sep 16 22:48:08 2024,0
Mon Sep 16 22:49:08 2024,0
Mon Sep 16 22:50:09 2024,0
Mon Sep 16 22:51:09 2024,0
Mon Sep 16 22:52:09 2024,0
Mon Sep 16 22:53:08 2024,0
Mon Sep 16 22:54:09 2024,0
Mon Sep 16 22:55:09 2024,0
Mon Sep 16 22:56:09 2024,0
Mon Sep 16 22:57:08 2024,0
Mon Sep 16 22:58:08 2024,0
Mon Sep 16 22:59:08 2024,0
Mon Sep 16 23:00:09 2024,0
Mon Sep 16 23:01:09 2024,0
Mon Sep 16 23:02:09 2024,0
Mon Sep 16 23:03:09 2024,0
Mon Sep 16 23:04:08 2024,0
Mon Sep 16 23:05:09 2024,0
Mon Sep 16 23:06:08 2024,0
Mon Sep 16 23:07:08 2024,-
Mon Sep 16 23:08:08 2024,0
Mon Sep 16 23:09:08 2024,0
Mon Sep 16 23:10:09 2024,0
Mon Sep 16 23:11:08 2024,0
Mon Sep 16 23:12:08 2024,0
Mon Sep 16 23:13:09 2024,0
Mon Sep 16 23:14:08 2024,0
Mon Sep 16 23:15:08 2024,0
Mon Sep 16 23:16:08 2024,0
Mon Sep 16 23:17:08 2024,0
Mon Sep 16 23:18:08 2024,0
Mon Sep 16 23:19:08 2024,0
Mon Sep 16 23:20:09 2024,0
Mon Sep 16 23:21:08 2024,0
Mon Sep 16 23:22:08 2024,0
Mon Sep 16 23:23:08 2024,0
Mon Sep 16 23:24:09 2024,0
Mon Sep 16 23:25:10 2024,0
Mon Sep 16 23:26:08 2024,0
Mon Sep 16 23:27:08 2024,0
Mon Sep 16 23:28:08 2024,0
Mon Sep 16 23:29:08 2024,0
Mon Sep 16 23:30:08 2024,0
Mon Sep 16 23:31:09 2024,0
Mon Sep 16 23:32:11 2024,0
Mon Sep 16 23:33:09 2024,0
Mon Sep 16 23:34:09 2024,0
Mon Sep 16 23:35:08 2024,0
Mon Sep 16 23:36:08 2024,0
Mon Sep 16 23:37:08 2024,0
Mon Sep 16 23:38:08 2024,0
Mon Sep 16 23:39:08 2024,0
Mon Sep 16 23:40:10 2024,0
Mon Sep 16 23:41:08 2024,0
Mon Sep 16 23:42:08 2024,0
Mon Sep 16 23:43:08 2024,0
Mon Sep 16 23:44:08 2024,0
Mon Sep 16 23:45:08 2024,0
Mon Sep 16 23:46:08 2024,0
Mon Sep 16 23:47:09 2024,0
Mon Sep 16 23:48:08 2024,0
Mon Sep 16 23:49:09 2024,0
Mon Sep 16 23:50:09 2024,0
Mon Sep 16 23:51:09 2024,0
Mon Sep 16 23:52:09 2024,0
Mon Sep 16 23:53:09 2024,0
Mon Sep 16 23:54:09 2024,0
Mon Sep 16 23:55:09 2024,0
Mon Sep 16 23:56:08 2024,0
Mon Sep 16 23:57:12 2024,0
Mon Sep 16 23:58:09 2024,0
Mon Sep 16 23:59:09 2024,0
Tue Sep 17 00:00:09 2024,-
Tue Sep 17 00:01:09 2024,0
Tue Sep 17 00:02:09 2024,0
Tue Sep 17 00:03:09 2024,0
Tue Sep 17 00:04:09 2024,0
Tue Sep 17 00:05:08 2024,0
Tue Sep 17 00:06:08 2024,0
Tue Sep 17 00:07:08 2024,0
Tue Sep 17 00:08:08 2024,0
Tue Sep 17 00:09:08 2024,0
Tue Sep 17 00:10:08 2024,0
Tue Sep 17 00:11:08 2024,0
Tue Sep 17 00:12:08 2024,0
Tue Sep 17 00:13:09 2024,0
Tue Sep 17 00:14:10 2024,0
Tue Sep 17 00:15:08 2024,0
Tue Sep 17 00:16:08 2024,0
Tue Sep 17 00:17:08 2024,0
Tue Sep 17 00:18:09 2024,0
Tue Sep 17 00:19:08 2024,0
Tue Sep 17 00:20:08 2024,0
Tue Sep 17 00:21:08 2024,0
Tue Sep 17 00:22:08 2024,0
Tue Sep 17 00:23:08 2024,0
Tue Sep 17 00:24:08 2024,0
Tue Sep 17 00:25:08 2024,0
Tue Sep 17 00:26:08 2024,0
Tue Sep 17 00:27:08 2024,0
Tue Sep 17 00:28:09 2024,0
Tue Sep 17 00:29:08 2024,0
Tue Sep 17 00:30:08 2024,0
Tue Sep 17 00:31:09 2024,0
Tue Sep 17 00:32:09 2024,0
Tue Sep 17 00:33:08 2024,0
Tue Sep 17 00:34:09 2024,0
Tue Sep 17 00:35:08 2024,0
Tue Sep 17 00:36:08 2024,0
Tue Sep 17 00:37:08 2024,0
Tue Sep 17 00:38:09 2024,0
Tue Sep 17 00:39:08 2024,0
Tue Sep 17 00:40:09 2024,0
Tue Sep 17 00:41:08 2024,0
Tue Sep 17 00:42:09 2024,0
Tue Sep 17 00:43:08 2024,0
Tue Sep 17 00:44:09 2024,0
Tue Sep 17 00:45:09 2024,0
Tue Sep 17 05:27:23 2024,0
Tue Sep 17 08:53:13 2024,96
Tue Sep 17 08:54:08 2024,96
Tue Sep 17 08:55:11 2024,96
Tue Sep 17 08:56:08 2024,98
Tue Sep 17 09:11:18 2024,139
Tue Sep 17 09:16:02 2024,142
Tue Sep 17 09:17:08 2024,142
Tue Sep 17 09:18:08 2024,140
Tue Sep 17 09:19:08 2024,138
Tue Sep 17 09:20:07 2024,138
Tue Sep 17 09:21:14 2024,138
Tue Sep 17 09:22:07 2024,-
Tue Sep 17 09:23:08 2024,133
Tue Sep 17 09:24:07 2024,133
Tue Sep 17 09:25:09 2024,135
Tue Sep 17 09:26:14 2024,118
Tue Sep 17 09:27:13 2024,116
Tue Sep 17 09:28:07 2024,118
Tue Sep 17 09:29:07 2024,114
Tue Sep 17 09:30:12 2024,117
Tue Sep 17 09:31:07 2024,120
Tue Sep 17 09:32:07 2024,119
Tue Sep 17 09:33:08 2024,123
Tue Sep 17 09:34:07 2024,125
Tue Sep 17 09:35:07 2024,126
Tue Sep 17 09:36:07 2024,126
Tue Sep 17 09:37:07 2024,125
Tue Sep 17 09:38:07 2024,129
Tue Sep 17 09:39:07 2024,129
Tue Sep 17 09:40:07 2024,131
Tue Sep 17 09:41:07 2024,130
Tue Sep 17 09:42:07 2024,130
Tue Sep 17 09:43:08 2024,129
Tue Sep 17 09:44:07 2024,129
Tue Sep 17 09:45:07 2024,128
Tue Sep 17 09:46:08 2024,128
Tue Sep 17 09:47:07 2024,128
Tue Sep 17 09:48:08 2024,127
Tue Sep 17 09:49:07 2024,123
Tue Sep 17 09:50:07 2024,125
Tue Sep 17 09:51:07 2024,124
Tue Sep 17 09:52:09 2024,125
Tue Sep 17 09:53:07 2024,126
Tue Sep 17 09:54:08 2024,130
Tue Sep 17 10:00:08 2024,-
Tue Sep 17 10:01:08 2024,154
Tue Sep 17 10:02:07 2024,155
Tue Sep 17 10:03:08 2024,156
Tue Sep 17 10:04:08 2024,153
Tue Sep 17 10:05:08 2024,153
Tue Sep 17 10:06:07 2024,149
Tue Sep 17 10:07:07 2024,148
Tue Sep 17 10:08:08 2024,148
Tue Sep 17 10:09:07 2024,145
Tue Sep 17 10:10:08 2024,144
Tue Sep 17 10:11:07 2024,143
Tue Sep 17 10:12:07 2024,139
Tue Sep 17 10:13:07 2024,139
Tue Sep 17 10:14:08 2024,139
Tue Sep 17 10:15:07 2024,136
Tue Sep 17 10:16:07 2024,135
Tue Sep 17 10:17:07 2024,136
Tue Sep 17 10:18:07 2024,133
Tue Sep 17 10:19:08 2024,134
Tue Sep 17 10:20:07 2024,135
Tue Sep 17 10:21:08 2024,135
Tue Sep 17 10:22:07 2024,135
Tue Sep 17 10:23:07 2024,148
Tue Sep 17 10:24:07 2024,155
Tue Sep 17 10:25:07 2024,159
Tue Sep 17 10:26:08 2024,163
Tue Sep 17 10:27:07 2024,162
Tue Sep 17 10:28:07 2024,162
Tue Sep 17 10:29:08 2024,163
Tue Sep 17 10:30:09 2024,161
Tue Sep 17 10:31:07 2024,138
Tue Sep 17 10:32:07 2024,142
Tue Sep 17 10:33:07 2024,142
Tue Sep 17 10:34:08 2024,143
Tue Sep 17 10:35:08 2024,142
Tue Sep 17 11:25:08 2024,118
Tue Sep 17 11:26:07 2024,116
Tue Sep 17 11:27:08 2024,115
Tue Sep 17 11:28:07 2024,115
Tue Sep 17 11:29:07 2024,112
Tue Sep 17 11:30:08 2024,113
Tue Sep 17 11:31:08 2024,114
Tue Sep 17 11:32:08 2024,113
Tue Sep 17 11:33:08 2024,115
Tue Sep 17 11:34:08 2024,117
Tue Sep 17 11:35:08 2024,117
Tue Sep 17 11:36:08 2024,118
Tue Sep 17 11:37:07 2024,119
Tue Sep 17 11:38:08 2024,119
Tue Sep 17 11:39:08 2024,120
Tue Sep 17 11:40:09 2024,116
Tue Sep 17 11:41:07 2024,117
Tue Sep 17 11:42:07 2024,118
Tue Sep 17 11:43:08 2024,119
Tue Sep 17 11:44:07 2024,125
Tue Sep 17 11:45:08 2024,123
Tue Sep 17 11:46:08 2024,125
Tue Sep 17 11:47:08 2024,125
Tue Sep 17 11:48:08 2024,126
Tue Sep 17 11:49:07 2024,126
Tue Sep 17 11:50:08 2024,124
Tue Sep 17 11:51:07 2024,126
Tue Sep 17 11:52:07 2024,130
Tue Sep 17 11:53:07 2024,130
Tue Sep 17 11:54:07 2024,133
Tue Sep 17 11:55:07 2024,138
Tue Sep 17 11:56:08 2024,141
Tue Sep 17 11:57:07 2024,140
Tue Sep 17 11:58:07 2024,-
Tue Sep 17 11:59:07 2024,140
Tue Sep 17 12:00:08 2024,-
Tue Sep 17 12:01:08 2024,133
Tue Sep 17 12:02:09 2024,123
Tue Sep 17 12:03:08 2024,127
Tue Sep 17 12:04:08 2024,130
Tue Sep 17 12:05:09 2024,114
Tue Sep 17 12:06:08 2024,108
Tue Sep 17 12:07:08 2024,110
Tue Sep 17 12:31:28 2024,111
Tue Sep 17 12:53:51 2024,129
Tue Sep 17 12:54:07 2024,128
Tue Sep 17 12:55:08 2024,130
Tue Sep 17 12:56:08 2024,130
Tue Sep 17 12:57:07 2024,127
Tue Sep 17 12:58:08 2024,128
Tue Sep 17 12:59:07 2024,130
Tue Sep 17 13:00:09 2024,-
Tue Sep 17 13:01:09 2024,133
Tue Sep 17 13:02:08 2024,134
Tue Sep 17 13:03:09 2024,129
Tue Sep 17 13:04:07 2024,132
Tue Sep 17 13:05:10 2024,128
Tue Sep 17 13:06:08 2024,126
Tue Sep 17 13:07:08 2024,127
Tue Sep 17 13:08:08 2024,123
Tue Sep 17 13:09:08 2024,123
Tue Sep 17 13:10:08 2024,124
Tue Sep 17 13:11:08 2024,123
Tue Sep 17 13:12:08 2024,123
Tue Sep 17 13:13:07 2024,122
Tue Sep 17 13:14:07 2024,120
Tue Sep 17 13:15:07 2024,120
Tue Sep 17 13:16:07 2024,122
Tue Sep 17 13:17:07 2024,122
Tue Sep 17 13:18:08 2024,122
Tue Sep 17 13:19:08 2024,122
Tue Sep 17 13:20:07 2024,122
Tue Sep 17 13:21:07 2024,121
Tue Sep 17 13:22:09 2024,121
Tue Sep 17 13:23:13 2024,121
Tue Sep 17 13:24:08 2024,119
Tue Sep 17 13:25:08 2024,119
Tue Sep 17 13:26:07 2024,139
Tue Sep 17 13:27:09 2024,138
Tue Sep 17 13:28:07 2024,140
Tue Sep 17 13:29:07 2024,136
Tue Sep 17 13:30:07 2024,133
Tue Sep 17 13:31:07 2024,130
Tue Sep 17 13:32:07 2024,127
Tue Sep 17 13:33:07 2024,126
Tue Sep 17 13:34:07 2024,123
Tue Sep 17 13:35:08 2024,123
Tue Sep 17 13:36:08 2024,124
Tue Sep 17 13:37:08 2024,124
Tue Sep 17 13:38:08 2024,124
Tue Sep 17 13:39:08 2024,124
Tue Sep 17 13:40:08 2024,126
Tue Sep 17 13:41:08 2024,127
Tue Sep 17 13:42:08 2024,124
Tue Sep 17 13:43:08 2024,120
Tue Sep 17 13:44:08 2024,119
Tue Sep 17 13:45:09 2024,117
Tue Sep 17 13:46:08 2024,118
Tue Sep 17 13:47:08 2024,114
Tue Sep 17 13:48:08 2024,113
Tue Sep 17 13:49:08 2024,115
Tue Sep 17 13:50:08 2024,118
Tue Sep 17 13:51:08 2024,118
Tue Sep 17 13:52:08 2024,117
Tue Sep 17 13:53:08 2024,118
Tue Sep 17 13:54:08 2024,124
Tue Sep 17 13:55:08 2024,127
Tue Sep 17 13:56:08 2024,127
Tue Sep 17 13:57:08 2024,127
Tue Sep 17 13:58:08 2024,128
Tue Sep 17 13:59:07 2024,130
Tue Sep 17 14:00:08 2024,-
Tue Sep 17 14:01:08 2024,129
Tue Sep 17 14:02:07 2024,129
Tue Sep 17 14:03:08 2024,127
Tue Sep 17 14:04:07 2024,129
Tue Sep 17 14:05:08 2024,126
Tue Sep 17 14:06:08 2024,129
Tue Sep 17 14:07:08 2024,129
Tue Sep 17 14:08:09 2024,129
Tue Sep 17 14:09:08 2024,130
Tue Sep 17 14:10:08 2024,130
Tue Sep 17 14:11:08 2024,125
Tue Sep 17 14:12:07 2024,124
Tue Sep 17 14:13:07 2024,122
Tue Sep 17 14:14:08 2024,120
Tue Sep 17 14:15:08 2024,121
Tue Sep 17 14:16:08 2024,120
Tue Sep 17 14:17:08 2024,120
Tue Sep 17 14:18:08 2024,122
Tue Sep 17 14:19:08 2024,137
Tue Sep 17 14:20:08 2024,131
Tue Sep 17 14:21:08 2024,131
Tue Sep 17 14:22:08 2024,131
Tue Sep 17 14:23:07 2024,130
Tue Sep 17 14:24:07 2024,124
Tue Sep 17 14:25:07 2024,123
Tue Sep 17 14:26:07 2024,122
Tue Sep 17 14:27:08 2024,122
Tue Sep 17 14:28:07 2024,120
Tue Sep 17 14:29:07 2024,146
Tue Sep 17 14:30:08 2024,146
Tue Sep 17 14:31:08 2024,146
Tue Sep 17 14:32:07 2024,148
Tue Sep 17 14:33:08 2024,147
Tue Sep 17 14:34:08 2024,149
Tue Sep 17 14:35:08 2024,150
Tue Sep 17 14:36:07 2024,151
Tue Sep 17 14:37:08 2024,152
Tue Sep 17 14:38:07 2024,152
Tue Sep 17 14:39:07 2024,152
Tue Sep 17 14:40:08 2024,153
Tue Sep 17 14:41:07 2024,153
Tue Sep 17 14:42:08 2024,151
Tue Sep 17 14:43:08 2024,151
Tue Sep 17 14:44:08 2024,147
Tue Sep 17 14:45:08 2024,146
Tue Sep 17 14:46:08 2024,147
Tue Sep 17 14:47:08 2024,148
Tue Sep 17 14:48:07 2024,150
Tue Sep 17 14:49:07 2024,147
Tue Sep 17 14:50:08 2024,147
Tue Sep 17 14:51:07 2024,145
Tue Sep 17 14:52:07 2024,140
Tue Sep 17 14:53:11 2024,141
Tue Sep 17 14:54:20 2024,144
Tue Sep 17 14:58:06 2024,141
Tue Sep 17 14:59:08 2024,139
Tue Sep 17 15:00:09 2024,-
Tue Sep 17 15:01:07 2024,142
Tue Sep 17 15:02:08 2024,143
Tue Sep 17 15:03:07 2024,142
Tue Sep 17 15:04:08 2024,166
Tue Sep 17 15:05:08 2024,163
Tue Sep 17 15:06:08 2024,163
Tue Sep 17 15:07:08 2024,161
Tue Sep 17 15:08:08 2024,161
Tue Sep 17 15:09:08 2024,160
Tue Sep 17 15:10:08 2024,163
Tue Sep 17 15:11:14 2024,163
Tue Sep 17 15:12:08 2024,164
Tue Sep 17 15:13:07 2024,162
Tue Sep 17 15:14:10 2024,162
Tue Sep 17 15:15:18 2024,162
Tue Sep 17 15:16:15 2024,161
Tue Sep 17 15:17:07 2024,164
Tue Sep 17 15:18:13 2024,163
Tue Sep 17 15:19:08 2024,164
Tue Sep 17 15:20:11 2024,166
Tue Sep 17 15:21:09 2024,166
Tue Sep 17 15:22:10 2024,164
Tue Sep 17 15:23:07 2024,166
Tue Sep 17 15:24:07 2024,167
Tue Sep 17 15:25:07 2024,168
Tue Sep 17 15:26:08 2024,168
Tue Sep 17 15:27:08 2024,166
Tue Sep 17 15:28:08 2024,145
Tue Sep 17 15:31:29 2024,124
Tue Sep 17 15:33:09 2024,123
Tue Sep 17 15:35:27 2024,127
Tue Sep 17 15:36:28 2024,130
Tue Sep 17 15:37:21 2024,130
Tue Sep 17 15:38:34 2024,131
Tue Sep 17 15:39:42 2024,130
Tue Sep 17 15:40:14 2024,128
Tue Sep 17 15:43:38 2024,134
Tue Sep 17 15:45:37 2024,137
Tue Sep 17 15:46:11 2024,138
Tue Sep 17 15:47:08 2024,138
Tue Sep 17 15:48:07 2024,142
Tue Sep 17 15:49:08 2024,147
Tue Sep 17 15:50:09 2024,150
Tue Sep 17 15:51:08 2024,154
Tue Sep 17 15:52:08 2024,152
Tue Sep 17 15:53:08 2024,154
Tue Sep 17 15:54:08 2024,152
Tue Sep 17 15:55:07 2024,154
Tue Sep 17 15:56:07 2024,156
Tue Sep 17 15:57:08 2024,157
Tue Sep 17 15:58:07 2024,158
Tue Sep 17 15:59:07 2024,158
Tue Sep 17 16:00:09 2024,-
Tue Sep 17 16:01:07 2024,159
Tue Sep 17 16:02:08 2024,160
Tue Sep 17 16:03:09 2024,158
Tue Sep 17 16:04:08 2024,157
Tue Sep 17 16:05:08 2024,156
Tue Sep 17 16:06:07 2024,153
Tue Sep 17 16:07:07 2024,146
Tue Sep 17 16:08:07 2024,147
Tue Sep 17 16:09:07 2024,146
Tue Sep 17 16:10:07 2024,150
Tue Sep 17 16:11:07 2024,151
Tue Sep 17 16:12:07 2024,152
Tue Sep 17 16:13:07 2024,149
Tue Sep 17 16:14:09 2024,150
Tue Sep 17 16:15:09 2024,149
Tue Sep 17 16:16:07 2024,149
Tue Sep 17 16:17:08 2024,150
Tue Sep 17 16:18:07 2024,149
Tue Sep 17 16:19:08 2024,137
Tue Sep 17 16:20:08 2024,134
Tue Sep 17 16:21:08 2024,133
Tue Sep 17 16:22:07 2024,131
Tue Sep 17 16:23:07 2024,131
Tue Sep 17 16:24:07 2024,133
Tue Sep 17 16:25:07 2024,134
Tue Sep 17 16:26:07 2024,-
Tue Sep 17 16:27:08 2024,130
Tue Sep 17 16:28:08 2024,130
Tue Sep 17 16:29:07 2024,128
Tue Sep 17 16:30:07 2024,127
Tue Sep 17 16:31:07 2024,126
Tue Sep 17 16:32:07 2024,126
Tue Sep 17 16:33:08 2024,125
Tue Sep 17 16:34:07 2024,125
Tue Sep 17 16:35:07 2024,123
Tue Sep 17 16:36:08 2024,123
Tue Sep 17 16:37:08 2024,124
Tue Sep 17 16:38:08 2024,126
Tue Sep 17 16:39:07 2024,125
Tue Sep 17 16:40:08 2024,125
Tue Sep 17 16:41:07 2024,124
Tue Sep 17 16:42:08 2024,124
Tue Sep 17 17:36:31 2024,157
Tue Sep 17 18:08:48 2024,194
Tue Sep 17 18:26:07 2024,212
Wed Sep 18 05:48:01 2024,-
Wed Sep 18 09:14:11 2024,144
Wed Sep 18 09:17:51 2024,132
Wed Sep 18 09:18:08 2024,130
Wed Sep 18 09:19:08 2024,128
Wed Sep 18 09:20:07 2024,123
Wed Sep 18 09:21:07 2024,117
Wed Sep 18 09:22:07 2024,118
Wed Sep 18 09:23:07 2024,116
Wed Sep 18 09:24:07 2024,106
Wed Sep 18 09:25:07 2024,95
Wed Sep 18 09:26:07 2024,96
Wed Sep 18 09:27:08 2024,97
Wed Sep 18 09:28:07 2024,99
Wed Sep 18 09:29:07 2024,98
Wed Sep 18 09:30:08 2024,98
Wed Sep 18 09:31:07 2024,98
Wed Sep 18 09:32:08 2024,100
Wed Sep 18 09:33:07 2024,100
Wed Sep 18 09:34:08 2024,99
Wed Sep 18 09:35:07 2024,99
Wed Sep 18 09:36:07 2024,98
Wed Sep 18 09:37:07 2024,99
Wed Sep 18 09:38:08 2024,99
Wed Sep 18 09:39:07 2024,99
Wed Sep 18 09:40:09 2024,103
Wed Sep 18 09:41:07 2024,102
Wed Sep 18 09:42:08 2024,101
Wed Sep 18 09:43:09 2024,101
Wed Sep 18 09:44:07 2024,101
Wed Sep 18 09:45:07 2024,100
Wed Sep 18 09:46:08 2024,98
Wed Sep 18 09:47:08 2024,97
Wed Sep 18 09:48:07 2024,96
Wed Sep 18 09:49:09 2024,95
Wed Sep 18 09:50:08 2024,93
Wed Sep 18 09:51:08 2024,95
Wed Sep 18 09:52:07 2024,97
Wed Sep 18 09:53:07 2024,97
Wed Sep 18 09:54:07 2024,96
Wed Sep 18 09:55:08 2024,96
Wed Sep 18 09:56:07 2024,95
Wed Sep 18 09:57:07 2024,92
Wed Sep 18 09:58:07 2024,93
Wed Sep 18 09:59:07 2024,117
Wed Sep 18 10:00:09 2024,-
Wed Sep 18 10:01:08 2024,117
Wed Sep 18 10:02:07 2024,115
Wed Sep 18 10:03:08 2024,114
Wed Sep 18 10:04:08 2024,123
Wed Sep 18 10:05:08 2024,122
Wed Sep 18 10:06:08 2024,145
Wed Sep 18 10:07:07 2024,143
Wed Sep 18 10:08:08 2024,142
Wed Sep 18 10:09:07 2024,141
Wed Sep 18 10:10:07 2024,139
Wed Sep 18 10:11:08 2024,140
Wed Sep 18 10:12:07 2024,136
Wed Sep 18 10:13:09 2024,135
Wed Sep 18 10:14:08 2024,135
Wed Sep 18 10:15:08 2024,133
Wed Sep 18 10:16:07 2024,136
Wed Sep 18 10:17:07 2024,137
Wed Sep 18 10:18:07 2024,138
Wed Sep 18 10:19:07 2024,136
Wed Sep 18 10:20:07 2024,139
Wed Sep 18 10:21:07 2024,137
Wed Sep 18 10:22:07 2024,138
Wed Sep 18 10:23:07 2024,140
Wed Sep 18 10:24:08 2024,125
Wed Sep 18 10:25:08 2024,120
Wed Sep 18 10:26:07 2024,120
Wed Sep 18 10:27:07 2024,121
Wed Sep 18 10:28:07 2024,120
Wed Sep 18 10:29:07 2024,120
Wed Sep 18 10:30:09 2024,120
Wed Sep 18 10:31:07 2024,119
Wed Sep 18 10:32:07 2024,120
Wed Sep 18 10:33:07 2024,119
Wed Sep 18 10:34:08 2024,119
Wed Sep 18 10:35:09 2024,119
Wed Sep 18 10:36:08 2024,118
Wed Sep 18 10:37:08 2024,117
Wed Sep 18 10:38:07 2024,120
Wed Sep 18 10:39:08 2024,120
Wed Sep 18 10:40:07 2024,120
Wed Sep 18 10:41:07 2024,119
Wed Sep 18 10:42:07 2024,119
Wed Sep 18 10:43:07 2024,117
Wed Sep 18 10:44:08 2024,117
Wed Sep 18 10:45:08 2024,117
Wed Sep 18 10:46:07 2024,116
Wed Sep 18 10:47:07 2024,115
Wed Sep 18 10:48:07 2024,116
Wed Sep 18 10:49:08 2024,118
Wed Sep 18 10:50:09 2024,118
Wed Sep 18 10:51:07 2024,118
Wed Sep 18 10:52:07 2024,120
Wed Sep 18 10:53:09 2024,122
Wed Sep 18 10:54:07 2024,122
Wed Sep 18 10:55:08 2024,121
Wed Sep 18 10:56:07 2024,121
Wed Sep 18 10:57:07 2024,120
Wed Sep 18 10:58:07 2024,120
Wed Sep 18 10:59:07 2024,117
Wed Sep 18 11:00:25 2024,110
Wed Sep 18 11:01:07 2024,111
Wed Sep 18 11:02:07 2024,110
Wed Sep 18 11:03:07 2024,103
Wed Sep 18 11:04:07 2024,103
Wed Sep 18 11:05:07 2024,104
Wed Sep 18 11:06:08 2024,94
Wed Sep 18 11:07:08 2024,81
Wed Sep 18 11:08:08 2024,75
Wed Sep 18 11:09:10 2024,74
Wed Sep 18 11:10:09 2024,74
Wed Sep 18 11:11:08 2024,74
Wed Sep 18 11:12:08 2024,91
Wed Sep 18 11:13:07 2024,89
Wed Sep 18 11:14:08 2024,88
Wed Sep 18 11:15:08 2024,87
Wed Sep 18 11:16:08 2024,87
Wed Sep 18 11:17:08 2024,87
Wed Sep 18 11:18:08 2024,88
Wed Sep 18 11:19:08 2024,88
Wed Sep 18 11:20:09 2024,89
Wed Sep 18 11:21:08 2024,87
Wed Sep 18 11:22:08 2024,87
Wed Sep 18 11:23:08 2024,88
Wed Sep 18 11:24:07 2024,87
Wed Sep 18 11:25:08 2024,90
Wed Sep 18 11:26:08 2024,90
Wed Sep 18 11:27:08 2024,91
Wed Sep 18 11:28:07 2024,95
Wed Sep 18 11:29:07 2024,94
Wed Sep 18 11:30:08 2024,93
Wed Sep 18 11:31:08 2024,93
Wed Sep 18 11:32:08 2024,95
Wed Sep 18 11:33:08 2024,93
Wed Sep 18 11:34:08 2024,90
Wed Sep 18 11:35:09 2024,91
Wed Sep 18 11:36:08 2024,89
Wed Sep 18 11:37:08 2024,91
Wed Sep 18 11:38:09 2024,93
Wed Sep 18 11:39:08 2024,93
Wed Sep 18 11:40:10 2024,94
Wed Sep 18 11:41:08 2024,92
Wed Sep 18 11:42:08 2024,92
Wed Sep 18 11:43:08 2024,93
Wed Sep 18 11:44:08 2024,94
Wed Sep 18 11:45:08 2024,92
Wed Sep 18 11:46:08 2024,92
Wed Sep 18 11:47:09 2024,94
Wed Sep 18 11:48:08 2024,96
Wed Sep 18 11:49:08 2024,97
Wed Sep 18 11:51:18 2024,99
Wed Sep 18 11:52:08 2024,99
Wed Sep 18 11:53:08 2024,101
Wed Sep 18 11:54:07 2024,105
Wed Sep 18 11:55:07 2024,104
Wed Sep 18 11:56:08 2024,107
Wed Sep 18 11:57:07 2024,106
Wed Sep 18 11:58:08 2024,111
Wed Sep 18 11:59:08 2024,112
Wed Sep 18 12:00:07 2024,-
Wed Sep 18 12:01:07 2024,116
Wed Sep 18 12:02:07 2024,120
Wed Sep 18 12:03:07 2024,123
Wed Sep 18 12:04:07 2024,123
Wed Sep 18 12:17:28 2024,116
Wed Sep 18 12:18:08 2024,118
Wed Sep 18 12:32:14 2024,116
Wed Sep 18 12:35:26 2024,117
Wed Sep 18 12:42:33 2024,121
Wed Sep 18 12:43:55 2024,121
Wed Sep 18 12:44:07 2024,120
Wed Sep 18 12:50:28 2024,114
Wed Sep 18 12:51:50 2024,114
Wed Sep 18 12:52:10 2024,114
Wed Sep 18 12:53:07 2024,113
Wed Sep 18 12:54:08 2024,112
Wed Sep 18 12:55:08 2024,111
Wed Sep 18 12:56:07 2024,109
Wed Sep 18 12:57:08 2024,110
Wed Sep 18 12:58:08 2024,110
Wed Sep 18 12:59:07 2024,110
Wed Sep 18 13:00:08 2024,-
Wed Sep 18 13:01:08 2024,108
Wed Sep 18 13:02:08 2024,110
Wed Sep 18 13:03:08 2024,109
Wed Sep 18 13:04:08 2024,106
Wed Sep 18 13:05:07 2024,101
Wed Sep 18 13:06:08 2024,101
Wed Sep 18 13:07:07 2024,100
Wed Sep 18 13:08:08 2024,101
Wed Sep 18 13:09:08 2024,100
Wed Sep 18 13:10:08 2024,99
Wed Sep 18 13:11:08 2024,98
Wed Sep 18 13:12:08 2024,94
Wed Sep 18 13:13:07 2024,93
Wed Sep 18 13:14:10 2024,93
Wed Sep 18 13:50:26 2024,62
Wed Sep 18 13:51:08 2024,64
Wed Sep 18 13:52:08 2024,64
Wed Sep 18 13:53:07 2024,62
Wed Sep 18 13:54:08 2024,64
Wed Sep 18 13:55:08 2024,61
Wed Sep 18 13:56:07 2024,62
Wed Sep 18 13:57:11 2024,62
Wed Sep 18 13:58:07 2024,61
Wed Sep 18 13:59:07 2024,62
Wed Sep 18 14:00:07 2024,-
Wed Sep 18 14:01:07 2024,64
Wed Sep 18 14:02:07 2024,65
Wed Sep 18 14:03:07 2024,66
Wed Sep 18 14:04:07 2024,66
Wed Sep 18 14:05:07 2024,67
Wed Sep 18 14:06:07 2024,66
Wed Sep 18 14:07:07 2024,66
Wed Sep 18 14:08:07 2024,64
Wed Sep 18 14:09:07 2024,67
Wed Sep 18 14:10:07 2024,68
Wed Sep 18 14:11:07 2024,71
Wed Sep 18 14:12:07 2024,72
Wed Sep 18 14:13:07 2024,75
Wed Sep 18 14:14:07 2024,72
Wed Sep 18 14:15:08 2024,70
Wed Sep 18 14:16:07 2024,73
Wed Sep 18 14:17:07 2024,72
Wed Sep 18 14:18:07 2024,73
Wed Sep 18 14:19:07 2024,72
Wed Sep 18 14:20:09 2024,73
Wed Sep 18 14:21:07 2024,73
Wed Sep 18 14:22:07 2024,75
Wed Sep 18 14:23:08 2024,73
Wed Sep 18 14:24:07 2024,72
Wed Sep 18 14:25:09 2024,75
Wed Sep 18 14:26:07 2024,74
Wed Sep 18 14:27:07 2024,75
Wed Sep 18 14:28:07 2024,75
Wed Sep 18 14:29:07 2024,75
Wed Sep 18 14:30:07 2024,74
Wed Sep 18 14:31:07 2024,78
Wed Sep 18 14:32:07 2024,78
Wed Sep 18 14:33:08 2024,76
Wed Sep 18 14:34:07 2024,73
Wed Sep 18 14:35:07 2024,72
Wed Sep 18 14:36:07 2024,71
Wed Sep 18 14:37:08 2024,71
Wed Sep 18 14:38:07 2024,73
Wed Sep 18 14:51:58 2024,87
Wed Sep 18 14:52:09 2024,88
Wed Sep 18 14:53:07 2024,85
Wed Sep 18 14:54:07 2024,87
Wed Sep 18 14:55:09 2024,87
Wed Sep 18 14:56:07 2024,87
Wed Sep 18 14:57:07 2024,90
Wed Sep 18 14:58:07 2024,90
Wed Sep 18 14:59:07 2024,89
Wed Sep 18 15:00:08 2024,-
Wed Sep 18 15:01:07 2024,93
Wed Sep 18 15:02:07 2024,92
Wed Sep 18 15:03:07 2024,92
Wed Sep 18 15:04:07 2024,96
Wed Sep 18 15:05:07 2024,98
Wed Sep 18 15:06:07 2024,99
Wed Sep 18 15:07:07 2024,98
Wed Sep 18 15:08:07 2024,98
Wed Sep 18 15:09:07 2024,98
Wed Sep 18 15:10:09 2024,97
Wed Sep 18 15:11:07 2024,96
Wed Sep 18 15:12:07 2024,97
Wed Sep 18 15:13:07 2024,96
Wed Sep 18 15:14:07 2024,98
Wed Sep 18 15:15:07 2024,99
Wed Sep 18 15:16:07 2024,99
Wed Sep 18 15:17:07 2024,101
Wed Sep 18 15:18:07 2024,101
Wed Sep 18 15:19:07 2024,98
Wed Sep 18 15:20:07 2024,99
Wed Sep 18 15:21:07 2024,98
Wed Sep 18 15:22:07 2024,98
Wed Sep 18 15:23:08 2024,98
Wed Sep 18 15:24:07 2024,99
Wed Sep 18 15:25:07 2024,101
Wed Sep 18 15:26:07 2024,102
Wed Sep 18 15:27:07 2024,103
Wed Sep 18 15:28:08 2024,104
Wed Sep 18 15:29:07 2024,104
Wed Sep 18 15:30:07 2024,102
Wed Sep 18 15:31:07 2024,106
Wed Sep 18 15:32:07 2024,107
Wed Sep 18 15:33:09 2024,114
Wed Sep 18 15:34:08 2024,115
Wed Sep 18 15:35:07 2024,113
Wed Sep 18 15:36:07 2024,114
Wed Sep 18 15:37:07 2024,112
Wed Sep 18 15:38:07 2024,112
Wed Sep 18 15:39:08 2024,110
Wed Sep 18 15:40:07 2024,111
Wed Sep 18 15:41:07 2024,115
Wed Sep 18 15:42:07 2024,115
Wed Sep 18 15:43:07 2024,120
Wed Sep 18 15:44:07 2024,119
Wed Sep 18 15:45:07 2024,121
Wed Sep 18 15:46:07 2024,121
Wed Sep 18 15:47:07 2024,121
Wed Sep 18 16:14:26 2024,139
Wed Sep 18 16:56:15 2024,146
Wed Sep 18 16:57:10 2024,150
Wed Sep 18 16:58:09 2024,152
Wed Sep 18 16:59:08 2024,157
Wed Sep 18 17:00:08 2024,-
Wed Sep 18 17:01:09 2024,160
Wed Sep 18 17:02:08 2024,160
Wed Sep 18 17:03:08 2024,160
Wed Sep 18 17:04:09 2024,156
Wed Sep 18 17:05:09 2024,163
Wed Sep 18 17:06:08 2024,159
Wed Sep 18 17:07:09 2024,156
Wed Sep 18 17:08:09 2024,156
Wed Sep 18 17:09:09 2024,155
Wed Sep 18 17:10:10 2024,155
Wed Sep 18 17:11:10 2024,154
Wed Sep 18 17:12:23 2024,151
Wed Sep 18 17:13:18 2024,155
Wed Sep 18 17:14:15 2024,155
Wed Sep 18 17:15:19 2024,159
Wed Sep 18 17:16:10 2024,154
Wed Sep 18 17:17:10 2024,155
Wed Sep 18 17:18:11 2024,155
Wed Sep 18 17:19:12 2024,153
Wed Sep 18 17:20:13 2024,149
Wed Sep 18 17:21:08 2024,147
Wed Sep 18 17:22:08 2024,147
Wed Sep 18 17:23:10 2024,145
Wed Sep 18 17:24:09 2024,146
Wed Sep 18 17:25:09 2024,150
Wed Sep 18 17:26:09 2024,150
Wed Sep 18 17:27:08 2024,151
Wed Sep 18 17:28:08 2024,148
Wed Sep 18 17:29:09 2024,149
Wed Sep 18 17:30:10 2024,154
Wed Sep 18 17:31:09 2024,155
Wed Sep 18 17:32:09 2024,154
Wed Sep 18 17:33:09 2024,153
Wed Sep 18 17:34:10 2024,155
Wed Sep 18 17:35:09 2024,155
Wed Sep 18 17:36:10 2024,157
Wed Sep 18 17:37:10 2024,163
Wed Sep 18 17:38:10 2024,164
Wed Sep 18 17:39:10 2024,165
Wed Sep 18 17:40:09 2024,170
Wed Sep 18 17:41:11 2024,172
Wed Sep 18 17:42:15 2024,178
Wed Sep 18 17:43:08 2024,180
Wed Sep 18 17:44:09 2024,181
Wed Sep 18 17:45:09 2024,180
Wed Sep 18 17:46:08 2024,180
Wed Sep 18 17:47:09 2024,184
Wed Sep 18 17:48:09 2024,185
Wed Sep 18 17:49:09 2024,189
Wed Sep 18 17:50:11 2024,192
Wed Sep 18 17:51:09 2024,189
Wed Sep 18 17:52:09 2024,186
Wed Sep 18 17:53:09 2024,186
Wed Sep 18 17:54:09 2024,182
Wed Sep 18 17:55:09 2024,179
Wed Sep 18 17:56:09 2024,180
Wed Sep 18 17:57:09 2024,184
Wed Sep 18 17:58:10 2024,190
Wed Sep 18 17:59:09 2024,190
Wed Sep 18 18:00:09 2024,-
Wed Sep 18 18:01:09 2024,194
Wed Sep 18 18:02:08 2024,194
Wed Sep 18 18:03:08 2024,195
Wed Sep 18 18:04:09 2024,195
Wed Sep 18 18:05:09 2024,195
Wed Sep 18 18:06:08 2024,194
Wed Sep 18 18:07:08 2024,188
Wed Sep 18 18:08:09 2024,181
Wed Sep 18 18:09:09 2024,175
Wed Sep 18 18:10:09 2024,179
Wed Sep 18 18:11:08 2024,178
Wed Sep 18 18:12:08 2024,179
Wed Sep 18 18:13:10 2024,178
Wed Sep 18 18:14:47 2024,177
Wed Sep 18 18:15:11 2024,178
Wed Sep 18 18:16:12 2024,178
Wed Sep 18 18:17:13 2024,170
Wed Sep 18 18:18:09 2024,171
Wed Sep 18 18:19:09 2024,167
Wed Sep 18 18:20:09 2024,161
Wed Sep 18 18:21:08 2024,159
Wed Sep 18 18:22:10 2024,160
Wed Sep 18 18:23:08 2024,155
Wed Sep 18 18:24:09 2024,147
Wed Sep 18 18:25:10 2024,140
Wed Sep 18 18:26:09 2024,141
Wed Sep 18 18:27:08 2024,143
Wed Sep 18 18:28:09 2024,144
Wed Sep 18 18:29:09 2024,147
Wed Sep 18 18:30:10 2024,150
Wed Sep 18 18:31:09 2024,151
Wed Sep 18 20:57:16 2024,112
Wed Sep 18 22:08:09 2024,3
Wed Sep 18 22:09:09 2024,1
Wed Sep 18 22:10:10 2024,0
Wed Sep 18 22:11:09 2024,0
Wed Sep 18 22:12:09 2024,0
Wed Sep 18 22:13:08 2024,1
Wed Sep 18 22:14:09 2024,0
Wed Sep 18 22:15:08 2024,1
Wed Sep 18 22:16:08 2024,0
Wed Sep 18 22:17:09 2024,0
Wed Sep 18 22:18:10 2024,0
Wed Sep 18 22:19:09 2024,0
Wed Sep 18 22:20:09 2024,0
Wed Sep 18 22:21:09 2024,0
Wed Sep 18 22:22:09 2024,0
Wed Sep 18 22:23:09 2024,0
Wed Sep 18 22:24:09 2024,0
Wed Sep 18 22:25:09 2024,0
Wed Sep 18 22:26:08 2024,0
Wed Sep 18 22:27:08 2024,0
Wed Sep 18 22:28:09 2024,0
Wed Sep 18 22:29:09 2024,0
Wed Sep 18 22:30:09 2024,0
Wed Sep 18 22:31:09 2024,0
Wed Sep 18 22:32:08 2024,0
Wed Sep 18 22:33:08 2024,0
Wed Sep 18 22:34:08 2024,0
Wed Sep 18 22:35:08 2024,0
Wed Sep 18 22:36:09 2024,0
Wed Sep 18 22:37:09 2024,0
Wed Sep 18 22:38:08 2024,0
Wed Sep 18 22:39:09 2024,0
Wed Sep 18 22:40:10 2024,0
Wed Sep 18 22:41:09 2024,0
Wed Sep 18 22:42:09 2024,0
Wed Sep 18 22:43:08 2024,0
Wed Sep 18 22:44:09 2024,0
Wed Sep 18 22:45:09 2024,0
Wed Sep 18 22:46:09 2024,0
Wed Sep 18 22:47:09 2024,0
Wed Sep 18 22:48:09 2024,2
Wed Sep 18 22:49:09 2024,2
Wed Sep 18 22:50:09 2024,2
Wed Sep 18 22:51:09 2024,2
Wed Sep 18 22:52:09 2024,2
Wed Sep 18 22:53:08 2024,2
Wed Sep 18 22:54:09 2024,2
Wed Sep 18 22:55:07 2024,2
Wed Sep 18 22:56:09 2024,2
Wed Sep 18 22:57:09 2024,2
Wed Sep 18 22:58:09 2024,2
Wed Sep 18 22:59:10 2024,2
Wed Sep 18 23:00:09 2024,-
Wed Sep 18 23:01:09 2024,2
Wed Sep 18 23:02:09 2024,2
Wed Sep 18 23:03:09 2024,2
Wed Sep 18 23:04:09 2024,2
Wed Sep 18 23:05:09 2024,2
Wed Sep 18 23:06:09 2024,2
Wed Sep 18 23:07:09 2024,2
Wed Sep 18 23:08:10 2024,2
Wed Sep 18 23:09:09 2024,2
Wed Sep 18 23:10:10 2024,2
Wed Sep 18 23:11:09 2024,2
Wed Sep 18 23:12:09 2024,2
Wed Sep 18 23:13:09 2024,2
Wed Sep 18 23:14:09 2024,2
Wed Sep 18 23:15:09 2024,2
Wed Sep 18 23:16:09 2024,2
Wed Sep 18 23:17:09 2024,2
Wed Sep 18 23:18:09 2024,2
Wed Sep 18 23:19:09 2024,2
Wed Sep 18 23:20:11 2024,2
Wed Sep 18 23:21:09 2024,2
Wed Sep 18 23:22:09 2024,2
Wed Sep 18 23:23:09 2024,2
Wed Sep 18 23:24:09 2024,2
Wed Sep 18 23:25:10 2024,2
Wed Sep 18 23:26:09 2024,2
Wed Sep 18 23:27:09 2024,2
Wed Sep 18 23:28:09 2024,2
Wed Sep 18 23:29:09 2024,2
Wed Sep 18 23:30:09 2024,2
Wed Sep 18 23:31:09 2024,2
Wed Sep 18 23:32:09 2024,2
Wed Sep 18 23:33:09 2024,2
Wed Sep 18 23:34:10 2024,2
Wed Sep 18 23:35:09 2024,2
Wed Sep 18 23:36:09 2024,2
Wed Sep 18 23:37:09 2024,2
Wed Sep 18 23:38:09 2024,2
Wed Sep 18 23:39:10 2024,2
Wed Sep 18 23:40:09 2024,2
Wed Sep 18 23:41:09 2024,2
Wed Sep 18 23:42:09 2024,2
Wed Sep 18 23:43:09 2024,2
Wed Sep 18 23:44:15 2024,2
Wed Sep 18 23:45:09 2024,2
Wed Sep 18 23:46:10 2024,2
Wed Sep 18 23:47:09 2024,2
Wed Sep 18 23:48:09 2024,2
Wed Sep 18 23:49:10 2024,2
Wed Sep 18 23:50:09 2024,2
Wed Sep 18 23:51:09 2024,2
Wed Sep 18 23:52:10 2024,2
Wed Sep 18 23:53:10 2024,2
Wed Sep 18 23:54:07 2024,2
Wed Sep 18 23:55:09 2024,2
Wed Sep 18 23:56:09 2024,2
Wed Sep 18 23:57:14 2024,2
Wed Sep 18 23:58:10 2024,2
Wed Sep 18 23:59:09 2024,2
Thu Sep 19 00:00:09 2024,-
Thu Sep 19 00:01:09 2024,2
Thu Sep 19 00:02:09 2024,2
Thu Sep 19 00:03:09 2024,2
Thu Sep 19 00:04:09 2024,2
Thu Sep 19 00:05:08 2024,2
Thu Sep 19 00:06:09 2024,2
Thu Sep 19 00:07:08 2024,2
Thu Sep 19 00:08:10 2024,2
Thu Sep 19 00:09:10 2024,2
Thu Sep 19 00:10:10 2024,2
Thu Sep 19 00:11:09 2024,2
Thu Sep 19 00:12:09 2024,2
Thu Sep 19 00:13:09 2024,2
Thu Sep 19 00:14:08 2024,2
Thu Sep 19 00:15:11 2024,2
Thu Sep 19 00:16:08 2024,2
Thu Sep 19 00:17:07 2024,2
Thu Sep 19 00:18:09 2024,2
Thu Sep 19 00:19:08 2024,2
Thu Sep 19 00:20:09 2024,2
Thu Sep 19 00:21:09 2024,2
Thu Sep 19 00:22:09 2024,2
Thu Sep 19 00:23:08 2024,2
Thu Sep 19 00:24:08 2024,2
Thu Sep 19 00:25:09 2024,2
Thu Sep 19 00:26:08 2024,2
Thu Sep 19 00:27:09 2024,2
Thu Sep 19 00:28:09 2024,2
Thu Sep 19 00:29:10 2024,2
Thu Sep 19 00:30:10 2024,2
Thu Sep 19 00:31:10 2024,2
Thu Sep 19 00:32:08 2024,2
Thu Sep 19 00:33:09 2024,2
Thu Sep 19 00:34:10 2024,2
Thu Sep 19 00:35:11 2024,2
Thu Sep 19 00:36:09 2024,2
Thu Sep 19 00:37:09 2024,2
Thu Sep 19 00:38:09 2024,2
Thu Sep 19 00:39:09 2024,2
Thu Sep 19 00:40:09 2024,2
Thu Sep 19 00:41:09 2024,2
Thu Sep 19 00:42:09 2024,2
Thu Sep 19 00:43:10 2024,2
Thu Sep 19 00:44:09 2024,2
Thu Sep 19 00:45:10 2024,2
Thu Sep 19 00:46:09 2024,2
Thu Sep 19 00:47:08 2024,2
Thu Sep 19 00:48:09 2024,2
Thu Sep 19 00:49:09 2024,2
Thu Sep 19 00:50:10 2024,2
Thu Sep 19 00:51:09 2024,2
Thu Sep 19 00:52:09 2024,2
Thu Sep 19 00:53:09 2024,2
Thu Sep 19 00:54:09 2024,2
Thu Sep 19 00:55:09 2024,2
Thu Sep 19 00:56:09 2024,2
Thu Sep 19 00:57:08 2024,2
Thu Sep 19 00:58:09 2024,2
Thu Sep 19 00:59:09 2024,2
Thu Sep 19 01:00:08 2024,-
Thu Sep 19 01:01:09 2024,2
Thu Sep 19 01:02:09 2024,2
Thu Sep 19 01:03:08 2024,2
Thu Sep 19 01:04:08 2024,2
Thu Sep 19 01:05:08 2024,2
Thu Sep 19 01:06:09 2024,2
Thu Sep 19 01:07:08 2024,2
Thu Sep 19 01:08:09 2024,2
Thu Sep 19 01:09:08 2024,2
Thu Sep 19 01:10:10 2024,2
Thu Sep 19 01:11:09 2024,2
Thu Sep 19 01:12:09 2024,2
Thu Sep 19 01:13:09 2024,2
Thu Sep 19 01:14:09 2024,2
Thu Sep 19 01:15:11 2024,2
Thu Sep 19 01:16:09 2024,2
Thu Sep 19 01:17:10 2024,2
Thu Sep 19 01:18:09 2024,2
Thu Sep 19 01:19:09 2024,2
Thu Sep 19 01:20:09 2024,2
Thu Sep 19 01:21:09 2024,2
Thu Sep 19 01:22:09 2024,2
Thu Sep 19 01:23:09 2024,2
Thu Sep 19 01:24:09 2024,2
Thu Sep 19 01:25:09 2024,2
Thu Sep 19 01:26:08 2024,2
Thu Sep 19 01:27:09 2024,2
Thu Sep 19 01:28:10 2024,2
Thu Sep 19 01:29:09 2024,2
Thu Sep 19 01:30:08 2024,2
Thu Sep 19 01:31:12 2024,2
Thu Sep 19 01:32:09 2024,2
Thu Sep 19 01:33:09 2024,2
Thu Sep 19 01:34:09 2024,2
Thu Sep 19 01:35:09 2024,2
Thu Sep 19 01:36:08 2024,2
Thu Sep 19 01:37:08 2024,2
Thu Sep 19 01:38:09 2024,2
Thu Sep 19 01:39:08 2024,2
Thu Sep 19 01:40:09 2024,2
Thu Sep 19 01:41:09 2024,2
Thu Sep 19 01:42:09 2024,2
Thu Sep 19 01:43:08 2024,2
Thu Sep 19 01:44:08 2024,2
Thu Sep 19 01:45:11 2024,2
Thu Sep 19 01:46:09 2024,2
Thu Sep 19 01:47:09 2024,2
Thu Sep 19 01:48:10 2024,2
Thu Sep 19 01:49:09 2024,2
Thu Sep 19 01:50:11 2024,2
Thu Sep 19 01:51:10 2024,2
Thu Sep 19 04:08:42 2024,2
Thu Sep 19 06:27:44 2024,1
Thu Sep 19 09:11:11 2024,92
Thu Sep 19 09:12:11 2024,92
Thu Sep 19 09:13:09 2024,91
Thu Sep 19 09:14:09 2024,89
Thu Sep 19 09:15:09 2024,88
Thu Sep 19 09:16:10 2024,89
Thu Sep 19 09:17:11 2024,91
Thu Sep 19 09:18:11 2024,88
Thu Sep 19 09:19:10 2024,88
Thu Sep 19 09:20:10 2024,89
Thu Sep 19 09:21:10 2024,94
Thu Sep 19 09:22:11 2024,94
Thu Sep 19 09:23:11 2024,92
Thu Sep 19 09:24:10 2024,92
Thu Sep 19 09:25:11 2024,91
Thu Sep 19 09:26:11 2024,73
Thu Sep 19 09:27:11 2024,73
Thu Sep 19 09:28:15 2024,72
Thu Sep 19 09:29:11 2024,72
Thu Sep 19 09:30:13 2024,73
Thu Sep 19 09:31:15 2024,75
Thu Sep 19 09:32:14 2024,76
Thu Sep 19 09:33:10 2024,76
Thu Sep 19 09:34:08 2024,75
Thu Sep 19 09:35:12 2024,75
Thu Sep 19 09:36:10 2024,73
Thu Sep 19 09:37:09 2024,72
Thu Sep 19 09:38:09 2024,71
Thu Sep 19 09:39:09 2024,72
Thu Sep 19 09:40:09 2024,71
Thu Sep 19 09:41:09 2024,71
Thu Sep 19 09:42:09 2024,72
Thu Sep 19 09:43:10 2024,75
Thu Sep 19 09:44:11 2024,74
Thu Sep 19 09:45:10 2024,74
Thu Sep 19 09:46:09 2024,71
Thu Sep 19 09:47:09 2024,74
Thu Sep 19 09:48:10 2024,73
Thu Sep 19 09:49:10 2024,73
Thu Sep 19 09:50:09 2024,73
Thu Sep 19 09:51:09 2024,73
Thu Sep 19 09:52:09 2024,72
Thu Sep 19 09:53:09 2024,68
Thu Sep 19 09:54:09 2024,70
Thu Sep 19 09:55:11 2024,71
Thu Sep 19 09:56:09 2024,70
Thu Sep 19 09:57:09 2024,69
Thu Sep 19 09:58:09 2024,67
Thu Sep 19 09:59:09 2024,67
Thu Sep 19 10:00:12 2024,67
Thu Sep 19 10:01:10 2024,64
Thu Sep 19 10:02:09 2024,62
Thu Sep 19 10:03:09 2024,64
Thu Sep 19 10:04:09 2024,66
Thu Sep 19 10:05:09 2024,69
Thu Sep 19 10:06:08 2024,70
Thu Sep 19 10:07:09 2024,91
Thu Sep 19 10:08:09 2024,91
Thu Sep 19 10:09:09 2024,91
Thu Sep 19 10:10:10 2024,90
Thu Sep 19 10:11:09 2024,90
Thu Sep 19 10:12:10 2024,91
Thu Sep 19 10:13:10 2024,92
Thu Sep 19 10:14:09 2024,92
Thu Sep 19 10:15:09 2024,90
Thu Sep 19 10:16:09 2024,90
Thu Sep 19 10:17:09 2024,89
Thu Sep 19 10:18:09 2024,91
Thu Sep 19 10:19:09 2024,91
Thu Sep 19 10:20:09 2024,81
Thu Sep 19 10:21:09 2024,82
Thu Sep 19 10:22:09 2024,81
Thu Sep 19 10:23:09 2024,85
Thu Sep 19 10:24:09 2024,87
Thu Sep 19 10:25:09 2024,86
Thu Sep 19 10:26:09 2024,90
Thu Sep 19 10:27:09 2024,90
Thu Sep 19 10:28:09 2024,90
Thu Sep 19 10:29:09 2024,96
Thu Sep 19 10:30:09 2024,96
Thu Sep 19 10:31:09 2024,96
Thu Sep 19 10:32:12 2024,98
Thu Sep 19 10:33:09 2024,100
Thu Sep 19 10:34:09 2024,100
Thu Sep 19 10:35:09 2024,99
Thu Sep 19 10:36:09 2024,101
Thu Sep 19 10:37:09 2024,102
Thu Sep 19 10:38:09 2024,105
Thu Sep 19 10:39:09 2024,114
Thu Sep 19 10:40:09 2024,113
Thu Sep 19 10:41:09 2024,115
Thu Sep 19 10:42:10 2024,116
Thu Sep 19 10:43:09 2024,114
Thu Sep 19 10:44:08 2024,116
Thu Sep 19 10:45:11 2024,116
Thu Sep 19 10:46:09 2024,116
Thu Sep 19 10:47:09 2024,118
Thu Sep 19 10:48:08 2024,120
Thu Sep 19 10:49:09 2024,121
Thu Sep 19 10:50:09 2024,124
Thu Sep 19 10:51:09 2024,123
Thu Sep 19 10:52:09 2024,121
Thu Sep 19 10:53:09 2024,121
Thu Sep 19 10:54:08 2024,122
Thu Sep 19 10:55:09 2024,121
Thu Sep 19 10:56:09 2024,119
Thu Sep 19 10:57:09 2024,119
Thu Sep 19 10:58:09 2024,120
Thu Sep 19 10:59:09 2024,122
Thu Sep 19 11:00:09 2024,-
Thu Sep 19 11:01:09 2024,123
Thu Sep 19 11:02:10 2024,124
Thu Sep 19 11:03:09 2024,120
Thu Sep 19 11:04:09 2024,119
Thu Sep 19 11:05:09 2024,121
Thu Sep 19 11:06:09 2024,122
Thu Sep 19 11:07:10 2024,121
Thu Sep 19 11:08:08 2024,122
Thu Sep 19 11:09:12 2024,126
Thu Sep 19 11:10:09 2024,125
Thu Sep 19 11:11:09 2024,126
Thu Sep 19 11:12:08 2024,125
Thu Sep 19 11:13:10 2024,124
Thu Sep 19 11:14:09 2024,123
Thu Sep 19 11:15:11 2024,123
Thu Sep 19 11:16:08 2024,122
Thu Sep 19 11:17:09 2024,124
Thu Sep 19 11:18:09 2024,123
Thu Sep 19 11:19:10 2024,125
Thu Sep 19 11:20:10 2024,125
Thu Sep 19 11:21:07 2024,126
Thu Sep 19 11:22:09 2024,126
Thu Sep 19 11:23:09 2024,127
Thu Sep 19 11:24:08 2024,121
Thu Sep 19 11:25:10 2024,106
Thu Sep 19 11:26:09 2024,106
Thu Sep 19 11:27:10 2024,105
Thu Sep 19 11:28:09 2024,104
Thu Sep 19 11:29:09 2024,97
Thu Sep 19 11:30:09 2024,96
Thu Sep 19 11:31:09 2024,96
Thu Sep 19 11:32:09 2024,96
Thu Sep 19 11:33:09 2024,98
Thu Sep 19 11:34:09 2024,98
Thu Sep 19 11:35:09 2024,98
Thu Sep 19 11:36:09 2024,96
Thu Sep 19 11:37:09 2024,95
Thu Sep 19 11:38:08 2024,94
Thu Sep 19 11:39:10 2024,95
Thu Sep 19 11:40:09 2024,97
Thu Sep 19 11:41:09 2024,98
Thu Sep 19 11:43:05 2024,101
Thu Sep 19 11:44:58 2024,98
Thu Sep 19 11:45:50 2024,98
Thu Sep 19 11:47:02 2024,99
Thu Sep 19 11:49:01 2024,99
Thu Sep 19 11:50:52 2024,106
Thu Sep 19 11:51:51 2024,106
Thu Sep 19 11:52:55 2024,108
Thu Sep 19 11:53:43 2024,108
Thu Sep 19 11:54:09 2024,108
Thu Sep 19 11:55:06 2024,107
Thu Sep 19 11:56:09 2024,108
Thu Sep 19 11:57:09 2024,110
Thu Sep 19 11:58:09 2024,108
Thu Sep 19 11:59:09 2024,108
Thu Sep 19 12:00:09 2024,-
Thu Sep 19 12:01:09 2024,108
Thu Sep 19 12:02:09 2024,110
Thu Sep 19 12:03:09 2024,109
Thu Sep 19 12:04:09 2024,109
Thu Sep 19 12:05:10 2024,108
Thu Sep 19 12:06:09 2024,108
Thu Sep 19 12:07:09 2024,108
Thu Sep 19 12:08:09 2024,109
Thu Sep 19 12:09:09 2024,107
Thu Sep 19 12:10:09 2024,109
Thu Sep 19 12:11:09 2024,106
Thu Sep 19 12:12:09 2024,109
Thu Sep 19 12:13:09 2024,111
Thu Sep 19 12:14:11 2024,114
Thu Sep 19 12:15:10 2024,115
Thu Sep 19 12:16:08 2024,116
Thu Sep 19 12:17:09 2024,119
Thu Sep 19 12:18:07 2024,118
Thu Sep 19 12:19:09 2024,116
Thu Sep 19 12:20:11 2024,110
Thu Sep 19 12:21:09 2024,110
Thu Sep 19 12:22:09 2024,110
Thu Sep 19 12:23:08 2024,112
Thu Sep 19 12:24:10 2024,110
Thu Sep 19 12:25:09 2024,112
Thu Sep 19 12:26:09 2024,112
Thu Sep 19 12:27:09 2024,114
Thu Sep 19 12:28:09 2024,114
Thu Sep 19 12:29:09 2024,111
Thu Sep 19 12:30:09 2024,112
Thu Sep 19 12:31:09 2024,114
Thu Sep 19 12:32:09 2024,115
Thu Sep 19 12:33:08 2024,115
Thu Sep 19 12:34:09 2024,114
Thu Sep 19 12:35:09 2024,113
Thu Sep 19 12:36:09 2024,115
Thu Sep 19 12:37:09 2024,116
Thu Sep 19 12:38:09 2024,115
Thu Sep 19 12:39:09 2024,115
Thu Sep 19 12:40:09 2024,116
Thu Sep 19 12:41:09 2024,117
Thu Sep 19 12:42:09 2024,117
Thu Sep 19 12:43:09 2024,115
Thu Sep 19 12:44:09 2024,115
Thu Sep 19 12:45:09 2024,115
Thu Sep 19 12:46:10 2024,114
Thu Sep 19 12:47:09 2024,112
Thu Sep 19 12:48:09 2024,111
Thu Sep 19 12:49:09 2024,109
Thu Sep 19 12:50:10 2024,109
Thu Sep 19 12:51:07 2024,108
Thu Sep 19 12:52:09 2024,107
Thu Sep 19 12:53:09 2024,107
Thu Sep 19 12:54:09 2024,105
Thu Sep 19 12:55:09 2024,103
Thu Sep 19 12:56:07 2024,103
Thu Sep 19 12:57:09 2024,101
Thu Sep 19 12:58:10 2024,99
Thu Sep 19 12:59:09 2024,98
Thu Sep 19 13:00:11 2024,-
Thu Sep 19 13:01:09 2024,97
Thu Sep 19 13:02:09 2024,95
Thu Sep 19 13:03:09 2024,94
Thu Sep 19 13:04:09 2024,94
Thu Sep 19 13:05:09 2024,91
Thu Sep 19 13:06:09 2024,91
Thu Sep 19 13:07:10 2024,91
Thu Sep 19 13:08:09 2024,90
Thu Sep 19 13:09:08 2024,88
Thu Sep 19 13:10:08 2024,88
Thu Sep 19 13:11:09 2024,86
Thu Sep 19 13:12:08 2024,85
Thu Sep 19 13:13:09 2024,82
Thu Sep 19 13:14:09 2024,80
Thu Sep 19 13:15:10 2024,77
Thu Sep 19 13:16:08 2024,77
Thu Sep 19 13:17:09 2024,73
Thu Sep 19 13:18:09 2024,74
Thu Sep 19 13:19:09 2024,74
Thu Sep 19 13:20:11 2024,73
Thu Sep 19 13:21:07 2024,72
Thu Sep 19 13:22:09 2024,81
Thu Sep 19 13:23:10 2024,81
Thu Sep 19 13:24:09 2024,81
Thu Sep 19 13:25:09 2024,80
Thu Sep 19 13:26:09 2024,80
Thu Sep 19 13:27:09 2024,78
Thu Sep 19 13:28:09 2024,74
Thu Sep 19 13:29:12 2024,73
Thu Sep 19 13:30:12 2024,74
Thu Sep 19 13:31:10 2024,73
Thu Sep 19 13:32:12 2024,73
Thu Sep 19 13:33:09 2024,72
Thu Sep 19 13:34:11 2024,72
Thu Sep 19 13:35:10 2024,72
Thu Sep 19 13:36:10 2024,71
Thu Sep 19 13:37:13 2024,67
Thu Sep 19 13:38:09 2024,66
Thu Sep 19 13:39:09 2024,65
Thu Sep 19 13:40:10 2024,69
Thu Sep 19 13:41:09 2024,68
Thu Sep 19 13:42:09 2024,67
Thu Sep 19 13:43:10 2024,69
Thu Sep 19 13:44:09 2024,68
Thu Sep 19 13:45:09 2024,67
Thu Sep 19 13:46:09 2024,67
Thu Sep 19 13:47:09 2024,65
Thu Sep 19 13:48:09 2024,67
Thu Sep 19 13:49:09 2024,70
Thu Sep 19 13:50:09 2024,66
Thu Sep 19 13:51:09 2024,65
Thu Sep 19 13:52:09 2024,66
Thu Sep 19 13:53:09 2024,67
Thu Sep 19 13:54:09 2024,68
Thu Sep 19 13:55:09 2024,65
Thu Sep 19 13:56:09 2024,66
Thu Sep 19 13:57:09 2024,65
Thu Sep 19 13:58:09 2024,64
Thu Sep 19 13:59:10 2024,66
Thu Sep 19 14:00:09 2024,-
Thu Sep 19 14:01:09 2024,79
Thu Sep 19 14:02:10 2024,81
Thu Sep 19 14:03:08 2024,84
Thu Sep 19 14:04:09 2024,85
Thu Sep 19 14:05:08 2024,85
Thu Sep 19 14:06:09 2024,86
Thu Sep 19 14:07:09 2024,85
Thu Sep 19 14:08:09 2024,87
Thu Sep 19 14:09:09 2024,90
Thu Sep 19 14:10:08 2024,90
Thu Sep 19 14:11:09 2024,92
Thu Sep 19 14:12:09 2024,91
Thu Sep 19 14:13:09 2024,102
Thu Sep 19 14:14:09 2024,104
Thu Sep 19 14:15:09 2024,104
Thu Sep 19 14:16:10 2024,104
Thu Sep 19 14:17:09 2024,104
Thu Sep 19 14:18:09 2024,104
Thu Sep 19 14:19:07 2024,104
Thu Sep 19 14:20:09 2024,104
Thu Sep 19 14:21:09 2024,105
Thu Sep 19 14:22:09 2024,103
Thu Sep 19 14:23:12 2024,105
Thu Sep 19 14:24:09 2024,105
Thu Sep 19 14:25:09 2024,104
Thu Sep 19 14:26:09 2024,105
Thu Sep 19 14:27:10 2024,107
Thu Sep 19 14:28:09 2024,109
Thu Sep 19 14:29:09 2024,108
Thu Sep 19 14:30:09 2024,109
Thu Sep 19 14:31:09 2024,110
Thu Sep 19 14:32:09 2024,110
Thu Sep 19 14:33:08 2024,109
Thu Sep 19 14:34:10 2024,110
Thu Sep 19 14:35:08 2024,106
Thu Sep 19 14:36:09 2024,102
Thu Sep 19 14:37:09 2024,102
Thu Sep 19 14:38:09 2024,99
Thu Sep 19 14:39:21 2024,100
Thu Sep 19 14:40:09 2024,99
Thu Sep 19 14:41:09 2024,100
Thu Sep 19 14:42:09 2024,99
Thu Sep 19 14:43:09 2024,98
Thu Sep 19 14:44:09 2024,100
Thu Sep 19 14:45:09 2024,101
Thu Sep 19 14:46:09 2024,101
Thu Sep 19 14:47:09 2024,100
Thu Sep 19 14:48:09 2024,103
Thu Sep 19 14:49:09 2024,102
Thu Sep 19 14:50:11 2024,106
Thu Sep 19 14:51:09 2024,105
Thu Sep 19 14:52:33 2024,101
Thu Sep 19 14:53:09 2024,101
Thu Sep 19 14:54:09 2024,108
Thu Sep 19 14:55:09 2024,97
